country,year,iso_code,population,gdp,renewables_electricity,renewables_share_elec,renewables_consumption,renewables_share_energy,solar_electricity,solar_share_elec,wind_electricity,wind_share_elec,hydro_electricity,hydro_share_elec
Afghanistan,2000,AFG,20130334.0,11283794151.0,0.31,64.583,,,0.0,0.0,0.0,0.0,0.31,64.583
Afghanistan,2001,AFG,20284303.0,11021272927.0,0.5,72.464,,,0.0,0.0,0.0,0.0,0.5,72.464
Afghanistan,2002,AFG,21378123.0,18804871508.0,0.56,78.873,,,0.0,0.0,0.0,0.0,0.56,78.873
Afghanistan,2003,AFG,22733053.0,21074343420.0,0.63,69.231,,,0.0,0.0,0.0,0.0,0.63,69.231
Afghanistan,2004,AFG,23560656.0,22332570533.0,0.56,70.886,,,0.0,0.0,0.0,0.0,0.56,70.886
Afghanistan,2005,AFG,24404575.0,25397686814.0,0.59,71.951,,,0.0,0.0,0.0,0.0,0.59,71.951
Afghanistan,2006,AFG,25424100.0,28704399925.0,0.64,71.111,,,0.0,0.0,0.0,0.0,0.64,71.111
Afghanistan,2007,AFG,25909852.0,34507529735.0,0.75,74.257,,,0.0,0.0,0.0,0.0,0.75,74.257
Afghanistan,2008,AFG,26482631.0,36561043230.0,0.54,69.231,,,0.0,0.0,0.0,0.0,0.54,69.231
Afghanistan,2009,AFG,27466102.0,44358722212.0,0.78,87.64,,,0.0,0.0,0.0,0.0,0.78,87.64
Afghanistan,2010,AFG,28284088.0,47399425562.0,0.75,85.227,,,0.0,0.0,0.0,0.0,0.75,85.227
Afghanistan,2011,AFG,29347708.0,53326336000.0,0.6,77.922,,,0.0,0.0,0.0,0.0,0.6,77.922
Afghanistan,2012,AFG,30560036.0,59166900000.0,0.74,84.091,,,0.03,3.409,0.0,0.0,0.71,80.682
Afghanistan,2013,AFG,31622709.0,62993700000.0,0.89,80.18,,,0.03,2.703,0.0,0.0,0.86,77.477
Afghanistan,2014,AFG,32792528.0,64346106000.0,1.0,86.207,,,0.03,2.586,0.0,0.0,0.97,83.621
Afghanistan,2015,AFG,33831767.0,62783392000.0,1.03,87.288,,,0.03,2.542,0.0,0.0,1.0,84.746
Afghanistan,2016,AFG,34700613.0,64372217488.0,1.06,87.603,,,0.04,3.306,0.0,0.0,1.02,84.298
Afghanistan,2017,AFG,35688941.0,65169281649.0,1.09,86.508,,,0.04,3.175,0.0,0.0,1.05,83.333
Afghanistan,2018,AFG,36743040.0,65996738862.0,0.97,82.906,,,0.04,3.419,0.0,0.0,0.93,79.487
Afghanistan,2019,AFG,37856125.0,73085701943.0,1.28,87.671,,,0.06,4.11,0.0,0.0,1.22,83.562
Afghanistan,2020,AFG,39068977.0,71417706295.0,1.06,89.831,,,0.07,5.932,0.0,0.0,0.99,83.898
Afghanistan,2021,AFG,40000410.0,56638852656.0,0.93,87.736,,,0.08,7.547,0.0,0.0,0.85,80.189
Afghanistan,2022,AFG,40578847.0,53303471617.0,0.83,86.458,,,0.09,9.375,0.0,0.0,0.74,77.083
Afghanistan,2023,AFG,41454762.0,,0.84,86.598,,,0.09,9.278,0.0,0.0,0.75,77.32
Albania,2000,ALB,3166147.0,14736835655.0,4.55,96.195,,,0.0,0.0,0.0,0.0,4.55,96.195
Albania,2001,ALB,3147943.0,16103903904.0,3.52,95.393,,,0.0,0.0,0.0,0.0,3.52,95.393
Albania,2002,ALB,3134095.0,17037279441.0,3.48,93.801,,,0.0,0.0,0.0,0.0,3.48,93.801
Albania,2003,ALB,3118093.0,18171076149.0,5.12,97.897,,,0.0,0.0,0.0,0.0,5.12,97.897
Albania,2004,ALB,3098662.0,19346601376.0,5.41,97.477,,,0.0,0.0,0.0,0.0,5.41,97.477
Albania,2005,ALB,3076156.0,20562850324.0,5.32,98.701,,,0.0,0.0,0.0,0.0,5.32,98.701
Albania,2006,ALB,3050805.0,21889974405.0,4.95,98.214,,,0.0,0.0,0.0,0.0,4.95,98.214
Albania,2007,ALB,3022887.0,23259283502.0,2.76,97.527,,,0.0,0.0,0.0,0.0,2.76,97.527
Albania,2008,ALB,2992933.0,25006230217.0,3.76,100.0,,,0.0,0.0,0.0,0.0,3.76,100.0
Albania,2009,ALB,2961487.0,25821550979.0,5.2,100.0,,,0.0,0.0,0.0,0.0,5.2,100.0
Albania,2010,ALB,2928731.0,26747818608.0,7.57,100.0,,,0.0,0.0,0.0,0.0,7.57,100.0
Albania,2011,ALB,2911499.0,27431048326.0,4.13,98.568,,,0.0,0.0,0.0,0.0,4.13,98.568
Albania,2012,ALB,2910003.0,27819814441.0,4.72,100.0,,,0.0,0.0,0.0,0.0,4.72,100.0
Albania,2013,ALB,2907571.0,28098562696.0,6.96,100.0,,,0.0,0.0,0.0,0.0,6.96,100.0
Albania,2014,ALB,2903748.0,28597169040.0,4.72,100.0,,,0.0,0.0,0.0,0.0,4.72,100.0
Albania,2015,ALB,2898634.0,29231663899.0,5.89,100.0,,,0.0,0.0,0.0,0.0,5.89,100.0
Albania,2016,ALB,2897868.0,30200694449.0,7.78,100.0,,,0.0,0.0,0.0,0.0,7.78,100.0
Albania,2017,ALB,2898245.0,31348975722.0,4.53,100.0,,,0.0,0.0,0.0,0.0,4.53,100.0
Albania,2018,ALB,2894229.0,32609000823.0,8.55,100.0,,,0.0,0.0,0.0,0.0,8.55,100.0
Albania,2019,ALB,2885011.0,33289747424.0,5.2,100.0,,,0.02,0.385,0.0,0.0,5.18,99.615
Albania,2020,ALB,2871950.0,32130726850.0,5.31,100.0,,,0.03,0.565,0.0,0.0,5.28,99.435
Albania,2021,ALB,2849641.0,34866976278.0,8.94,100.0,,,0.04,0.447,0.0,0.0,8.9,99.553
Albania,2022,ALB,2827614.0,36171005594.0,6.97,100.0,,,0.16,2.296,0.0,0.0,6.81,97.704
Albania,2023,ALB,2811660.0,,9.01,100.0,,,0.3,3.33,0.0,0.0,8.71,96.67
Algeria,2000,DZA,30903894.0,208554150552.0,0.05,0.197,0.15,0.05,0.0,0.0,0.0,0.0,0.05,0.197
Algeria,2001,DZA,31331226.0,223420294027.0,0.07,0.263,0.191,0.061,0.0,0.0,0.0,0.0,0.07,0.263
Algeria,2002,DZA,31750832.0,245360923720.0,0.06,0.217,0.156,0.049,0.0,0.0,0.0,0.0,0.06,0.217
Algeria,2003,DZA,32175813.0,273568638765.0,0.26,0.879,0.722,0.214,0.0,0.0,0.0,0.0,0.26,0.879
Algeria,2004,DZA,32628286.0,296773569597.0,0.25,0.8,0.68,0.194,0.0,0.0,0.0,0.0,0.25,0.8
Algeria,2005,DZA,33109258.0,326854481030.0,0.55,1.622,1.493,0.408,0.0,0.0,0.0,0.0,0.55,1.622
Algeria,2006,DZA,33623505.0,345705309468.0,0.22,0.624,0.582,0.153,0.0,0.0,0.0,0.0,0.22,0.624
Algeria,2007,DZA,34189420.0,371665260161.0,0.22,0.592,0.601,0.15,0.0,0.0,0.0,0.0,0.22,0.592
Algeria,2008,DZA,34816963.0,395658515586.0,0.28,0.696,0.747,0.176,0.0,0.0,0.0,0.0,0.28,0.696
Algeria,2009,DZA,35490442.0,418247711085.0,0.3,0.779,0.898,0.2,0.0,0.0,0.0,0.0,0.3,0.779
Algeria,2010,DZA,36188237.0,450705801593.0,0.17,0.372,0.474,0.108,0.0,0.0,0.0,0.0,0.17,0.372
Algeria,2011,DZA,36903374.0,482028679734.0,0.5,0.976,1.026,0.221,0.0,0.0,0.0,0.0,0.5,0.976
Algeria,2012,DZA,37646165.0,498417638719.0,0.62,1.08,1.071,0.211,0.0,0.0,0.0,0.0,0.62,1.08
Algeria,2013,DZA,38414176.0,512373332647.0,0.33,0.551,0.326,0.061,0.0,0.0,0.0,0.0,0.33,0.551
Algeria,2014,DZA,39205035.0,531843509827.0,0.25,0.389,0.646,0.11,0.0,0.0,0.0,0.0,0.25,0.389
Algeria,2015,DZA,40019528.0,551521739825.0,0.22,0.32,0.562,0.091,0.06,0.087,0.02,0.029,0.14,0.203
Algeria,2016,DZA,40850719.0,569170418715.0,0.34,0.479,0.844,0.137,0.09,0.127,0.03,0.042,0.22,0.31
Algeria,2017,DZA,41689302.0,577138830559.0,0.64,0.841,1.447,0.232,0.57,0.749,0.01,0.013,0.06,0.079
Algeria,2018,DZA,42505033.0,584064441740.0,0.82,1.068,1.816,0.271,0.69,0.899,0.01,0.013,0.12,0.156
Algeria,2019,DZA,43294551.0,589905104177.0,0.87,1.066,1.923,0.277,0.71,0.87,0.01,0.012,0.15,0.184
Algeria,2020,DZA,44042094.0,559819958223.0,0.88,1.109,1.833,0.283,0.82,1.033,0.01,0.013,0.05,0.063
Algeria,2021,DZA,44761099.0,578853830170.0,0.81,0.946,1.684,0.238,0.79,0.923,0.01,0.012,0.01,0.012
Algeria,2022,DZA,45477391.0,595820067103.0,0.86,0.94,1.673,0.228,0.83,0.907,0.01,0.011,0.02,0.022
Algeria,2023,DZA,46164222.0,,0.91,0.945,1.778,0.227,0.87,0.903,0.02,0.021,0.02,0.021
American Samoa,2000,ASM,56877.0,,0.0,0.0,,,0.0,0.0,0.0,0.0,0.0,0.0
American Samoa,2001,ASM,57072.0,,0.0,0.0,,,0.0,0.0,0.0,0.0,0.0,0.0
American Samoa,2002,ASM,57081.0,,0.0,0.0,,,0.0,0.0,0.0,0.0,0.0,0.0
American Samoa,2003,ASM,56988.0,,0.0,0.0,,,0.0,0.0,0.0,0.0,0.0,0.0
American Samoa,2004,ASM,56841.0,,0.0,0.0,,,0.0,0.0,0.0,0.0,0.0,0.0
American Samoa,2005,ASM,56638.0,,0.0,0.0,,,0.0,0.0,0.0,0.0,0.0,0.0
American Samoa,2006,ASM,56391.0,,0.0,0.0,,,0.0,0.0,0.0,0.0,0.0,0.0
American Samoa,2007,ASM,56134.0,,0.0,0.0,,,0.0,0.0,0.0,0.0,0.0,0.0
American Samoa,2008,ASM,55848.0,,0.0,0.0,,,0.0,0.0,0.0,0.0,0.0,0.0
American Samoa,2009,ASM,55542.0,,0.0,0.0,,,0.0,0.0,0.0,0.0,0.0,0.0
American Samoa,2010,ASM,55246.0,,0.0,0.0,,,0.0,0.0,0.0,0.0,0.0,0.0
American Samoa,2011,ASM,54917.0,,0.0,0.0,,,0.0,0.0,0.0,0.0,0.0,0.0
American Samoa,2012,ASM,54506.0,,0.0,0.0,,,0.0,0.0,0.0,0.0,0.0,0.0
American Samoa,2013,ASM,54026.0,,0.0,0.0,,,0.0,0.0,0.0,0.0,0.0,0.0
American Samoa,2014,ASM,53489.0,,0.0,0.0,,,0.0,0.0,0.0,0.0,0.0,0.0
American Samoa,2015,ASM,52896.0,,0.0,0.0,,,0.0,0.0,0.0,0.0,0.0,0.0
American Samoa,2016,ASM,52260.0,,0.0,0.0,,,0.0,0.0,0.0,0.0,0.0,0.0
American Samoa,2017,ASM,51605.0,,0.0,0.0,,,0.0,0.0,0.0,0.0,0.0,0.0
American Samoa,2018,ASM,50927.0,,0.0,0.0,,,0.0,0.0,0.0,0.0,0.0,0.0
American Samoa,2019,ASM,50230.0,,0.0,0.0,,,0.0,0.0,0.0,0.0,0.0,0.0
American Samoa,2020,ASM,49779.0,,0.0,0.0,,,0.0,0.0,0.0,0.0,0.0,0.0
American Samoa,2021,ASM,49249.0,,0.0,0.0,,,0.0,0.0,0.0,0.0,0.0,0.0
American Samoa,2022,ASM,48365.0,,0.01,5.556,,,0.01,5.556,0.0,0.0,0.0,0.0
American Samoa,2023,ASM,47544.0,,0.0,0.0,,,0.0,0.0,0.0,0.0,0.0,0.0
Angola,2000,AGO,16194873.0,23512184116.0,0.91,63.194,,,0.0,0.0,0.0,0.0,0.91,63.194
Angola,2001,AGO,16747204.0,26015021059.0,1.02,62.195,,,0.0,0.0,0.0,0.0,1.02,62.195
Angola,2002,AGO,17327701.0,31389808151.0,1.14,64.773,,,0.0,0.0,0.0,0.0,1.14,64.773
Angola,2003,AGO,17943718.0,35081368421.0,1.24,62.312,,,0.0,0.0,0.0,0.0,1.24,62.312
Angola,2004,AGO,18600426.0,41307235678.0,1.75,78.125,,,0.0,0.0,0.0,0.0,1.75,78.125
Angola,2005,AGO,19291160.0,51967661783.0,2.22,84.411,,,0.0,0.0,0.0,0.0,2.22,84.411
Angola,2006,AGO,20015281.0,66749579296.0,2.54,85.235,,,0.0,0.0,0.0,0.0,2.54,85.235
Angola,2007,AGO,20778570.0,87086353818.0,2.49,76.852,,,0.0,0.0,0.0,0.0,2.49,76.852
Angola,2008,AGO,21578656.0,105593132748.0,3.15,77.778,,,0.0,0.0,0.0,0.0,3.15,77.778
Angola,2009,AGO,22414775.0,115247846475.0,3.27,66.599,,,0.0,0.0,0.0,0.0,3.27,66.599
Angola,2010,AGO,23294822.0,126984175354.0,3.71,67.949,,,0.01,0.183,0.0,0.0,3.7,67.766
Angola,2011,AGO,24218358.0,140477268750.0,4.02,71.025,,,0.01,0.177,0.0,0.0,4.01,70.848
Angola,2012,AGO,25177398.0,152476849129.0,5.48,70.984,,,0.01,0.13,0.0,0.0,5.47,70.855
Angola,2013,AGO,26165616.0,160032073258.0,4.73,58.037,,,0.01,0.123,0.0,0.0,4.72,57.914
Angola,2014,AGO,27160767.0,167750415635.0,5.05,52.824,,,0.02,0.209,0.0,0.0,4.99,52.197
Angola,2015,AGO,28157802.0,169333972139.0,5.34,54.601,,,0.02,0.204,0.0,0.0,5.28,53.988
Angola,2016,AGO,29183072.0,164965166058.0,6.43,58.561,,,0.02,0.182,0.0,0.0,6.36,57.924
Angola,2017,AGO,30234836.0,164717711409.0,7.72,71.415,,,0.02,0.185,0.0,0.0,7.65,70.768
Angola,2018,AGO,31297160.0,162550037080.0,10.44,79.452,,,0.02,0.152,0.0,0.0,10.37,78.919
Angola,2019,AGO,32375633.0,161408924528.0,11.58,73.198,,,0.02,0.126,0.0,0.0,11.51,72.756
Angola,2020,AGO,33451139.0,152308692850.0,12.71,75.61,,,0.02,0.119,0.0,0.0,12.64,75.193
Angola,2021,AGO,34532427.0,153971902307.0,12.71,75.43,,,0.02,0.119,0.0,0.0,12.64,75.015
Angola,2022,AGO,35635028.0,158346237030.0,13.08,75.563,,,0.39,2.253,0.0,0.0,12.64,73.021
Angola,2023,AGO,36749909.0,,13.71,76.421,,,0.39,2.174,0.0,0.0,13.27,73.969
Antigua and Barbuda,2000,ATG,74929.0,,0.0,0.0,,,0.0,0.0,0.0,0.0,0.0,0.0
Antigua and Barbuda,2001,ATG,76082.0,,0.0,0.0,,,0.0,0.0,0.0,0.0,0.0,0.0
Antigua and Barbuda,2002,ATG,77049.0,,0.0,0.0,,,0.0,0.0,0.0,0.0,0.0,0.0
Antigua and Barbuda,2003,ATG,77896.0,,0.0,0.0,,,0.0,0.0,0.0,0.0,0.0,0.0
Antigua and Barbuda,2004,ATG,78734.0,,0.0,0.0,,,0.0,0.0,0.0,0.0,0.0,0.0
Antigua and Barbuda,2005,ATG,79628.0,,0.0,0.0,,,0.0,0.0,0.0,0.0,0.0,0.0
Antigua and Barbuda,2006,ATG,80619.0,,0.0,0.0,,,0.0,0.0,0.0,0.0,0.0,0.0
Antigua and Barbuda,2007,ATG,81716.0,,0.0,0.0,,,0.0,0.0,0.0,0.0,0.0,0.0
Antigua and Barbuda,2008,ATG,82926.0,,0.0,0.0,,,0.0,0.0,0.0,0.0,0.0,0.0
Antigua and Barbuda,2009,ATG,84193.0,,0.0,0.0,,,0.0,0.0,0.0,0.0,0.0,0.0
Antigua and Barbuda,2010,ATG,85337.0,,0.0,0.0,,,0.0,0.0,0.0,0.0,0.0,0.0
Antigua and Barbuda,2011,ATG,86350.0,,0.0,0.0,,,0.0,0.0,0.0,0.0,0.0,0.0
Antigua and Barbuda,2012,ATG,87275.0,,0.0,0.0,,,0.0,0.0,0.0,0.0,0.0,0.0
Antigua and Barbuda,2013,ATG,88074.0,,0.0,0.0,,,0.0,0.0,0.0,0.0,0.0,0.0
Antigua and Barbuda,2014,ATG,88784.0,,0.0,0.0,,,0.0,0.0,0.0,0.0,0.0,0.0
Antigua and Barbuda,2015,ATG,89421.0,,0.01,2.857,,,0.01,2.857,0.0,0.0,0.0,0.0
Antigua and Barbuda,2016,ATG,89980.0,,0.0,0.0,,,0.0,0.0,0.0,0.0,0.0,0.0
Antigua and Barbuda,2017,ATG,90483.0,,0.01,2.857,,,0.01,2.857,0.0,0.0,0.0,0.0
Antigua and Barbuda,2018,ATG,90942.0,,0.01,2.778,,,0.01,2.778,0.0,0.0,0.0,0.0
Antigua and Barbuda,2019,ATG,91377.0,,0.01,2.778,,,0.01,2.778,0.0,0.0,0.0,0.0
Antigua and Barbuda,2020,ATG,91864.0,,0.02,5.714,,,0.02,5.714,0.0,0.0,0.0,0.0
Antigua and Barbuda,2021,ATG,92358.0,,0.02,5.714,,,0.02,5.714,0.0,0.0,0.0,0.0
Antigua and Barbuda,2022,ATG,92850.0,,0.02,5.556,,,0.02,5.556,0.0,0.0,0.0,0.0
Antigua and Barbuda,2023,ATG,93331.0,,0.02,5.556,,,0.02,5.556,0.0,0.0,0.0,0.0
Argentina,2000,ARG,37213986.0,536480965694.0,29.0,32.592,80.679,11.557,0.0,0.0,0.03,0.034,28.58,32.12
Argentina,2001,ARG,37624817.0,514867255248.0,36.99,41.036,102.321,15.036,0.0,0.0,0.05,0.055,36.58,40.581
Argentina,2002,ARG,38029345.0,460558541367.0,36.38,43.007,99.882,15.335,0.0,0.0,0.07,0.083,35.78,42.298
Argentina,2003,ARG,38424283.0,503104157615.0,34.76,37.754,95.064,13.613,0.0,0.0,0.08,0.087,33.8,36.711
Argentina,2004,ARG,38815915.0,550306327169.0,31.4,31.319,85.461,11.465,0.0,0.0,0.07,0.07,30.46,30.381
Argentina,2005,ARG,39216786.0,601050418142.0,35.21,33.296,95.036,12.032,0.0,0.0,0.07,0.066,34.22,32.359
Argentina,2006,ARG,39622113.0,652296814311.0,39.14,34.506,105.101,12.678,0.0,0.0,0.07,0.062,38.02,33.518
Argentina,2007,ARG,40016767.0,714725198062.0,32.35,28.497,86.543,10.024,0.0,0.0,0.06,0.053,31.22,27.502
Argentina,2008,ARG,40424151.0,747157417513.0,32.45,26.618,86.201,9.872,0.0,0.0,0.04,0.033,31.2,25.593
Argentina,2009,ARG,40854832.0,705920838368.0,35.85,29.308,94.674,11.193,0.0,0.0,0.04,0.033,34.62,28.303
Argentina,2010,ARG,41288694.0,785785170150.0,34.77,27.595,97.169,11.092,0.0,0.0,0.03,0.024,33.36,26.476
Argentina,2011,ARG,41730655.0,837742673804.0,32.61,25.183,93.884,10.412,0.0,0.0,0.03,0.023,31.19,24.087
Argentina,2012,ARG,42161718.0,829147409948.0,30.99,22.783,91.078,9.701,0.01,0.007,0.37,0.272,29.16,21.438
Argentina,2013,ARG,42582453.0,849088398588.0,34.77,24.934,101.686,10.134,0.02,0.014,0.45,0.323,32.77,23.499
Argentina,2014,ARG,43024071.0,827750786191.0,34.54,24.931,102.627,10.396,0.02,0.014,0.62,0.448,32.42,23.401
Argentina,2015,ARG,43477011.0,850356641236.0,34.43,23.676,103.185,10.275,0.01,0.007,0.59,0.406,32.34,22.239
Argentina,2016,ARG,43900312.0,832669278245.0,31.49,21.396,95.882,9.586,0.01,0.007,0.55,0.374,29.75,20.213
Argentina,2017,ARG,44288898.0,856142153676.0,33.68,23.13,103.551,10.445,0.02,0.014,0.61,0.419,31.59,21.695
Argentina,2018,ARG,44654876.0,833736983405.0,35.22,23.995,106.101,10.824,0.11,0.075,1.41,0.961,32.28,21.992
Argentina,2019,ARG,44973469.0,817053926667.0,34.78,24.927,105.008,11.417,0.8,0.573,5.0,3.583,27.5,19.709
Argentina,2020,ARG,45191960.0,735814250460.0,36.62,25.318,101.519,11.833,1.34,0.926,9.41,6.506,23.67,16.365
Argentina,2021,ARG,45312282.0,812324184006.0,37.04,24.185,103.147,10.947,2.2,1.437,12.94,8.449,19.65,12.831
Argentina,2022,ARG,45407904.0,854914363923.0,42.27,29.03,119.466,12.01,2.94,2.019,14.16,9.725,22.77,15.638
Argentina,2023,ARG,45538402.0,,51.65,34.767,140.409,14.1,3.28,2.208,14.48,9.747,31.49,21.197
Argentina,2024,ARG,45696153.0,,52.44,34.385,144.333,14.803,3.97,2.603,16.17,10.603,29.67,19.454
Armenia,2000,ARM,3125630.0,15244825874.0,1.25,21.626,,,0.0,0.0,0.0,0.0,1.25,21.626
Armenia,2001,ARM,3084350.0,16184137401.0,0.96,16.725,,,0.0,0.0,0.0,0.0,0.96,16.725
Armenia,2002,ARM,3055636.0,18018113990.0,1.64,30.885,,,0.0,0.0,0.0,0.0,1.64,30.885
Armenia,2003,ARM,3038976.0,19928773567.0,1.96,36.981,,,0.0,0.0,0.0,0.0,1.96,36.981
Armenia,2004,ARM,3022544.0,21350959248.0,1.98,34.197,,,0.0,0.0,0.0,0.0,1.98,34.197
Armenia,2005,ARM,3006360.0,23626538545.0,1.75,28.783,,,0.0,0.0,0.0,0.0,1.75,28.783
Armenia,2006,ARM,2990371.0,25937834265.0,1.81,31.699,,,0.0,0.0,0.0,0.0,1.81,31.699
Armenia,2007,ARM,2974825.0,28610365796.0,1.83,32.275,,,0.0,0.0,0.0,0.0,1.83,32.275
Armenia,2008,ARM,2959996.0,29672467967.0,1.78,30.169,,,0.0,0.0,0.0,0.0,1.78,30.169
Armenia,2009,ARM,2945518.0,24704739187.0,2.0,36.765,,,0.0,0.0,0.0,0.0,2.0,36.765
Armenia,2010,ARM,2931083.0,24485670654.0,2.54,40.51,,,0.0,0.0,0.01,0.159,2.53,40.351
Armenia,2011,ARM,2923269.0,24860520809.0,2.46,34.119,,,0.0,0.0,0.0,0.0,2.46,34.119
Armenia,2012,ARM,2922529.0,26634064691.0,2.3,29.412,,,0.0,0.0,0.0,0.0,2.3,29.412
Armenia,2013,ARM,2922526.0,27542825799.0,2.15,28.705,,,0.0,0.0,0.0,0.0,2.15,28.705
Armenia,2014,ARM,2922433.0,28536291283.0,1.97,26.162,,,0.0,0.0,0.0,0.0,1.97,26.162
Armenia,2015,ARM,2921179.0,29464863299.0,2.18,28.874,,,0.0,0.0,0.0,0.0,2.18,28.874
Armenia,2016,ARM,2918796.0,29522321034.0,2.33,32.817,,,0.0,0.0,0.0,0.0,2.33,32.817
Armenia,2017,ARM,2914966.0,31741802974.0,2.25,29.88,,,0.0,0.0,0.0,0.0,2.25,29.88
Armenia,2018,ARM,2909971.0,33400320594.0,2.31,30.435,,,0.02,0.264,0.0,0.0,2.29,30.171
Armenia,2019,ARM,2903975.0,35949092334.0,2.41,32.176,,,0.06,0.801,0.0,0.0,2.35,31.375
Armenia,2020,ARM,2890893.0,33378378959.0,1.92,25.131,,,0.14,1.832,0.0,0.0,1.78,23.298
Armenia,2021,ARM,2870339.0,35275596129.0,2.49,32.254,,,0.29,3.756,0.0,0.0,2.2,28.497
Armenia,2022,ARM,2880880.0,39721734780.0,3.37,34.109,,,0.52,5.263,0.0,0.0,2.85,28.846
Armenia,2023,ARM,2943398.0,,2.42,27.977,,,0.77,8.902,0.0,0.0,1.65,19.075
Armenia,2024,ARM,2973843.0,,2.66,29.921,,,0.85,9.561,0.0,0.0,1.81,20.36
Aruba,2000,ABW,88772.0,,0.0,0.0,,,0.0,0.0,0.0,0.0,0.0,0.0
Aruba,2001,ABW,90320.0,,0.0,0.0,,,0.0,0.0,0.0,0.0,0.0,0.0
Aruba,2002,ABW,91393.0,,0.0,0.0,,,0.0,0.0,0.0,0.0,0.0,0.0
Aruba,2003,ABW,92324.0,,0.0,0.0,,,0.0,0.0,0.0,0.0,0.0,0.0
Aruba,2004,ABW,93223.0,,0.0,0.0,,,0.0,0.0,0.0,0.0,0.0,0.0
Aruba,2005,ABW,94239.0,,0.0,0.0,,,0.0,0.0,0.0,0.0,0.0,0.0
Aruba,2006,ABW,95403.0,,0.0,0.0,,,0.0,0.0,0.0,0.0,0.0,0.0
Aruba,2007,ABW,96604.0,,0.0,0.0,,,0.0,0.0,0.0,0.0,0.0,0.0
Aruba,2008,ABW,97815.0,,0.0,0.0,,,0.0,0.0,0.0,0.0,0.0,0.0
Aruba,2009,ABW,99040.0,,0.03,3.158,,,0.0,0.0,0.03,3.158,0.0,0.0
Aruba,2010,ABW,100127.0,,0.11,11.702,,,0.0,0.0,0.11,11.702,0.0,0.0
Aruba,2011,ABW,100995.0,,0.11,11.828,,,0.0,0.0,0.11,11.828,0.0,0.0
Aruba,2012,ABW,101774.0,,0.14,15.217,,,0.0,0.0,0.14,15.217,0.0,0.0
Aruba,2013,ABW,102570.0,,0.15,15.957,,,0.0,0.0,0.15,15.957,0.0,0.0
Aruba,2014,ABW,103381.0,,0.16,17.021,,,0.01,1.064,0.15,15.957,0.0,0.0
Aruba,2015,ABW,104200.0,,0.18,18.557,,,0.01,1.031,0.17,17.526,0.0,0.0
Aruba,2016,ABW,104989.0,,0.14,14.894,,,0.01,1.064,0.13,13.83,0.0,0.0
Aruba,2017,ABW,105737.0,,0.14,14.433,,,0.01,1.031,0.13,13.402,0.0,0.0
Aruba,2018,ABW,106447.0,,0.16,16.495,,,0.02,2.062,0.14,14.433,0.0,0.0
Aruba,2019,ABW,107089.0,,0.17,17.172,,,0.03,3.03,0.14,14.141,0.0,0.0
Aruba,2020,ABW,107411.0,,0.17,17.172,,,0.03,3.03,0.14,14.141,0.0,0.0
Aruba,2021,ABW,107565.0,,0.17,17.0,,,0.03,3.0,0.14,14.0,0.0,0.0
Aruba,2022,ABW,107792.0,,0.17,17.0,,,0.03,3.0,0.14,14.0,0.0,0.0
Australia,2000,AUS,19132472.0,692059312020.0,17.54,8.089,49.022,3.765,0.05,0.023,0.13,0.06,16.47,7.596
Australia,2001,AUS,19365438.0,713890072308.0,17.26,7.696,47.975,3.655,0.05,0.022,0.29,0.129,16.12,7.188
Australia,2002,AUS,19595356.0,747065694937.0,17.95,8.032,49.676,3.711,0.06,0.027,0.53,0.237,16.09,7.199
Australia,2003,AUS,19819449.0,774450991263.0,18.66,8.258,51.548,3.797,0.06,0.027,0.7,0.31,16.21,7.174
Australia,2004,AUS,20046679.0,809792445090.0,19.38,8.454,53.661,3.829,0.07,0.031,0.8,0.349,15.69,6.845
Australia,2005,AUS,20294490.0,840092380696.0,20.72,8.98,57.624,4.095,0.08,0.035,1.3,0.563,15.47,6.705
Australia,2006,AUS,20590566.0,866678665246.0,21.14,8.883,59.05,4.024,0.1,0.042,2.16,0.908,14.95,6.282
Australia,2007,AUS,20954545.0,911250727265.0,20.29,8.343,56.918,3.786,0.11,0.045,2.85,1.172,13.05,5.366
Australia,2008,AUS,21370595.0,937889628737.0,19.12,7.792,53.497,3.499,0.14,0.057,3.46,1.41,11.82,4.817
Australia,2009,AUS,21783014.0,963129933389.0,20.16,8.067,56.072,3.722,0.29,0.116,4.44,1.777,12.64,5.058
Australia,2010,AUS,22141583.0,993853968687.0,22.16,8.83,61.531,4.088,0.98,0.39,4.99,1.988,13.75,5.479
Australia,2011,AUS,22479779.0,1024000293343.0,30.61,11.944,83.776,5.392,2.04,0.796,6.43,2.509,19.57,7.636
Australia,2012,AUS,22852648.0,1062662906305.0,30.27,12.076,82.696,5.4,2.41,0.961,7.72,3.08,17.04,6.798
Australia,2013,AUS,23236271.0,1086068056518.0,35.53,14.237,95.674,6.173,3.85,1.543,9.26,3.711,19.09,7.649
Australia,2014,AUS,23595599.0,1113888062929.0,32.76,13.228,88.418,5.663,4.95,1.999,9.78,3.949,14.48,5.847
Australia,2015,AUS,23947997.0,1139303344945.0,35.8,14.095,95.058,5.955,6.2,2.441,11.83,4.658,14.09,5.547
Australia,2016,AUS,24329963.0,1169967279612.0,41.74,16.164,108.587,6.785,7.44,2.881,13.04,5.05,17.63,6.827
Australia,2017,AUS,24731044.0,1197832839959.0,39.19,15.133,101.723,6.373,8.92,3.444,13.21,5.101,13.5,5.213
Australia,2018,AUS,25119700.0,1231576952488.0,49.49,18.844,127.007,7.848,12.33,4.695,16.26,6.191,17.31,6.591
Australia,2019,AUS,25482714.0,1255505542015.0,55.26,20.782,140.546,8.407,18.3,6.882,19.47,7.322,14.02,5.273
Australia,2020,AUS,25743787.0,1232259790388.0,64.28,24.243,162.166,10.292,23.84,8.991,22.61,8.527,14.42,5.438
Australia,2021,AUS,25956417.0,1296705194119.0,77.27,28.891,193.787,12.283,31.19,11.662,26.8,10.021,15.94,5.96
Australia,2022,AUS,26200987.0,1344251444393.0,87.44,32.039,218.301,13.247,37.54,13.755,30.05,11.011,16.66,6.104
Australia,2023,AUS,26451126.0,,95.07,34.81,235.274,14.323,44.99,16.473,31.87,11.669,15.08,5.522
Australia,2024,AUS,26713206.0,,98.79,35.077,244.22,14.733,50.21,17.828,32.74,11.625,12.85,4.563
Austria,2000,AUT,8012929.0,280410163017.0,43.44,72.837,121.18,31.268,0.0,0.0,0.07,0.117,41.84,70.154
Austria,2001,AUT,8042233.0,285335695766.0,42.24,69.269,117.456,29.411,0.01,0.016,0.1,0.164,40.46,66.35
Austria,2002,AUT,8081640.0,291231427735.0,41.9,69.108,115.543,28.923,0.01,0.016,0.14,0.231,40.23,66.353
Austria,2003,AUT,8122604.0,294489280951.0,35.24,60.79,96.892,24.121,0.01,0.017,0.37,0.638,33.21,57.288
Austria,2004,AUT,8173496.0,303692479841.0,39.62,64.058,108.616,26.119,0.02,0.032,0.93,1.504,36.76,59.434
Austria,2005,AUT,8229204.0,311441138652.0,40.88,63.508,111.701,26.317,0.02,0.031,1.33,2.066,37.1,57.636
Austria,2006,AUT,8269901.0,323236897651.0,40.66,65.359,113.148,26.99,0.02,0.032,1.75,2.813,35.66,57.322
Austria,2007,AUT,8296948.0,336303973991.0,43.17,68.709,120.222,29.094,0.02,0.032,2.04,3.247,37.05,58.969
Austria,2008,AUT,8323250.0,342892519161.0,44.53,69.167,123.441,29.577,0.03,0.047,2.01,3.122,38.33,59.537
Austria,2009,AUT,8345073.0,331119036991.0,47.18,71.258,130.931,32.548,0.05,0.076,1.95,2.945,40.9,61.773
Austria,2010,AUT,8365087.0,338832243101.0,44.99,66.337,124.762,30.113,0.09,0.133,2.06,3.037,38.36,56.561
Austria,2011,AUT,8393272.0,349713455451.0,40.91,65.772,113.558,29.158,0.17,0.273,1.94,3.119,34.24,55.048
Austria,2012,AUT,8431599.0,352093108730.0,51.33,74.771,140.204,34.498,0.34,0.495,2.46,3.583,43.85,63.875
Austria,2013,AUT,8481411.0,352182904722.0,50.5,78.234,137.063,34.024,0.63,0.976,3.15,4.88,42.02,65.097
Austria,2014,AUT,8547812.0,354511819035.0,50.2,81.56,135.54,35.017,0.79,1.284,3.85,6.255,41.01,66.629
Austria,2015,AUT,8644037.0,358108266932.0,47.59,77.031,128.618,33.052,0.94,1.522,4.84,7.834,37.16,60.149
Austria,2016,AUT,8737920.0,365232738553.0,51.08,78.742,136.689,34.026,1.1,1.696,5.23,8.062,39.97,61.616
Austria,2017,AUT,8798779.0,373481694490.0,51.05,76.092,136.104,33.213,1.27,1.893,6.57,9.793,38.29,57.073
Austria,2018,AUT,8841653.0,382540042762.0,50.06,77.408,132.866,33.139,1.46,2.258,6.03,9.324,37.64,58.203
Austria,2019,AUT,8880876.0,388344674039.0,54.64,77.295,143.464,34.189,1.7,2.405,7.45,10.539,40.83,57.759
Austria,2020,AUT,8921402.0,363281092036.0,55.42,80.272,144.513,36.88,2.04,2.955,6.79,9.835,42.0,60.834
Austria,2021,AUT,8967053.0,379835198584.0,52.75,79.109,138.067,34.638,2.78,4.169,6.74,10.108,38.75,58.113
Austria,2022,AUT,9064678.0,398815419150.0,50.42,78.183,131.63,35.134,3.79,5.877,7.25,11.242,34.63,53.698
Austria,2023,AUT,9130434.0,,60.46,84.82,154.05,40.022,6.89,9.666,8.34,11.7,40.67,57.057
Austria,2024,AUT,9120815.0,,67.96,86.277,174.499,43.347,8.14,10.334,9.44,11.984,45.71,58.03
Austria,2025,AUT,9113578.0,,62.85,84.125,,,10.54,14.108,8.64,11.565,39.16,52.416
Azerbaijan,2000,AZE,8174784.0,34255707098.0,1.52,8.137,4.261,3.233,0.0,0.0,0.0,0.0,1.52,8.137
Azerbaijan,2001,AZE,8251776.0,36862177017.0,1.29,6.804,3.594,2.83,0.0,0.0,0.0,0.0,1.29,6.804
Azerbaijan,2002,AZE,8326141.0,40295217200.0,2.0,10.707,5.534,4.419,0.0,0.0,0.0,0.0,2.0,10.707
Azerbaijan,2003,AZE,8400528.0,44994637993.0,2.44,11.477,6.73,4.963,0.0,0.0,0.0,0.0,2.44,11.477
Azerbaijan,2004,AZE,8489874.0,50107477354.0,2.73,12.569,7.466,4.866,0.0,0.0,0.0,0.0,2.73,12.569
Azerbaijan,2005,AZE,8597248.0,64019175136.0,2.98,13.047,8.09,4.864,0.0,0.0,0.0,0.0,2.98,13.047
Azerbaijan,2006,AZE,8711380.0,87026407066.0,2.49,10.159,6.733,4.114,0.0,0.0,0.0,0.0,2.49,10.159
Azerbaijan,2007,AZE,8828313.0,109944254894.0,2.34,10.724,6.287,4.173,0.0,0.0,0.0,0.0,2.34,10.724
Azerbaijan,2008,AZE,8942637.0,123130002462.0,2.21,10.222,5.889,3.906,0.0,0.0,0.0,0.0,2.21,10.222
Azerbaijan,2009,AZE,9046336.0,136020226283.0,2.29,12.149,6.064,4.673,0.0,0.0,0.0,0.0,2.29,12.149
Azerbaijan,2010,AZE,9146852.0,144296577620.0,3.41,18.265,8.976,7.021,0.0,0.0,0.0,0.0,3.41,18.265
Azerbaijan,2011,AZE,9256156.0,145980469968.0,2.65,13.074,6.932,4.771,0.0,0.0,0.0,0.0,2.65,13.074
Azerbaijan,2012,AZE,9376179.0,149196415149.0,1.8,7.836,4.693,3.133,0.0,0.0,0.0,0.0,1.8,7.836
Azerbaijan,2013,AZE,9504417.0,157913964589.0,1.56,6.71,4.022,2.612,0.0,0.0,0.0,0.0,1.47,6.323
Azerbaijan,2014,AZE,9631136.0,162332395164.0,1.37,5.562,3.592,2.288,0.0,0.0,0.0,0.0,1.29,5.238
Azerbaijan,2015,AZE,9752859.0,164036906588.0,1.71,6.96,4.453,2.596,0.0,0.0,0.0,0.0,1.62,6.593
Azerbaijan,2016,AZE,9868434.0,159010796104.0,2.09,8.41,5.342,3.145,0.04,0.161,0.02,0.08,1.94,7.807
Azerbaijan,2017,AZE,9968510.0,159255674569.0,1.88,7.762,4.78,2.868,0.04,0.165,0.02,0.083,1.73,7.143
Azerbaijan,2018,AZE,10039782.0,161644514845.0,1.95,7.76,4.955,2.817,0.04,0.159,0.08,0.318,1.75,6.964
Azerbaijan,2019,AZE,10110483.0,165653307401.0,1.79,6.898,4.55,2.451,0.04,0.154,0.1,0.385,1.55,5.973
Azerbaijan,2020,AZE,10181736.0,158697520949.0,1.32,5.126,3.308,1.79,0.05,0.194,0.1,0.388,1.07,4.155
Azerbaijan,2021,AZE,10234372.0,167584576527.0,1.52,5.47,3.809,1.93,0.05,0.18,0.09,0.324,1.28,4.606
Azerbaijan,2022,AZE,10295307.0,175370552026.0,1.84,6.358,4.596,2.188,0.06,0.207,0.08,0.276,1.6,5.529
Azerbaijan,2023,AZE,10318209.0,,1.9,6.531,4.981,2.294,0.07,0.241,0.08,0.275,1.64,5.638
Azerbaijan,2024,AZE,10336577.0,,3.35,11.956,8.934,4.303,0.3,1.071,0.08,0.286,2.86,10.207
Bahamas,2000,BHS,323846.0,,0.0,0.0,,,0.0,0.0,0.0,0.0,0.0,0.0
Bahamas,2001,BHS,327847.0,,0.0,0.0,,,0.0,0.0,0.0,0.0,0.0,0.0
Bahamas,2002,BHS,331625.0,,0.0,0.0,,,0.0,0.0,0.0,0.0,0.0,0.0
Bahamas,2003,BHS,335625.0,,0.0,0.0,,,0.0,0.0,0.0,0.0,0.0,0.0
Bahamas,2004,BHS,339794.0,,0.0,0.0,,,0.0,0.0,0.0,0.0,0.0,0.0
Bahamas,2005,BHS,343905.0,,0.0,0.0,,,0.0,0.0,0.0,0.0,0.0,0.0
Bahamas,2006,BHS,348386.0,,0.0,0.0,,,0.0,0.0,0.0,0.0,0.0,0.0
Bahamas,2007,BHS,353343.0,,0.0,0.0,,,0.0,0.0,0.0,0.0,0.0,0.0
Bahamas,2008,BHS,358133.0,,0.0,0.0,,,0.0,0.0,0.0,0.0,0.0,0.0
Bahamas,2009,BHS,362806.0,,0.0,0.0,,,0.0,0.0,0.0,0.0,0.0,0.0
Bahamas,2010,BHS,367482.0,,0.0,0.0,,,0.0,0.0,0.0,0.0,0.0,0.0
Bahamas,2011,BHS,371738.0,,0.0,0.0,,,0.0,0.0,0.0,0.0,0.0,0.0
Bahamas,2012,BHS,375474.0,,0.0,0.0,,,0.0,0.0,0.0,0.0,0.0,0.0
Bahamas,2013,BHS,378957.0,,0.0,0.0,,,0.0,0.0,0.0,0.0,0.0,0.0
Bahamas,2014,BHS,382312.0,,0.0,0.0,,,0.0,0.0,0.0,0.0,0.0,0.0
Bahamas,2015,BHS,385355.0,,0.0,0.0,,,0.0,0.0,0.0,0.0,0.0,0.0
Bahamas,2016,BHS,388060.0,,0.0,0.0,,,0.0,0.0,0.0,0.0,0.0,0.0
Bahamas,2017,BHS,390496.0,,0.0,0.0,,,0.0,0.0,0.0,0.0,0.0,0.0
Bahamas,2018,BHS,392718.0,,0.0,0.0,,,0.0,0.0,0.0,0.0,0.0,0.0
Bahamas,2019,BHS,394684.0,,0.0,0.0,,,0.0,0.0,0.0,0.0,0.0,0.0
Bahamas,2020,BHS,395874.0,,0.01,0.493,,,0.01,0.493,0.0,0.0,0.0,0.0
Bahamas,2021,BHS,396381.0,,0.01,0.49,,,0.01,0.49,0.0,0.0,0.0,0.0
Bahamas,2022,BHS,397542.0,,0.02,0.976,,,0.02,0.976,0.0,0.0,0.0,0.0
Bahrain,2000,BHR,669589.0,11032289188.0,0.0,0.0,,,0.0,0.0,0.0,0.0,0.0,0.0
Bahrain,2001,BHR,699964.0,12074987722.0,0.0,0.0,,,0.0,0.0,0.0,0.0,0.0,0.0
Bahrain,2002,BHR,752205.0,13787453002.0,0.0,0.0,,,0.0,0.0,0.0,0.0,0.0,0.0
Bahrain,2003,BHR,811276.0,16535287306.0,0.0,0.0,,,0.0,0.0,0.0,0.0,0.0,0.0
Bahrain,2004,BHR,871446.0,19633464819.0,0.0,0.0,,,0.0,0.0,0.0,0.0,0.0,0.0
Bahrain,2005,BHR,932618.0,22873324996.0,0.0,0.0,,,0.0,0.0,0.0,0.0,0.0,0.0
Bahrain,2006,BHR,994626.0,26149797771.0,0.0,0.0,,,0.0,0.0,0.0,0.0,0.0,0.0
Bahrain,2007,BHR,1057419.0,30119518073.0,0.0,0.0,,,0.0,0.0,0.0,0.0,0.0,0.0
Bahrain,2008,BHR,1120718.0,33548850204.0,0.0,0.0,,,0.0,0.0,0.0,0.0,0.0,0.0
Bahrain,2009,BHR,1183616.0,35937223742.0,0.0,0.0,,,0.0,0.0,0.0,0.0,0.0,0.0
Bahrain,2010,BHR,1213248.0,39778047298.0,0.0,0.0,,,0.0,0.0,0.0,0.0,0.0,0.0
Bahrain,2011,BHR,1206733.0,43727144774.0,0.0,0.0,,,0.0,0.0,0.0,0.0,0.0,0.0
Bahrain,2012,BHR,1216307.0,45357290589.0,0.0,0.0,,,0.0,0.0,0.0,0.0,0.0,0.0
Bahrain,2013,BHR,1257206.0,47813841200.0,0.0,0.0,,,0.0,0.0,0.0,0.0,0.0,0.0
Bahrain,2014,BHR,1312857.0,49894227022.0,0.01,0.037,,,0.01,0.037,0.0,0.0,0.0,0.0
Bahrain,2015,BHR,1369656.0,51134096686.0,0.01,0.035,,,0.01,0.035,0.0,0.0,0.0,0.0
Bahrain,2016,BHR,1429609.0,52953446666.0,0.01,0.035,,,0.01,0.035,0.0,0.0,0.0,0.0
Bahrain,2017,BHR,1482003.0,55226208950.0,0.01,0.034,,,0.01,0.034,0.0,0.0,0.0,0.0
Bahrain,2018,BHR,1497634.0,56391482183.0,0.01,0.034,,,0.01,0.034,0.0,0.0,0.0,0.0
Bahrain,2019,BHR,1485675.0,57613480945.0,0.02,0.06,,,0.02,0.06,0.0,0.0,0.0,0.0
Bahrain,2020,BHR,1483081.0,54937336615.0,0.02,0.06,,,0.02,0.06,0.0,0.0,0.0,0.0
Bahrain,2021,BHR,1501762.0,56404169544.0,0.04,0.118,,,0.04,0.118,0.0,0.0,0.0,0.0
Bahrain,2022,BHR,1533460.0,58769760175.0,0.08,0.224,,,0.08,0.224,0.0,0.0,0.0,0.0
Bahrain,2023,BHR,1569674.0,,0.09,0.249,,,0.09,0.249,0.0,0.0,0.0,0.0
Bangladesh,2000,BGD,134544303.0,200824294390.0,0.94,5.897,2.212,1.625,0.0,0.0,0.0,0.0,0.94,5.897
Bangladesh,2001,BGD,136805810.0,213164797419.0,0.98,5.639,2.847,1.831,0.0,0.0,0.0,0.0,0.98,5.639
Bangladesh,2002,BGD,138933659.0,226285297151.0,1.05,5.541,2.269,1.454,0.0,0.0,0.0,0.0,1.05,5.541
Bangladesh,2003,BGD,140970355.0,242325893842.0,1.12,5.58,2.231,1.353,0.0,0.0,0.0,0.0,1.12,5.58
Bangladesh,2004,BGD,142902857.0,260372737862.0,1.21,4.815,2.161,1.233,0.0,0.0,0.0,0.0,1.21,4.815
Bangladesh,2005,BGD,144715789.0,280264340330.0,1.28,4.748,2.135,1.123,0.0,0.0,0.0,0.0,1.28,4.748
Bangladesh,2006,BGD,146405983.0,303255436424.0,1.39,4.609,2.162,1.051,0.01,0.033,0.0,0.0,1.38,4.576
Bangladesh,2007,BGD,147989282.0,327072515722.0,0.76,2.452,2.194,1.037,0.02,0.065,0.0,0.0,0.74,2.388
Bangladesh,2008,BGD,149474264.0,349461394439.0,0.96,2.805,2.727,1.224,0.02,0.058,0.0,0.0,0.94,2.746
Bangladesh,2009,BGD,150873716.0,372693237092.0,0.47,1.262,1.259,0.513,0.03,0.081,0.0,0.0,0.44,1.182
Bangladesh,2010,BGD,152201978.0,400087800634.0,0.83,2.031,2.093,0.834,0.07,0.171,0.0,0.0,0.76,1.86
Bangladesh,2011,BGD,153591074.0,431418704062.0,0.98,2.216,2.702,0.995,0.06,0.136,0.0,0.0,0.92,2.081
Bangladesh,2012,BGD,155070110.0,458456647637.0,0.91,1.872,2.495,0.846,0.09,0.185,0.0,0.0,0.82,1.687
Bangladesh,2013,BGD,156532134.0,486135250102.0,1.07,2.006,2.491,0.813,0.13,0.244,0.0,0.0,0.94,1.762
Bangladesh,2014,BGD,157964931.0,516793803718.0,0.78,1.392,2.185,0.686,0.16,0.285,0.0,0.0,0.62,1.106
Bangladesh,2015,BGD,159383179.0,552104723056.0,0.8,1.349,3.053,0.793,0.2,0.337,0.01,0.017,0.59,0.995
Bangladesh,2016,BGD,160811934.0,589932630231.0,1.24,1.795,2.861,0.74,0.22,0.318,0.01,0.014,1.01,1.462
Bangladesh,2017,BGD,162186146.0,630957812405.0,1.29,1.756,3.451,0.857,0.25,0.34,0.01,0.014,1.03,1.402
Bangladesh,2018,BGD,163523109.0,678912369102.0,1.4,1.769,3.046,0.708,0.31,0.392,0.01,0.013,1.08,1.364
Bangladesh,2019,BGD,164913060.0,717214595514.0,1.19,1.398,3.085,0.64,0.37,0.435,0.01,0.012,0.81,0.952
Bangladesh,2020,BGD,166298024.0,754358367084.0,1.25,1.463,2.985,0.653,0.46,0.538,0.01,0.012,0.78,0.913
Bangladesh,2021,BGD,167658855.0,807308397444.0,1.35,1.411,3.301,0.671,0.61,0.638,0.01,0.01,0.73,0.763
Bangladesh,2022,BGD,169384891.0,858143907016.0,1.59,1.555,3.546,0.693,0.87,0.851,0.01,0.01,0.71,0.694
Bangladesh,2023,BGD,171466986.0,,1.72,1.62,4.001,0.79,1.07,1.008,0.0,0.0,0.65,0.612
Bangladesh,2024,BGD,173562366.0,,2.31,2.029,5.791,1.095,1.42,1.247,0.0,0.0,0.89,0.782
Barbados,2000,BRB,262071.0,3452406154.0,0.0,0.0,,,0.0,0.0,0.0,0.0,0.0,0.0
Barbados,2001,BRB,262429.0,3330849682.0,0.0,0.0,,,0.0,0.0,0.0,0.0,0.0,0.0
Barbados,2002,BRB,264155.0,3319030722.0,0.0,0.0,,,0.0,0.0,0.0,0.0,0.0,0.0
Barbados,2003,BRB,265789.0,3362359775.0,0.0,0.0,,,0.0,0.0,0.0,0.0,0.0,0.0
Barbados,2004,BRB,267297.0,3369967163.0,0.0,0.0,,,0.0,0.0,0.0,0.0,0.0,0.0
Barbados,2005,BRB,268717.0,3466246054.0,0.0,0.0,,,0.0,0.0,0.0,0.0,0.0,0.0
Barbados,2006,BRB,270011.0,3622055423.0,0.0,0.0,,,0.0,0.0,0.0,0.0,0.0,0.0
Barbados,2007,BRB,271298.0,3642717925.0,0.0,0.0,,,0.0,0.0,0.0,0.0,0.0,0.0
Barbados,2008,BRB,272719.0,3618468400.0,0.0,0.0,,,0.0,0.0,0.0,0.0,0.0,0.0
Barbados,2009,BRB,274137.0,3446882402.0,0.0,0.0,,,0.0,0.0,0.0,0.0,0.0,0.0
Barbados,2010,BRB,275251.0,3418936167.0,0.0,0.0,,,0.0,0.0,0.0,0.0,0.0,0.0
Barbados,2011,BRB,276150.0,3406690000.0,0.0,0.0,,,0.0,0.0,0.0,0.0,0.0,0.0
Barbados,2012,BRB,276949.0,3415680000.0,0.0,0.0,,,0.0,0.0,0.0,0.0,0.0,0.0
Barbados,2013,BRB,277669.0,3412801000.0,0.0,0.0,,,0.0,0.0,0.0,0.0,0.0,0.0
Barbados,2014,BRB,278355.0,3416200000.0,0.01,0.971,,,0.01,0.971,0.0,0.0,0.0,0.0
Barbados,2015,BRB,278999.0,3448059000.0,0.01,0.962,,,0.01,0.962,0.0,0.0,0.0,0.0
Barbados,2016,BRB,279604.0,3528285767.0,0.02,1.905,,,0.02,1.905,0.0,0.0,0.0,0.0
Barbados,2017,BRB,280177.0,3554020089.0,0.03,2.885,,,0.03,2.885,0.0,0.0,0.0,0.0
Barbados,2018,BRB,280719.0,3526291932.0,0.03,2.885,,,0.03,2.885,0.0,0.0,0.0,0.0
Barbados,2019,BRB,281216.0,3535586950.0,0.04,3.774,,,0.04,3.774,0.0,0.0,0.0,0.0
Barbados,2020,BRB,281706.0,3085224475.0,0.07,6.604,,,0.07,6.604,0.0,0.0,0.0,0.0
Barbados,2021,BRB,282157.0,3061072053.0,0.08,7.547,,,0.08,7.547,0.0,0.0,0.0,0.0
Barbados,2022,BRB,282324.0,3408005977.0,0.08,7.339,,,0.08,7.339,0.0,0.0,0.0,0.0
Barbados,2023,BRB,282347.0,,0.09,8.182,,,0.09,8.182,0.0,0.0,0.0,0.0
Belarus,2000,BLR,9991310.0,91419114455.0,0.03,0.115,0.075,0.029,0.0,0.0,0.0,0.0,0.03,0.115
Belarus,2001,BLR,9938068.0,94624119098.0,0.03,0.12,0.083,0.033,0.0,0.0,0.0,0.0,0.03,0.12
Belarus,2002,BLR,9873451.0,98263269227.0,0.03,0.113,0.079,0.031,0.0,0.0,0.0,0.0,0.03,0.113
Belarus,2003,BLR,9803175.0,103937865617.0,0.03,0.113,0.076,0.03,0.0,0.0,0.0,0.0,0.03,0.113
Belarus,2004,BLR,9735089.0,114486408721.0,0.03,0.096,0.092,0.032,0.0,0.0,0.0,0.0,0.03,0.096
Belarus,2005,BLR,9667833.0,123858071551.0,0.04,0.129,0.099,0.035,0.0,0.0,0.0,0.0,0.04,0.129
Belarus,2006,BLR,9608041.0,134673942572.0,0.04,0.126,0.103,0.034,0.0,0.0,0.0,0.0,0.04,0.126
Belarus,2007,BLR,9563135.0,144615680573.0,0.05,0.157,0.139,0.047,0.0,0.0,0.0,0.0,0.04,0.126
Belarus,2008,BLR,9529357.0,157577029170.0,0.07,0.2,0.291,0.097,0.0,0.0,0.0,0.0,0.04,0.114
Belarus,2009,BLR,9507334.0,156010272888.0,0.11,0.362,0.545,0.193,0.0,0.0,0.0,0.0,0.04,0.132
Belarus,2010,BLR,9490752.0,166239903113.0,0.14,0.401,0.773,0.252,0.0,0.0,0.0,0.0,0.05,0.143
Belarus,2011,BLR,9472738.0,173120303880.0,0.14,0.435,0.735,0.244,0.0,0.0,0.0,0.0,0.04,0.124
Belarus,2012,BLR,9463075.0,175940441074.0,0.21,0.682,0.837,0.257,0.0,0.0,0.01,0.032,0.07,0.227
Belarus,2013,BLR,9464454.0,177632980571.0,0.3,0.952,0.898,0.305,0.0,0.0,0.01,0.032,0.14,0.444
Belarus,2014,BLR,9472704.0,180627882895.0,0.29,0.835,0.871,0.295,0.0,0.0,0.01,0.029,0.12,0.345
Belarus,2015,BLR,9487289.0,173709821418.0,0.34,0.997,0.922,0.346,0.01,0.029,0.03,0.088,0.11,0.323
Belarus,2016,BLR,9499066.0,169304543676.0,0.43,1.281,1.105,0.405,0.03,0.089,0.08,0.238,0.14,0.417
Belarus,2017,BLR,9495793.0,173606575679.0,0.78,2.26,2.017,0.726,0.09,0.261,0.1,0.29,0.4,1.159
Belarus,2018,BLR,9480031.0,179054352755.0,0.81,2.077,1.83,0.596,0.18,0.462,0.1,0.256,0.32,0.821
Belarus,2019,BLR,9435415.0,181643469714.0,1.04,2.57,2.231,0.723,0.18,0.445,0.18,0.445,0.34,0.84
Belarus,2020,BLR,9350943.0,180420997693.0,1.35,3.503,2.702,0.943,0.18,0.467,0.19,0.493,0.39,1.012
Belarus,2021,BLR,9251368.0,184521985376.0,1.27,3.079,3.455,1.106,0.18,0.436,0.17,0.412,0.37,0.897
Belarus,2022,BLR,9173240.0,175773799265.0,1.26,3.389,3.479,1.147,0.21,0.565,0.18,0.484,0.37,0.995
Belarus,2023,BLR,9115679.0,,1.34,3.075,3.11,1.027,0.23,0.528,0.19,0.436,0.39,0.895
Belarus,2024,BLR,9056696.0,,1.45,3.174,3.031,0.969,0.32,0.7,0.19,0.416,0.49,1.072
Belgium,2000,BEL,10251719.0,345706865981.0,1.05,1.268,3.097,0.418,0.0,0.0,0.02,0.024,0.46,0.556
Belgium,2001,BEL,10287005.0,349015220419.0,1.08,1.374,3.186,0.434,0.0,0.0,0.04,0.051,0.44,0.56
Belgium,2002,BEL,10332975.0,355705534550.0,1.14,1.408,3.396,0.465,0.0,0.0,0.06,0.074,0.36,0.445
Belgium,2003,BEL,10376262.0,358937085300.0,1.2,1.436,3.591,0.473,0.0,0.0,0.09,0.108,0.25,0.299
Belgium,2004,BEL,10421298.0,372499172102.0,1.5,1.809,4.487,0.589,0.0,0.0,0.14,0.169,0.32,0.386
Belgium,2005,BEL,10478883.0,380840056202.0,2.11,2.501,6.356,0.844,0.0,0.0,0.23,0.273,0.29,0.344
Belgium,2006,BEL,10548445.0,390874955040.0,2.96,3.552,8.897,1.178,0.0,0.0,0.37,0.444,0.36,0.432
Belgium,2007,BEL,10625488.0,404721960651.0,3.49,4.02,10.481,1.378,0.01,0.012,0.49,0.564,0.39,0.449
Belgium,2008,BEL,10709711.0,408290544814.0,4.42,5.321,13.276,1.718,0.04,0.048,0.64,0.771,0.41,0.494
Belgium,2009,BEL,10812936.0,399489943721.0,5.44,6.061,17.777,2.494,0.17,0.189,0.99,1.103,0.33,0.368
Belgium,2010,BEL,10936619.0,411261674695.0,6.56,7.051,23.793,3.125,0.58,0.623,1.29,1.387,0.31,0.333
Belgium,2011,BEL,11038624.0,420934235947.0,8.35,9.354,28.283,3.983,1.21,1.355,2.31,2.588,0.2,0.224
Belgium,2012,BEL,11107522.0,424045845634.0,10.51,12.894,34.053,4.996,2.15,2.638,2.76,3.386,0.36,0.442
Belgium,2013,BEL,11160277.0,425993254852.0,11.72,14.301,36.852,5.28,2.64,3.221,3.67,4.478,0.38,0.464
Belgium,2014,BEL,11210113.0,432717694183.0,12.21,17.149,38.442,5.938,2.89,4.059,4.62,6.489,0.29,0.407
Belgium,2015,BEL,11275332.0,441551470878.0,14.44,21.102,42.857,6.551,3.06,4.472,5.57,8.14,0.32,0.468
Belgium,2016,BEL,11332707.0,447144517813.0,14.25,16.902,44.179,6.264,3.1,3.677,5.42,6.429,0.37,0.439
Belgium,2017,BEL,11376583.0,454386396677.0,15.8,18.514,48.534,6.819,3.31,3.879,6.52,7.64,0.27,0.316
Belgium,2018,BEL,11428608.0,462533269863.0,17.16,23.23,51.595,7.262,3.9,5.28,7.57,10.248,0.29,0.393
Belgium,2019,BEL,11490623.0,472897988852.0,19.45,20.984,56.982,7.77,4.25,4.585,9.75,10.519,0.3,0.324
Belgium,2020,BEL,11540102.0,447544069854.0,23.45,26.56,68.902,10.457,5.11,5.788,12.81,14.509,0.27,0.306
Belgium,2021,BEL,11570843.0,474995824355.0,22.75,22.887,67.433,9.202,5.62,5.654,12.0,12.072,0.42,0.423
Belgium,2022,BEL,11641814.0,489678394377.0,24.43,25.898,71.928,10.436,6.88,7.294,12.35,13.092,0.27,0.286
Belgium,2023,BEL,11712891.0,,27.48,33.451,78.337,12.149,7.83,9.531,15.46,18.819,0.4,0.487
Belgium,2024,BEL,11738761.0,,26.8,35.249,73.214,11.454,8.56,11.259,14.08,18.519,0.55,0.723
Belgium,2025,BEL,11758601.0,,28.4,38.952,,,10.45,14.333,13.74,18.845,0.44,0.603
Belize,2000,BLZ,240809.0,,0.09,69.231,,,0.0,0.0,0.0,0.0,0.09,69.231
Belize,2001,BLZ,248393.0,,0.09,69.231,,,0.0,0.0,0.0,0.0,0.09,69.231
Belize,2002,BLZ,256019.0,,0.09,64.286,,,0.0,0.0,0.0,0.0,0.09,64.286
Belize,2003,BLZ,263794.0,,0.06,37.5,,,0.0,0.0,0.0,0.0,0.06,37.5
Belize,2004,BLZ,271695.0,,0.06,42.857,,,0.0,0.0,0.0,0.0,0.06,42.857
Belize,2005,BLZ,279747.0,,0.07,43.75,,,0.0,0.0,0.0,0.0,0.07,43.75
Belize,2006,BLZ,287889.0,,0.18,85.714,,,0.0,0.0,0.0,0.0,0.18,85.714
Belize,2007,BLZ,296117.0,,0.18,81.818,,,0.0,0.0,0.0,0.0,0.18,81.818
Belize,2008,BLZ,304373.0,,0.2,95.238,,,0.0,0.0,0.0,0.0,0.2,95.238
Belize,2009,BLZ,312619.0,,0.19,79.167,,,0.0,0.0,0.0,0.0,0.19,79.167
Belize,2010,BLZ,320256.0,,0.37,88.095,,,0.0,0.0,0.0,0.0,0.26,61.905
Belize,2011,BLZ,327306.0,,0.31,93.939,,,0.0,0.0,0.0,0.0,0.25,75.758
Belize,2012,BLZ,334421.0,,0.35,92.105,,,0.0,0.0,0.0,0.0,0.21,55.263
Belize,2013,BLZ,341635.0,,0.35,94.595,,,0.0,0.0,0.0,0.0,0.26,70.27
Belize,2014,BLZ,348934.0,,0.33,91.667,,,0.0,0.0,0.0,0.0,0.26,72.222
Belize,2015,BLZ,356341.0,,0.33,91.667,,,0.0,0.0,0.0,0.0,0.24,66.667
Belize,2016,BLZ,364717.0,,0.36,94.737,,,0.0,0.0,0.0,0.0,0.26,68.421
Belize,2017,BLZ,373215.0,,0.38,95.0,,,0.0,0.0,0.0,0.0,0.27,67.5
Belize,2018,BLZ,380232.0,,0.38,92.683,,,0.0,0.0,0.0,0.0,0.25,60.976
Belize,2019,BLZ,385833.0,,0.45,86.538,,,0.01,1.923,0.0,0.0,0.29,55.769
Belize,2020,BLZ,390819.0,,0.39,88.636,,,0.01,2.273,0.0,0.0,0.24,54.545
Belize,2021,BLZ,395355.0,,0.31,86.111,,,0.01,2.778,0.0,0.0,0.16,44.444
Belize,2022,BLZ,402741.0,,0.41,87.234,,,0.01,2.128,0.0,0.0,0.24,51.064
Belize,2023,BLZ,411112.0,,0.4,88.889,,,0.01,2.222,0.0,0.0,0.24,53.333
Benin,2000,BEN,7221618.0,12746225376.0,0.0,0.0,,,0.0,0.0,0.0,0.0,0.0,0.0
Benin,2001,BEN,7445599.0,13306904218.0,0.0,0.0,,,0.0,0.0,0.0,0.0,0.0,0.0
Benin,2002,BEN,7675430.0,13793055302.0,0.0,0.0,,,0.0,0.0,0.0,0.0,0.0,0.0
Benin,2003,BEN,7913074.0,14127733603.0,0.0,0.0,,,0.0,0.0,0.0,0.0,0.0,0.0
Benin,2004,BEN,8159098.0,14599811664.0,0.0,0.0,,,0.0,0.0,0.0,0.0,0.0,0.0
Benin,2005,BEN,8426145.0,14703566396.0,0.0,0.0,,,0.0,0.0,0.0,0.0,0.0,0.0
Benin,2006,BEN,8693243.0,15130030225.0,0.0,0.0,,,0.0,0.0,0.0,0.0,0.0,0.0
Benin,2007,BEN,8953973.0,15874980420.0,0.0,0.0,,,0.0,0.0,0.0,0.0,0.0,0.0
Benin,2008,BEN,9228468.0,16519715795.0,0.0,0.0,,,0.0,0.0,0.0,0.0,0.0,0.0
Benin,2009,BEN,9509431.0,16780073808.0,0.0,0.0,,,0.0,0.0,0.0,0.0,0.0,0.0
Benin,2010,BEN,9797488.0,17023196060.0,0.0,0.0,,,0.0,0.0,0.0,0.0,0.0,0.0
Benin,2011,BEN,10093626.0,17416238625.0,0.0,0.0,,,0.0,0.0,0.0,0.0,0.0,0.0
Benin,2012,BEN,10397659.0,18305935000.0,0.0,0.0,,,0.0,0.0,0.0,0.0,0.0,0.0
Benin,2013,BEN,10708831.0,19651418479.0,0.0,0.0,,,0.0,0.0,0.0,0.0,0.0,0.0
Benin,2014,BEN,11030008.0,21043177203.0,0.0,0.0,,,0.0,0.0,0.0,0.0,0.0,0.0
Benin,2015,BEN,11360681.0,22279707949.0,0.0,0.0,,,0.0,0.0,0.0,0.0,0.0,0.0
Benin,2016,BEN,11697845.0,23134706997.0,0.0,0.0,,,0.0,0.0,0.0,0.0,0.0,0.0
Benin,2017,BEN,12039777.0,24568275710.0,0.0,0.0,,,0.0,0.0,0.0,0.0,0.0,0.0
Benin,2018,BEN,12383349.0,26346543293.0,0.0,0.0,,,0.0,0.0,0.0,0.0,0.0,0.0
Benin,2019,BEN,12726760.0,28155410176.0,0.01,1.852,,,0.01,1.852,0.0,0.0,0.0,0.0
Benin,2020,BEN,13070169.0,29239039610.0,0.01,1.01,,,0.01,1.01,0.0,0.0,0.0,0.0
Benin,2021,BEN,13413423.0,31331235336.0,0.02,1.77,,,0.02,1.77,0.0,0.0,0.0,0.0
Benin,2022,BEN,13759507.0,33290362034.0,0.02,2.02,,,0.02,2.02,0.0,0.0,0.0,0.0
Benin,2023,BEN,14111035.0,,0.03,3.0,,,0.03,3.0,0.0,0.0,0.0,0.0
Bermuda,2000,BMU,61569.0,,0.01,1.667,,,0.0,0.0,0.0,0.0,0.0,0.0
Bermuda,2001,BMU,61887.0,,0.01,1.639,,,0.0,0.0,0.0,0.0,0.0,0.0
Bermuda,2002,BMU,62163.0,,0.01,1.562,,,0.0,0.0,0.0,0.0,0.0,0.0
Bermuda,2003,BMU,62405.0,,0.01,1.515,,,0.0,0.0,0.0,0.0,0.0,0.0
Bermuda,2004,BMU,62576.0,,0.01,1.515,,,0.0,0.0,0.0,0.0,0.0,0.0
Bermuda,2005,BMU,62730.0,,0.01,1.449,,,0.0,0.0,0.0,0.0,0.0,0.0
Bermuda,2006,BMU,62855.0,,0.01,1.408,,,0.0,0.0,0.0,0.0,0.0,0.0
Bermuda,2007,BMU,63030.0,,0.01,1.37,,,0.0,0.0,0.0,0.0,0.0,0.0
Bermuda,2008,BMU,63319.0,,0.01,1.389,,,0.0,0.0,0.0,0.0,0.0,0.0
Bermuda,2009,BMU,63587.0,,0.01,1.351,,,0.0,0.0,0.0,0.0,0.0,0.0
Bermuda,2010,BMU,63748.0,,0.01,1.351,,,0.0,0.0,0.0,0.0,0.0,0.0
Bermuda,2011,BMU,63753.0,,0.01,1.37,,,0.0,0.0,0.0,0.0,0.0,0.0
Bermuda,2012,BMU,63665.0,,0.01,1.429,,,0.0,0.0,0.0,0.0,0.0,0.0
Bermuda,2013,BMU,63593.0,,0.01,1.471,,,0.0,0.0,0.0,0.0,0.0,0.0
Bermuda,2014,BMU,63551.0,,0.01,1.515,,,0.0,0.0,0.0,0.0,0.0,0.0
Bermuda,2015,BMU,63482.0,,0.01,1.493,,,0.0,0.0,0.0,0.0,0.0,0.0
Bermuda,2016,BMU,63466.0,,0.01,1.515,,,0.0,0.0,0.0,0.0,0.0,0.0
Bermuda,2017,BMU,63603.0,,0.01,1.493,,,0.0,0.0,0.0,0.0,0.0,0.0
Bermuda,2018,BMU,63852.0,,0.01,1.562,,,0.0,0.0,0.0,0.0,0.0,0.0
Bermuda,2019,BMU,64130.0,,0.01,1.639,,,0.0,0.0,0.0,0.0,0.0,0.0
Bermuda,2020,BMU,64404.0,,0.01,1.695,,,0.0,0.0,0.0,0.0,0.0,0.0
Bermuda,2021,BMU,64672.0,,0.01,1.695,,,0.0,0.0,0.0,0.0,0.0,0.0
Bermuda,2022,BMU,64772.0,,0.01,1.587,,,0.0,0.0,0.0,0.0,0.0,0.0
Bermuda,2023,BMU,64721.0,,0.01,1.562,,,0.0,0.0,0.0,0.0,0.0,0.0
Bhutan,2000,BTN,596871.0,,1.79,100.0,,,0.0,0.0,0.0,0.0,1.79,100.0
Bhutan,2001,BTN,610801.0,,1.92,100.0,,,0.0,0.0,0.0,0.0,1.92,100.0
Bhutan,2002,BTN,624417.0,,2.18,100.0,,,0.0,0.0,0.0,0.0,2.18,100.0
Bhutan,2003,BTN,637667.0,,2.5,100.0,,,0.0,0.0,0.0,0.0,2.5,100.0
Bhutan,2004,BTN,650559.0,,2.33,100.0,,,0.0,0.0,0.0,0.0,2.33,100.0
Bhutan,2005,BTN,661875.0,,2.62,100.0,,,0.0,0.0,0.0,0.0,2.62,100.0
Bhutan,2006,BTN,670803.0,,4.47,100.0,,,0.0,0.0,0.0,0.0,4.47,100.0
Bhutan,2007,BTN,678643.0,,6.49,100.0,,,0.0,0.0,0.0,0.0,6.49,100.0
Bhutan,2008,BTN,686359.0,,6.89,100.0,,,0.0,0.0,0.0,0.0,6.89,100.0
Bhutan,2009,BTN,693994.0,,6.93,100.0,,,0.0,0.0,0.0,0.0,6.93,100.0
Bhutan,2010,BTN,701638.0,,7.26,100.0,,,0.0,0.0,0.0,0.0,7.26,100.0
Bhutan,2011,BTN,709387.0,,6.97,100.0,,,0.0,0.0,0.0,0.0,6.97,100.0
Bhutan,2012,BTN,717288.0,,6.74,100.0,,,0.0,0.0,0.0,0.0,6.74,100.0
Bhutan,2013,BTN,725282.0,,7.53,100.0,,,0.0,0.0,0.0,0.0,7.53,100.0
Bhutan,2014,BTN,733151.0,,7.15,100.0,,,0.0,0.0,0.0,0.0,7.15,100.0
Bhutan,2015,BTN,740623.0,,7.73,100.0,,,0.0,0.0,0.0,0.0,7.73,100.0
Bhutan,2016,BTN,747878.0,,7.88,100.0,,,0.0,0.0,0.0,0.0,7.88,100.0
Bhutan,2017,BTN,754343.0,,7.65,100.0,,,0.0,0.0,0.0,0.0,7.65,100.0
Bhutan,2018,BTN,759766.0,,6.89,100.0,,,0.0,0.0,0.0,0.0,6.89,100.0
Bhutan,2019,BTN,764830.0,,8.65,100.0,,,0.0,0.0,0.0,0.0,8.65,100.0
Bhutan,2020,BTN,770013.0,,11.37,100.0,,,0.0,0.0,0.0,0.0,11.37,100.0
Bhutan,2021,BTN,775450.0,,10.82,100.0,,,0.0,0.0,0.0,0.0,10.82,100.0
Bhutan,2022,BTN,780921.0,,10.77,100.0,,,0.0,0.0,0.0,0.0,10.77,100.0
Bhutan,2023,BTN,786386.0,,11.16,100.0,,,0.0,0.0,0.0,0.0,11.16,100.0
Bolivia,2000,BOL,8606330.0,34126236477.0,2.0,51.546,,,0.0,0.0,0.0,0.0,1.95,50.258
Bolivia,2001,BOL,8752740.0,34794954024.0,2.16,54.545,,,0.0,0.0,0.0,0.0,2.11,53.283
Bolivia,2002,BOL,8900358.0,35770128530.0,2.23,53.606,,,0.0,0.0,0.0,0.0,2.18,52.404
Bolivia,2003,BOL,9050703.0,36849589696.0,2.02,46.651,,,0.0,0.0,0.0,0.0,1.97,45.497
Bolivia,2004,BOL,9204297.0,38518211935.0,2.19,48.344,,,0.0,0.0,0.0,0.0,2.13,47.02
Bolivia,2005,BOL,9360758.0,40366066215.0,2.0,40.9,,,0.0,0.0,0.0,0.0,1.94,39.673
Bolivia,2006,BOL,9521685.0,42467223163.0,2.18,43.6,,,0.0,0.0,0.0,0.0,2.14,42.8
Bolivia,2007,BOL,9685960.0,44577390720.0,2.35,43.199,,,0.0,0.0,0.0,0.0,2.3,42.279
Bolivia,2008,BOL,9850859.0,47500614555.0,2.35,39.696,,,0.0,0.0,0.0,0.0,2.29,38.682
Bolivia,2009,BOL,10016279.0,49290119749.0,2.35,37.842,,,0.0,0.0,0.0,0.0,2.27,36.554
Bolivia,2010,BOL,10182345.0,51541502268.0,2.24,33.684,,,0.0,0.0,0.0,0.0,2.16,32.481
Bolivia,2011,BOL,10348931.0,54437027542.0,2.41,33.992,,,0.0,0.0,0.0,0.0,2.32,32.722
Bolivia,2012,BOL,10515814.0,57225289193.0,2.41,32.524,,,0.0,0.0,0.0,0.0,2.33,31.444
Bolivia,2013,BOL,10682612.0,61114326124.0,2.64,33.803,,,0.0,0.0,0.0,0.0,2.51,32.138
Bolivia,2014,BOL,10848889.0,64451770571.0,2.38,28.675,,,0.01,0.12,0.01,0.12,2.23,26.867
Bolivia,2015,BOL,11014707.0,67582198248.0,2.65,29.444,,,0.0,0.0,0.01,0.111,2.44,27.111
Bolivia,2016,BOL,11180020.0,70463901130.0,1.93,20.753,,,0.01,0.108,0.04,0.43,1.7,18.28
Bolivia,2017,BOL,11344591.0,73419862854.0,2.41,25.13,,,0.01,0.104,0.06,0.626,2.21,23.045
Bolivia,2018,BOL,11508370.0,76521114837.0,2.97,29.582,,,0.13,1.295,0.06,0.598,2.61,25.996
Bolivia,2019,BOL,11671386.0,78217588630.0,3.75,36.162,,,0.19,1.832,0.07,0.675,3.25,31.34
Bolivia,2020,BOL,11816301.0,71382934039.0,3.66,35.638,,,0.33,3.213,0.06,0.584,2.94,28.627
Bolivia,2021,BOL,11937369.0,75741579784.0,4.18,38.454,,,0.35,3.22,0.13,1.196,3.24,29.807
Bolivia,2022,BOL,12077156.0,78165311428.0,4.17,35.733,,,0.35,2.999,0.44,3.77,2.85,24.422
Bolivia,2023,BOL,12244161.0,,4.18,35.008,,,0.35,2.931,0.44,3.685,2.97,24.874
Bolivia,2024,BOL,12413318.0,,4.69,37.976,,,0.34,2.753,0.44,3.563,3.5,28.34
Bosnia and Herzegovina,2000,BIH,4159785.0,27629709487.0,5.09,48.802,,,,,,,5.09,48.802
Bosnia and Herzegovina,2001,BIH,4179446.0,27937499205.0,5.18,48.73,,,,,,,5.18,48.73
Bosnia and Herzegovina,2002,BIH,4188006.0,28997438498.0,5.27,48.842,,,,,,,5.27,48.842
Bosnia and Herzegovina,2003,BIH,4178523.0,29748999379.0,4.5,39.929,,,0.0,0.0,,,4.5,39.929
Bosnia and Herzegovina,2004,BIH,4140990.0,31229543774.0,5.98,46.976,,,0.0,0.0,,,5.98,46.976
Bosnia and Herzegovina,2005,BIH,4096493.0,32159580501.0,6.0,47.619,,,0.0,0.0,,,6.0,47.619
Bosnia and Herzegovina,2006,BIH,4063269.0,33580206309.0,5.84,43.943,,,0.0,0.0,,,5.84,43.943
Bosnia and Herzegovina,2007,BIH,4013420.0,35158268243.0,3.99,33.871,,,0.0,0.0,,,3.99,33.871
Bosnia and Herzegovina,2008,BIH,3947545.0,36676627730.0,4.87,33.197,,,0.0,0.0,,,4.87,33.197
Bosnia and Herzegovina,2009,BIH,3879798.0,35937393954.0,6.24,40.31,,,0.0,0.0,,,6.24,40.31
Bosnia and Herzegovina,2010,BIH,3811480.0,35774435069.0,8.03,47.431,,,0.0,0.0,,,8.03,47.431
Bosnia and Herzegovina,2011,BIH,3741799.0,35664062419.0,4.39,29.131,,,0.0,0.0,0.0,0.0,4.39,29.131
Bosnia and Herzegovina,2012,BIH,3670109.0,35371051813.0,4.15,30.051,,,0.0,0.0,0.0,0.0,4.15,30.051
Bosnia and Herzegovina,2013,BIH,3610857.0,36202157063.0,7.24,41.971,,,0.0,0.0,0.0,0.0,7.24,41.971
Bosnia and Herzegovina,2014,BIH,3564831.0,36619951250.0,5.94,34.88,,,0.01,0.059,0.0,0.0,5.93,34.821
Bosnia and Herzegovina,2015,BIH,3518541.0,38199900995.0,5.55,33.78,,,0.01,0.061,0.0,0.0,5.54,33.719
Bosnia and Herzegovina,2016,BIH,3472997.0,39438504839.0,5.61,31.677,,,0.02,0.113,0.0,0.0,5.59,31.564
Bosnia and Herzegovina,2017,BIH,3428684.0,40717914490.0,3.82,23.522,,,0.02,0.123,0.0,0.0,3.79,23.337
Bosnia and Herzegovina,2018,BIH,3386999.0,42277004927.0,6.55,34.347,,,0.02,0.105,0.1,0.524,6.42,33.665
Bosnia and Herzegovina,2019,BIH,3345532.0,43497123759.0,6.39,36.682,,,0.03,0.172,0.25,1.435,6.1,35.017
Bosnia and Herzegovina,2020,BIH,3299352.0,42185625323.0,4.9,29.184,,,0.05,0.298,0.26,1.549,4.58,27.278
Bosnia and Herzegovina,2021,BIH,3244912.0,45303796505.0,7.18,39.001,,,0.07,0.38,0.38,2.064,6.69,36.339
Bosnia and Herzegovina,2022,BIH,3204802.0,47069138435.0,5.24,32.049,,,0.11,0.673,0.39,2.385,4.71,28.807
Bosnia and Herzegovina,2023,BIH,3185072.0,,6.61,39.182,,,0.2,1.186,0.26,1.541,6.11,36.218
Bosnia and Herzegovina,2024,BIH,3164256.0,,5.46,36.135,,,0.34,2.25,0.27,1.787,4.81,31.833
Bosnia and Herzegovina,2025,BIH,3140098.0,,5.52,39.205,,,0.56,3.977,0.27,1.918,4.65,33.026
Botswana,2000,BWA,1677384.0,13391002424.0,0.0,0.0,,,0.0,0.0,0.0,0.0,0.0,0.0
Botswana,2001,BWA,1712264.0,13725120137.0,0.0,0.0,,,0.0,0.0,0.0,0.0,0.0,0.0
Botswana,2002,BWA,1744765.0,14885467195.0,0.0,0.0,,,0.0,0.0,0.0,0.0,0.0,0.0
Botswana,2003,BWA,1775744.0,15922248755.0,0.0,0.0,,,0.0,0.0,0.0,0.0,0.0,0.0
Botswana,2004,BWA,1807153.0,16720998899.0,0.0,0.0,,,0.0,0.0,0.0,0.0,0.0,0.0
Botswana,2005,BWA,1839881.0,17874650435.0,0.0,0.0,,,0.0,0.0,0.0,0.0,0.0,0.0
Botswana,2006,BWA,1874526.0,19804034564.0,0.0,0.0,,,0.0,0.0,0.0,0.0,0.0,0.0
Botswana,2007,BWA,1911200.0,21924081026.0,0.0,0.0,,,0.0,0.0,0.0,0.0,0.0,0.0
Botswana,2008,BWA,1949973.0,23814412331.0,0.0,0.0,,,0.0,0.0,0.0,0.0,0.0,0.0
Botswana,2009,BWA,1990671.0,22485468865.0,0.0,0.0,,,0.0,0.0,0.0,0.0,0.0,0.0
Botswana,2010,BWA,2033110.0,24958864035.0,0.0,0.0,,,0.0,0.0,0.0,0.0,0.0,0.0
Botswana,2011,BWA,2073538.0,27061119164.0,0.0,0.0,,,0.0,0.0,0.0,0.0,0.0,0.0
Botswana,2012,BWA,2108617.0,27014847416.0,0.0,0.0,,,0.0,0.0,0.0,0.0,0.0,0.0
Botswana,2013,BWA,2140687.0,30014304729.0,0.0,0.0,,,0.0,0.0,0.0,0.0,0.0,0.0
Botswana,2014,BWA,2172053.0,31724220202.0,0.0,0.0,,,0.0,0.0,0.0,0.0,0.0,0.0
Botswana,2015,BWA,2203276.0,30185273524.0,0.0,0.0,,,0.0,0.0,0.0,0.0,0.0,0.0
Botswana,2016,BWA,2234784.0,32359220755.0,0.0,0.0,,,0.0,0.0,0.0,0.0,0.0,0.0
Botswana,2017,BWA,2266749.0,33690154993.0,0.0,0.0,,,0.0,0.0,0.0,0.0,0.0,0.0
Botswana,2018,BWA,2299149.0,35101769105.0,0.01,0.322,,,0.01,0.322,0.0,0.0,0.0,0.0
Botswana,2019,BWA,2332082.0,36166405883.0,0.01,0.398,,,0.01,0.398,0.0,0.0,0.0,0.0
Botswana,2020,BWA,2365895.0,33010529929.0,0.01,0.459,,,0.01,0.459,0.0,0.0,0.0,0.0
Botswana,2021,BWA,2401448.0,36918974292.0,0.01,0.402,,,0.01,0.402,0.0,0.0,0.0,0.0
Botswana,2022,BWA,2439895.0,39293967463.0,0.01,0.391,,,0.01,0.391,0.0,0.0,0.0,0.0
Botswana,2023,BWA,2480242.0,,0.01,0.386,,,0.01,0.386,0.0,0.0,0.0,0.0
Brazil,2000,BRA,174018278.0,1739728033832.0,312.26,89.491,945.207,40.939,0.0,0.0,0.0,0.0,304.4,87.238
Brazil,2001,BRA,176301201.0,1785513006345.0,276.93,84.289,838.67,37.181,0.0,0.0,0.03,0.009,267.88,81.534
Brazil,2002,BRA,178503485.0,1861742323845.0,296.42,85.74,892.357,38.819,0.0,0.0,0.06,0.017,286.09,82.752
Brazil,2003,BRA,180622688.0,1904932706436.0,317.62,87.165,942.937,40.449,0.0,0.0,0.06,0.016,305.62,83.872
Brazil,2004,BRA,182675144.0,2038447931287.0,333.38,86.036,989.595,40.444,0.0,0.0,0.06,0.015,320.8,82.789
Brazil,2005,BRA,184688101.0,2129214530430.0,351.19,87.129,1035.215,41.27,0.0,0.0,0.09,0.022,337.46,83.722
Brazil,2006,BRA,186653099.0,2240805319046.0,363.89,86.754,1061.542,41.147,0.0,0.0,0.24,0.057,348.8,83.157
Brazil,2007,BRA,188552311.0,2405626901513.0,392.74,88.226,1161.013,42.285,0.0,0.0,0.66,0.148,374.02,84.021
Brazil,2008,BRA,190367297.0,2559842659987.0,390.53,84.315,1188.129,41.389,0.0,0.0,1.18,0.255,369.56,79.788
Brazil,2009,BRA,192079958.0,2589568436235.0,415.11,89.047,1261.723,44.157,0.0,0.0,1.24,0.266,390.99,83.873
Brazil,2010,BRA,193701931.0,2820492538862.0,437.41,84.802,1324.56,42.505,0.0,0.0,2.18,0.423,403.29,78.187
Brazil,2011,BRA,195284736.0,2968455007203.0,463.66,87.193,1373.394,42.378,0.0,0.0,2.7,0.508,428.33,80.549
Brazil,2012,BRA,196876113.0,3025484250011.0,456.16,82.563,1342.998,40.259,0.0,0.0,5.05,0.914,415.34,75.175
Brazil,2013,BRA,198478290.0,3116394665745.0,438.54,76.825,1317.562,38.407,0.0,0.0,6.58,1.153,390.99,68.495
Brazil,2014,BRA,200085126.0,3132099937531.0,432.75,73.279,1317.889,37.566,0.02,0.003,12.21,2.068,373.44,63.236
Brazil,2015,BRA,201675534.0,3021043246476.0,431.31,74.208,1343.086,38.708,0.06,0.01,21.63,3.721,359.74,61.894
Brazil,2016,BRA,203218108.0,2922076150345.0,465.82,80.468,1403.47,41.536,0.09,0.016,33.49,5.785,380.91,65.8
Brazil,2017,BRA,204703440.0,2960731613785.0,467.02,79.247,1406.64,41.294,0.83,0.141,42.37,7.19,370.91,62.939
Brazil,2018,BRA,206107265.0,3013541086239.0,495.29,82.358,1505.676,44.126,3.46,0.575,48.48,8.061,388.97,64.678
Brazil,2019,BRA,207455459.0,3050327159562.0,515.44,81.386,1576.005,45.178,6.65,1.05,55.99,8.841,397.88,62.823
Brazil,2020,BRA,208660845.0,2950377451264.0,522.92,83.167,1575.936,47.116,10.75,1.71,57.05,9.073,396.38,63.042
Brazil,2021,BRA,209550291.0,3097565215045.0,507.87,77.372,1531.76,43.673,16.75,2.552,72.29,11.013,362.82,55.274
Brazil,2022,BRA,210306411.0,3187412907763.0,593.89,87.703,1737.903,47.66,30.13,4.449,81.63,12.055,427.11,63.074
Brazil,2023,BRA,211140731.0,,630.19,88.995,1839.673,48.95,50.63,7.15,95.8,13.529,426.0,60.159
Brazil,2024,BRA,211998565.0,,651.26,87.333,1898.276,49.616,71.32,9.564,108.49,14.548,413.21,55.411
British Virgin Islands,2000,VGB,20266.0,,0.0,0.0,,,0.0,0.0,0.0,0.0,0.0,0.0
British Virgin Islands,2001,VGB,20825.0,,0.0,0.0,,,0.0,0.0,0.0,0.0,0.0,0.0
British Virgin Islands,2002,VGB,21454.0,,0.0,0.0,,,0.0,0.0,0.0,0.0,0.0,0.0
British Virgin Islands,2003,VGB,22155.0,,0.0,0.0,,,0.0,0.0,0.0,0.0,0.0,0.0
British Virgin Islands,2004,VGB,22905.0,,0.0,0.0,,,0.0,0.0,0.0,0.0,0.0,0.0
British Virgin Islands,2005,VGB,23693.0,,0.0,0.0,,,0.0,0.0,0.0,0.0,0.0,0.0
British Virgin Islands,2006,VGB,24519.0,,0.0,0.0,,,0.0,0.0,0.0,0.0,0.0,0.0
British Virgin Islands,2007,VGB,25391.0,,0.0,0.0,,,0.0,0.0,0.0,0.0,0.0,0.0
British Virgin Islands,2008,VGB,26308.0,,0.0,0.0,,,0.0,0.0,0.0,0.0,0.0,0.0
British Virgin Islands,2009,VGB,27240.0,,0.0,0.0,,,0.0,0.0,0.0,0.0,0.0,0.0
British Virgin Islands,2010,VGB,27698.0,,0.0,0.0,,,0.0,0.0,0.0,0.0,0.0,0.0
British Virgin Islands,2011,VGB,28733.0,,0.0,0.0,,,0.0,0.0,0.0,0.0,0.0,0.0
British Virgin Islands,2012,VGB,30369.0,,0.0,0.0,,,0.0,0.0,0.0,0.0,0.0,0.0
British Virgin Islands,2013,VGB,31727.0,,0.0,0.0,,,0.0,0.0,0.0,0.0,0.0,0.0
British Virgin Islands,2014,VGB,32988.0,,0.0,0.0,,,0.0,0.0,0.0,0.0,0.0,0.0
British Virgin Islands,2015,VGB,34523.0,,0.0,0.0,,,0.0,0.0,0.0,0.0,0.0,0.0
British Virgin Islands,2016,VGB,33904.0,,0.0,0.0,,,0.0,0.0,0.0,0.0,0.0,0.0
British Virgin Islands,2017,VGB,32724.0,,0.0,0.0,,,0.0,0.0,0.0,0.0,0.0,0.0
British Virgin Islands,2018,VGB,34682.0,,0.0,0.0,,,0.0,0.0,0.0,0.0,0.0,0.0
British Virgin Islands,2019,VGB,36423.0,,0.0,0.0,,,0.0,0.0,0.0,0.0,0.0,0.0
British Virgin Islands,2020,VGB,37161.0,,0.0,0.0,,,0.0,0.0,0.0,0.0,0.0,0.0
British Virgin Islands,2021,VGB,37833.0,,0.0,0.0,,,0.0,0.0,0.0,0.0,0.0,0.0
British Virgin Islands,2022,VGB,38346.0,,0.0,0.0,,,0.0,0.0,0.0,0.0,0.0,0.0
British Virgin Islands,2023,VGB,39009.0,,0.0,0.0,,,0.0,0.0,0.0,0.0,0.0,0.0
Brunei,2000,BRN,326429.0,,0.0,0.0,,,0.0,0.0,0.0,0.0,0.0,0.0
Brunei,2001,BRN,333353.0,,0.0,0.0,,,0.0,0.0,0.0,0.0,0.0,0.0
Brunei,2002,BRN,340108.0,,0.0,0.0,,,0.0,0.0,0.0,0.0,0.0,0.0
Brunei,2003,BRN,346650.0,,0.0,0.0,,,0.0,0.0,0.0,0.0,0.0,0.0
Brunei,2004,BRN,352921.0,,0.0,0.0,,,0.0,0.0,0.0,0.0,0.0,0.0
Brunei,2005,BRN,358930.0,,0.0,0.0,,,0.0,0.0,0.0,0.0,0.0,0.0
Brunei,2006,BRN,364670.0,,0.0,0.0,,,0.0,0.0,0.0,0.0,0.0,0.0
Brunei,2007,BRN,370883.0,,0.0,0.0,,,0.0,0.0,0.0,0.0,0.0,0.0
Brunei,2008,BRN,377800.0,,0.0,0.0,,,0.0,0.0,0.0,0.0,0.0,0.0
Brunei,2009,BRN,384965.0,,0.0,0.0,,,0.0,0.0,0.0,0.0,0.0,0.0
Brunei,2010,BRN,392340.0,,0.0,0.0,,,0.0,0.0,0.0,0.0,0.0,0.0
Brunei,2011,BRN,399395.0,,0.0,0.0,,,0.0,0.0,0.0,0.0,0.0,0.0
Brunei,2012,BRN,405564.0,,0.0,0.0,,,0.0,0.0,0.0,0.0,0.0,0.0
Brunei,2013,BRN,411205.0,,0.0,0.0,,,0.0,0.0,0.0,0.0,0.0,0.0
Brunei,2014,BRN,416757.0,,0.0,0.0,,,0.0,0.0,0.0,0.0,0.0,0.0
Brunei,2015,BRN,422223.0,,0.0,0.0,,,0.0,0.0,0.0,0.0,0.0,0.0
Brunei,2016,BRN,427571.0,,0.0,0.0,,,0.0,0.0,0.0,0.0,0.0,0.0
Brunei,2017,BRN,432787.0,,0.0,0.0,,,0.0,0.0,0.0,0.0,0.0,0.0
Brunei,2018,BRN,437811.0,,0.0,0.0,,,0.0,0.0,0.0,0.0,0.0,0.0
Brunei,2019,BRN,442690.0,,0.0,0.0,,,0.0,0.0,0.0,0.0,0.0,0.0
Brunei,2020,BRN,447411.0,,0.0,0.0,,,0.0,0.0,0.0,0.0,0.0,0.0
Brunei,2021,BRN,451722.0,,0.0,0.0,,,0.0,0.0,0.0,0.0,0.0,0.0
Brunei,2022,BRN,455374.0,,0.0,0.0,,,0.0,0.0,0.0,0.0,0.0,0.0
Brunei,2023,BRN,458959.0,,0.0,0.0,,,0.0,0.0,0.0,0.0,0.0,0.0
Bulgaria,2000,BGR,8000519.0,67719765830.0,2.63,6.479,7.308,3.386,0.0,0.0,,,2.63,6.479
Bulgaria,2001,BGR,7928455.0,68877651140.0,1.65,3.798,4.561,2.044,0.0,0.0,,,1.65,3.798
Bulgaria,2002,BGR,7861949.0,73450036758.0,2.12,5.038,5.797,2.681,0.0,0.0,,,2.12,5.038
Bulgaria,2003,BGR,7804405.0,77722336425.0,2.99,7.072,8.161,3.646,0.0,0.0,,,2.99,7.072
Bulgaria,2004,BGR,7749430.0,83228668873.0,3.14,7.592,8.509,3.931,0.0,0.0,0.0,0.0,3.14,7.592
Bulgaria,2005,BGR,7695047.0,89684785590.0,4.3,9.797,11.565,4.937,0.0,0.0,0.0,0.0,4.3,9.797
Bulgaria,2006,BGR,7640292.0,96404598197.0,4.23,9.309,11.318,4.738,0.0,0.0,0.02,0.044,4.21,9.265
Bulgaria,2007,BGR,7586896.0,104058200673.0,2.88,6.726,7.651,3.307,0.0,0.0,0.05,0.117,2.83,6.609
Bulgaria,2008,BGR,7535589.0,110900337989.0,2.93,6.586,7.759,3.391,0.0,0.0,0.12,0.27,2.79,6.271
Bulgaria,2009,BGR,7488016.0,107365071902.0,3.68,8.698,9.723,4.846,0.0,0.0,0.24,0.567,3.43,8.107
Bulgaria,2010,BGR,7437594.0,109045208364.0,5.76,12.541,15.211,7.258,0.01,0.022,0.68,1.481,5.03,10.951
Bulgaria,2011,BGR,7380023.0,109435363210.0,3.89,7.786,10.301,4.618,0.1,0.2,0.86,1.721,2.87,5.745
Bulgaria,2012,BGR,7317020.0,110261509885.0,5.25,11.3,14.525,6.861,0.78,1.679,1.22,2.626,3.18,6.845
Bulgaria,2013,BGR,7264605.0,109643527181.0,6.91,16.062,19.013,9.694,1.39,3.231,1.37,3.185,4.04,9.391
Bulgaria,2014,BGR,7223450.0,110703533681.0,7.39,15.75,20.18,9.634,1.26,2.685,1.33,2.835,4.6,9.804
Bulgaria,2015,BGR,7177515.0,114498611934.0,8.75,17.963,23.999,10.787,1.38,2.833,1.45,2.977,5.65,11.599
Bulgaria,2016,BGR,7127436.0,117979077002.0,7.04,15.81,19.781,9.37,1.39,3.121,1.42,3.189,3.88,8.713
Bulgaria,2017,BGR,7075642.0,121237951710.0,6.13,13.671,17.469,8.073,1.4,3.122,1.5,3.345,2.83,6.311
Bulgaria,2018,BGR,7024745.0,124492855771.0,9.38,20.168,26.206,12.096,1.34,2.881,1.32,2.838,5.15,11.073
Bulgaria,2019,BGR,6975466.0,129520075495.0,7.49,17.132,21.759,10.38,1.42,3.248,1.32,3.019,2.93,6.702
Bulgaria,2020,BGR,6933656.0,124392792956.0,7.47,18.61,21.521,11.122,1.47,3.662,1.48,3.687,2.82,7.025
Bulgaria,2021,BGR,6877222.0,133889804025.0,10.31,21.834,29.074,13.231,1.47,3.113,1.43,3.028,4.82,10.208
Bulgaria,2022,BGR,6825862.0,138390156500.0,9.63,19.153,27.346,12.026,2.09,4.157,1.5,2.983,3.8,7.558
Bulgaria,2023,BGR,6795805.0,,10.08,25.131,27.838,14.288,3.52,8.776,1.61,4.014,3.08,7.679
Bulgaria,2024,BGR,6757686.0,,11.49,29.977,31.13,16.425,5.49,14.323,1.49,3.887,2.79,7.279
Bulgaria,2025,BGR,6714556.0,,12.48,32.851,,,6.89,18.136,1.35,3.554,2.53,6.66
Burkina Faso,2000,BFA,11925548.0,14546973590.0,0.1,25.641,,,0.0,0.0,0.0,0.0,0.1,25.641
Burkina Faso,2001,BFA,12294996.0,15179805834.0,0.05,13.889,,,0.0,0.0,0.0,0.0,0.05,13.889
Burkina Faso,2002,BFA,12680904.0,15543232009.0,0.06,16.667,,,0.0,0.0,0.0,0.0,0.06,16.667
Burkina Faso,2003,BFA,13082530.0,16390237677.0,0.1,22.222,,,0.0,0.0,0.0,0.0,0.1,22.222
Burkina Faso,2004,BFA,13500536.0,16718435442.0,0.1,21.277,,,0.0,0.0,0.0,0.0,0.1,21.277
Burkina Faso,2005,BFA,13932127.0,17737650575.0,0.1,19.231,,,0.0,0.0,0.0,0.0,0.1,19.231
Burkina Faso,2006,BFA,14373713.0,18406718353.0,0.08,14.545,,,0.0,0.0,0.0,0.0,0.08,14.545
Burkina Faso,2007,BFA,14816313.0,18724205542.0,0.11,18.033,,,0.0,0.0,0.0,0.0,0.11,18.033
Burkina Faso,2008,BFA,15258103.0,19365623019.0,0.13,21.311,,,0.0,0.0,0.0,0.0,0.13,21.311
Burkina Faso,2009,BFA,15710067.0,19506442026.0,0.13,18.571,,,0.0,0.0,0.0,0.0,0.13,18.571
Burkina Faso,2010,BFA,16176503.0,20688336651.0,0.13,22.414,,,0.01,1.724,0.0,0.0,0.12,20.69
Burkina Faso,2011,BFA,16661907.0,21589787625.0,0.09,16.667,,,0.01,1.852,0.0,0.0,0.08,14.815
Burkina Faso,2012,BFA,17172284.0,22982976785.0,0.11,17.188,,,0.01,1.562,0.0,0.0,0.1,15.625
Burkina Faso,2013,BFA,17695411.0,24314382909.0,0.12,16.0,,,0.01,1.333,0.0,0.0,0.11,14.667
Burkina Faso,2014,BFA,18229466.0,25366464630.0,0.1,11.364,,,0.01,1.136,0.0,0.0,0.09,10.227
Burkina Faso,2015,BFA,18777488.0,26361085012.0,0.1,9.901,,,0.01,0.99,0.0,0.0,0.09,8.911
Burkina Faso,2016,BFA,19334854.0,27931683815.0,0.16,16.162,,,0.02,2.02,0.0,0.0,0.14,14.141
Burkina Faso,2017,BFA,19894413.0,29664279937.0,0.16,14.286,,,0.03,2.679,0.0,0.0,0.13,11.607
Burkina Faso,2018,BFA,20438289.0,31623015393.0,0.27,14.439,,,0.09,4.813,0.0,0.0,0.13,6.952
Burkina Faso,2019,BFA,20961956.0,33422048798.0,0.26,16.25,,,0.09,5.625,0.0,0.0,0.11,6.875
Burkina Faso,2020,BFA,21478691.0,34067429050.0,0.3,18.868,,,0.09,5.66,0.0,0.0,0.11,6.918
Burkina Faso,2021,BFA,21995249.0,36419784717.0,0.31,18.129,,,0.09,5.263,0.0,0.0,0.13,7.602
Burkina Faso,2022,BFA,22509038.0,37320442404.0,0.26,15.385,,,0.09,5.325,0.0,0.0,0.08,4.734
Burkina Faso,2023,BFA,23025777.0,,0.3,17.341,,,0.09,5.202,0.0,0.0,0.12,6.936
Burundi,2000,BDI,6470196.0,4647178132.0,0.1,100.0,,,0.0,0.0,0.0,0.0,0.1,100.0
Burundi,2001,BDI,6634368.0,4722946125.0,0.11,100.0,,,0.0,0.0,0.0,0.0,0.11,100.0
Burundi,2002,BDI,6824139.0,4917697691.0,0.13,100.0,,,0.0,0.0,0.0,0.0,0.13,100.0
Burundi,2003,BDI,7043158.0,4852463827.0,0.1,100.0,,,0.0,0.0,0.0,0.0,0.1,100.0
Burundi,2004,BDI,7310656.0,5086686387.0,0.09,100.0,,,0.0,0.0,0.0,0.0,0.09,100.0
Burundi,2005,BDI,7587303.0,5144959327.0,0.09,100.0,,,0.0,0.0,0.0,0.0,0.09,100.0
Burundi,2006,BDI,7865545.0,5422209655.0,0.09,100.0,,,0.0,0.0,0.0,0.0,0.09,100.0
Burundi,2007,BDI,8161879.0,5601361293.0,0.12,100.0,,,0.0,0.0,0.0,0.0,0.12,100.0
Burundi,2008,BDI,8505643.0,5894788502.0,0.11,100.0,,,0.0,0.0,0.0,0.0,0.11,100.0
Burundi,2009,BDI,8947653.0,6197653893.0,0.12,100.0,,,0.0,0.0,0.0,0.0,0.12,100.0
Burundi,2010,BDI,9376448.0,6558969212.0,0.14,87.5,,,0.0,0.0,0.0,0.0,0.14,87.5
Burundi,2011,BDI,9717980.0,6787360000.0,0.14,93.333,,,0.0,0.0,0.0,0.0,0.13,86.667
Burundi,2012,BDI,10071033.0,7086796000.0,0.15,100.0,,,0.0,0.0,0.0,0.0,0.14,93.333
Burundi,2013,BDI,10439346.0,7430922000.0,0.15,88.235,,,0.0,0.0,0.0,0.0,0.14,82.353
Burundi,2014,BDI,10799789.0,7764240000.0,0.15,83.333,,,0.0,0.0,0.0,0.0,0.14,77.778
Burundi,2015,BDI,11047581.0,7340438000.0,0.15,83.333,,,0.0,0.0,0.0,0.0,0.14,77.778
Burundi,2016,BDI,11239459.0,7554391939.0,0.16,88.889,,,0.01,5.556,0.0,0.0,0.14,77.778
Burundi,2017,BDI,11506764.0,7833860723.0,0.21,75.0,,,0.01,3.571,0.0,0.0,0.19,67.857
Burundi,2018,BDI,11859444.0,8207327776.0,0.25,71.429,,,0.0,0.0,0.0,0.0,0.24,68.571
Burundi,2019,BDI,12255339.0,8573379471.0,0.27,69.231,,,0.0,0.0,0.0,0.0,0.26,66.667
Burundi,2020,BDI,12617041.0,8635657446.0,0.28,75.676,,,0.0,0.0,0.0,0.0,0.27,72.973
Burundi,2021,BDI,12965487.0,8956206318.0,0.27,69.231,,,0.0,0.0,0.0,0.0,0.26,66.667
Burundi,2022,BDI,13321102.0,9177077459.0,0.27,69.231,,,0.0,0.0,0.0,0.0,0.26,66.667
Burundi,2023,BDI,13689455.0,,0.27,69.231,,,0.0,0.0,0.0,0.0,0.26,66.667
Cambodia,2000,KHM,12462343.0,20435399154.0,0.05,15.152,,,0.0,0.0,0.0,0.0,0.05,15.152
Cambodia,2001,KHM,12658486.0,21587210573.0,0.03,10.714,,,0.0,0.0,0.0,0.0,0.03,10.714
Cambodia,2002,KHM,12855249.0,22474402661.0,0.03,5.263,,,0.0,0.0,0.0,0.0,0.03,5.263
Cambodia,2003,KHM,13050977.0,23833222981.0,0.05,7.813,,,0.0,0.0,0.0,0.0,0.04,6.25
Cambodia,2004,KHM,13244737.0,25705927295.0,0.04,5.263,,,0.0,0.0,0.0,0.0,0.03,3.947
Cambodia,2005,KHM,13439203.0,28474467511.0,0.05,5.263,,,0.0,0.0,0.0,0.0,0.04,4.211
Cambodia,2006,KHM,13639032.0,30776292972.0,0.06,5.128,,,0.0,0.0,0.0,0.0,0.05,4.274
Cambodia,2007,KHM,13841773.0,33022342696.0,0.07,4.698,,,0.0,0.0,0.0,0.0,0.05,3.356
Cambodia,2008,KHM,14053479.0,34271375874.0,0.06,4.054,,,0.0,0.0,0.0,0.0,0.04,2.703
Cambodia,2009,KHM,14276819.0,34042366543.0,0.06,4.762,,,0.0,0.0,0.0,0.0,0.04,3.175
Cambodia,2010,KHM,14500730.0,34365990229.0,0.05,4.95,,,0.0,0.0,0.0,0.0,0.03,2.97
Cambodia,2011,KHM,14722587.0,35746712625.0,0.07,6.604,,,0.0,0.0,0.0,0.0,0.05,4.717
Cambodia,2012,KHM,14945090.0,38360866456.0,0.54,36.986,,,0.01,0.685,0.0,0.0,0.51,34.932
Cambodia,2013,KHM,15170210.0,41183075555.0,1.03,56.906,,,0.01,0.552,0.0,0.0,1.01,55.801
Cambodia,2014,KHM,15396771.0,44124784572.0,1.86,59.807,,,0.01,0.322,0.0,0.0,1.83,58.842
Cambodia,2015,KHM,15623253.0,47229402407.0,2.04,44.541,,,0.02,0.437,0.0,0.0,1.98,43.231
Cambodia,2016,KHM,15852802.0,50470756754.0,2.66,46.422,,,0.03,0.524,0.0,0.0,2.59,45.201
Cambodia,2017,KHM,16073374.0,54002196805.0,2.79,40.73,,,0.03,0.438,0.0,0.0,2.71,39.562
Cambodia,2018,KHM,16274522.0,58035619609.0,5.08,59.346,,,0.04,0.467,0.0,0.0,4.97,58.061
Cambodia,2019,KHM,16481305.0,62129452776.0,4.46,49.336,,,0.12,1.327,0.0,0.0,4.24,46.903
Cambodia,2020,KHM,16725484.0,60205930987.0,4.43,49.442,,,0.31,3.46,0.0,0.0,4.05,45.201
Cambodia,2021,KHM,16974309.0,62027758832.0,5.93,58.829,,,0.63,6.25,0.0,0.0,5.25,52.083
Cambodia,2022,KHM,17201721.0,65136593996.0,6.9,64.789,,,0.73,6.854,0.0,0.0,6.16,57.84
Cambodia,2023,KHM,17423884.0,,6.13,44.517,,,0.8,5.81,0.0,0.0,5.32,38.635
Cambodia,2024,KHM,17638804.0,,6.4,40.712,,,1.07,6.807,0.0,0.0,5.3,33.715
Cameroon,2000,CMR,14912632.0,31207712778.0,3.41,98.841,,,0.0,0.0,0.0,0.0,3.41,98.841
Cameroon,2001,CMR,15309489.0,33173869115.0,3.44,98.006,,,0.0,0.0,0.0,0.0,3.44,98.006
Cameroon,2002,CMR,15725534.0,35058274715.0,3.15,96.33,,,0.0,0.0,0.0,0.0,3.15,96.33
Cameroon,2003,CMR,16160340.0,37066671075.0,3.49,95.616,,,0.0,0.0,0.0,0.0,3.49,95.616
Cameroon,2004,CMR,16610485.0,39050234319.0,3.88,95.332,,,0.0,0.0,0.0,0.0,3.88,95.332
Cameroon,2005,CMR,17074599.0,40566543367.0,3.73,94.192,,,0.0,0.0,0.0,0.0,3.73,94.192
Cameroon,2006,CMR,17550403.0,42544656064.0,4.49,88.735,,,0.0,0.0,0.0,0.0,3.85,76.087
Cameroon,2007,CMR,18049897.0,44640871980.0,3.89,74.664,,,0.0,0.0,0.0,0.0,3.81,73.129
Cameroon,2008,CMR,18574052.0,46686367319.0,4.27,75.709,,,0.0,0.0,0.0,0.0,4.19,74.291
Cameroon,2009,CMR,19113978.0,48395507236.0,4.05,70.557,,,0.0,0.0,0.0,0.0,3.98,69.338
Cameroon,2010,CMR,19668063.0,50826589427.0,4.28,73.038,,,0.0,0.0,0.0,0.0,4.22,72.014
Cameroon,2011,CMR,20232312.0,53836234148.0,4.41,75.0,,,0.0,0.0,0.0,0.0,4.35,73.98
Cameroon,2012,CMR,20809530.0,56263171005.0,4.27,78.637,,,0.0,0.0,0.0,0.0,4.21,77.532
Cameroon,2013,CMR,21402379.0,59069016946.0,4.4,69.401,,,0.0,0.0,0.0,0.0,4.33,68.297
Cameroon,2014,CMR,22059894.0,62482615428.0,4.41,64.006,,,0.01,0.145,0.0,0.0,4.33,62.845
Cameroon,2015,CMR,22763418.0,65981645134.0,4.37,54.899,,,0.01,0.126,0.0,0.0,4.32,54.271
Cameroon,2016,CMR,23454165.0,68936963106.0,4.38,61.603,,,0.01,0.141,0.0,0.0,4.33,60.9
Cameroon,2017,CMR,24128609.0,71378025048.0,5.1,63.354,,,0.02,0.248,0.0,0.0,5.04,62.609
Cameroon,2018,CMR,24806377.0,74248839020.0,5.03,58.899,,,0.02,0.234,0.0,0.0,4.97,58.197
Cameroon,2019,CMR,25506095.0,76789634582.0,5.09,61.473,,,0.02,0.242,0.0,0.0,5.03,60.749
Cameroon,2020,CMR,26210566.0,77203536828.0,5.29,60.114,,,0.02,0.227,0.0,0.0,5.23,59.432
Cameroon,2021,CMR,26915765.0,80020685294.0,5.29,62.901,,,0.02,0.238,0.0,0.0,5.23,62.188
Cameroon,2022,CMR,27632770.0,82727797383.0,5.29,64.908,,,0.02,0.245,0.0,0.0,5.23,64.172
Cameroon,2023,CMR,28372690.0,,5.32,63.866,,,0.02,0.24,0.0,0.0,5.26,63.145
Canada,2000,CAN,30891800.0,1137681278760.0,365.96,60.607,1021.193,28.536,0.02,0.003,0.26,0.043,356.76,59.084
Canada,2001,CAN,31213578.0,1161459919261.0,341.54,58.109,948.536,27.032,0.02,0.003,0.33,0.056,331.52,56.404
Canada,2002,CAN,31535579.0,1199865635264.0,359.75,59.979,991.027,27.335,0.02,0.003,0.41,0.068,349.27,58.232
Canada,2003,CAN,31836483.0,1224575760991.0,346.27,58.862,948.963,26.02,0.02,0.003,0.69,0.117,336.14,57.14
Canada,2004,CAN,32132680.0,1265917327101.0,349.15,58.338,951.993,25.7,0.01,0.002,0.94,0.157,338.4,56.541
Canada,2005,CAN,32440172.0,1310077836124.0,372.71,60.066,1007.859,27.043,0.02,0.003,1.57,0.253,361.96,58.334
Canada,2006,CAN,32759174.0,1348293394113.0,364.32,59.879,980.157,27.208,0.02,0.003,2.47,0.406,352.89,58.0
Canada,2007,CAN,33092171.0,1379925831954.0,379.65,59.864,1021.608,26.53,0.03,0.005,3.01,0.475,367.62,57.967
Canada,2008,CAN,33449088.0,1397938727409.0,389.3,61.296,1040.321,27.374,0.04,0.006,3.79,0.597,377.49,59.437
Canada,2009,CAN,33826370.0,1360538049277.0,384.38,62.616,1022.277,27.993,0.11,0.018,6.64,1.082,368.69,60.06
Canada,2010,CAN,34196900.0,1406355361431.0,370.67,61.063,981.038,26.567,0.26,0.043,8.72,1.437,351.39,57.887
Canada,2011,CAN,34555449.0,1454221365109.0,396.69,62.151,1049.958,27.419,0.57,0.089,10.19,1.597,375.72,58.865
Canada,2012,CAN,34922513.0,1479829523672.0,403.37,63.369,1067.505,27.863,0.88,0.138,11.31,1.777,380.27,59.74
Canada,2013,CAN,35293421.0,1514296485427.0,415.48,63.365,1090.315,27.745,1.5,0.229,11.15,1.7,391.79,59.752
Canada,2014,CAN,35634265.0,1557757464897.0,407.24,62.367,1064.06,27.026,2.12,0.325,12.82,1.963,382.5,58.578
Canada,2015,CAN,35962236.0,1568025782105.0,422.04,63.841,1095.191,27.733,2.89,0.437,26.97,4.08,382.19,57.813
Canada,2016,CAN,36353345.0,1583727974022.0,430.73,64.565,1109.252,28.46,3.01,0.451,30.93,4.636,385.43,57.774
Canada,2017,CAN,36808498.0,1631871440185.0,440.56,65.819,1132.01,28.65,3.31,0.495,31.51,4.708,394.59,58.951
Canada,2018,CAN,37294996.0,1677189073139.0,433.39,65.546,1109.259,27.664,3.49,0.528,33.47,5.062,385.89,58.362
Canada,2019,CAN,37782934.0,1708858221312.0,428.71,65.382,1092.604,27.407,3.75,0.572,32.88,5.014,381.77,58.223
Canada,2020,CAN,38171903.0,1622144486274.0,436.79,66.595,1108.259,29.457,4.07,0.621,35.76,5.452,386.55,58.935
Canada,2021,CAN,38454058.0,1703443269914.0,435.39,66.737,1103.852,29.113,5.11,0.783,37.3,5.717,382.43,58.619
Canada,2022,CAN,38821259.0,1761295624423.0,452.47,68.135,1148.453,29.497,5.74,0.864,39.48,5.945,397.73,59.892
Canada,2023,CAN,39299098.0,,419.45,65.397,1063.464,27.858,8.4,1.31,40.51,6.316,360.74,56.243
Canada,2024,CAN,39742429.0,,409.28,64.272,1037.954,27.157,9.42,1.479,46.83,7.354,343.2,53.895
Cape Verde,2000,CPV,453335.0,1540942373.0,0.01,6.667,,,0.0,0.0,0.01,6.667,0.0,0.0
Cape Verde,2001,CPV,460300.0,1663976329.0,0.01,5.882,,,0.0,0.0,0.01,5.882,0.0,0.0
Cape Verde,2002,CPV,467056.0,1787222988.0,0.01,5.263,,,0.0,0.0,0.01,5.263,0.0,0.0
Cape Verde,2003,CPV,473384.0,1904397612.0,0.0,0.0,,,0.0,0.0,0.0,0.0,0.0,0.0
Cape Verde,2004,CPV,479377.0,2022409320.0,0.01,4.545,,,0.0,0.0,0.01,4.545,0.0,0.0
Cape Verde,2005,CPV,485128.0,2194575514.0,0.01,4.167,,,0.0,0.0,0.01,4.167,0.0,0.0
Cape Verde,2006,CPV,490728.0,2457336149.0,0.01,4.0,,,0.0,0.0,0.01,4.0,0.0,0.0
Cape Verde,2007,CPV,496196.0,2720555147.0,0.01,3.704,,,0.0,0.0,0.01,3.704,0.0,0.0
Cape Verde,2008,CPV,501362.0,2956642825.0,0.01,3.448,,,0.0,0.0,0.01,3.448,0.0,0.0
Cape Verde,2009,CPV,506148.0,2969179680.0,0.01,3.226,,,0.0,0.0,0.01,3.226,0.0,0.0
Cape Verde,2010,CPV,509793.0,3071163589.0,0.0,0.0,,,0.0,0.0,0.0,0.0,0.0,0.0
Cape Verde,2011,CPV,511453.0,3248220000.0,0.03,8.108,,,0.01,2.703,0.02,5.405,0.0,0.0
Cape Verde,2012,CPV,511966.0,3287052000.0,0.07,18.421,,,0.01,2.632,0.06,15.789,0.0,0.0
Cape Verde,2013,CPV,512231.0,3310254000.0,0.09,21.951,,,0.01,2.439,0.08,19.512,0.0,0.0
Cape Verde,2014,CPV,512334.0,3375218000.0,0.09,20.93,,,0.01,2.326,0.08,18.605,0.0,0.0
Cape Verde,2015,CPV,512405.0,3421236000.0,0.09,20.93,,,0.01,2.326,0.08,18.605,0.0,0.0
Cape Verde,2016,CPV,512556.0,3573126874.0,0.09,20.0,,,0.01,2.222,0.08,17.778,0.0,0.0
Cape Verde,2017,CPV,512899.0,3751791578.0,0.08,18.605,,,0.01,2.326,0.07,16.279,0.0,0.0
Cape Verde,2018,CPV,513418.0,3892648372.0,0.09,20.93,,,0.01,2.326,0.08,18.605,0.0,0.0
Cape Verde,2019,CPV,514116.0,4189894317.0,0.08,18.182,,,0.01,2.273,0.07,15.909,0.0,0.0
Cape Verde,2020,CPV,514683.0,3381126423.0,0.07,16.667,,,0.01,2.381,0.06,14.286,0.0,0.0
Cape Verde,2021,CPV,516655.0,3611420923.0,0.08,18.605,,,0.01,2.326,0.07,16.279,0.0,0.0
Cape Verde,2022,CPV,519750.0,4251154554.0,0.14,28.0,,,0.07,14.0,0.07,14.0,0.0,0.0
Cayman Islands,2000,CYM,39699.0,,0.0,0.0,,,0.0,0.0,0.0,0.0,0.0,0.0
Cayman Islands,2001,CYM,41109.0,,0.0,0.0,,,0.0,0.0,0.0,0.0,0.0,0.0
Cayman Islands,2002,CYM,42534.0,,0.0,0.0,,,0.0,0.0,0.0,0.0,0.0,0.0
Cayman Islands,2003,CYM,43952.0,,0.0,0.0,,,0.0,0.0,0.0,0.0,0.0,0.0
Cayman Islands,2004,CYM,45372.0,,0.0,0.0,,,0.0,0.0,0.0,0.0,0.0,0.0
Cayman Islands,2005,CYM,46809.0,,0.0,0.0,,,0.0,0.0,0.0,0.0,0.0,0.0
Cayman Islands,2006,CYM,48252.0,,0.0,0.0,,,0.0,0.0,0.0,0.0,0.0,0.0
Cayman Islands,2007,CYM,49709.0,,0.0,0.0,,,0.0,0.0,0.0,0.0,0.0,0.0
Cayman Islands,2008,CYM,51175.0,,0.0,0.0,,,0.0,0.0,0.0,0.0,0.0,0.0
Cayman Islands,2009,CYM,52639.0,,0.0,0.0,,,0.0,0.0,0.0,0.0,0.0,0.0
Cayman Islands,2010,CYM,54120.0,,0.0,0.0,,,0.0,0.0,0.0,0.0,0.0,0.0
Cayman Islands,2011,CYM,55630.0,,0.0,0.0,,,0.0,0.0,0.0,0.0,0.0,0.0
Cayman Islands,2012,CYM,57155.0,,0.0,0.0,,,0.0,0.0,0.0,0.0,0.0,0.0
Cayman Islands,2013,CYM,58678.0,,0.0,0.0,,,0.0,0.0,0.0,0.0,0.0,0.0
Cayman Islands,2014,CYM,60179.0,,0.0,0.0,,,0.0,0.0,0.0,0.0,0.0,0.0
Cayman Islands,2015,CYM,61665.0,,0.0,0.0,,,0.0,0.0,0.0,0.0,0.0,0.0
Cayman Islands,2016,CYM,63121.0,,0.0,0.0,,,0.0,0.0,0.0,0.0,0.0,0.0
Cayman Islands,2017,CYM,64561.0,,0.01,1.471,,,0.01,1.471,0.0,0.0,0.0,0.0
Cayman Islands,2018,CYM,65962.0,,0.01,1.493,,,0.01,1.493,0.0,0.0,0.0,0.0
Cayman Islands,2019,CYM,67346.0,,0.02,2.778,,,0.02,2.778,0.0,0.0,0.0,0.0
Cayman Islands,2020,CYM,68703.0,,0.02,2.899,,,0.02,2.899,0.0,0.0,0.0,0.0
Cayman Islands,2021,CYM,70126.0,,0.02,2.857,,,0.02,2.857,0.0,0.0,0.0,0.0
Cayman Islands,2022,CYM,71610.0,,0.02,2.857,,,0.02,2.857,0.0,0.0,0.0,0.0
Cayman Islands,2023,CYM,73055.0,,0.02,2.857,,,0.02,2.857,0.0,0.0,0.0,0.0
Central African Republic,2000,CAF,3833421.0,3836505744.0,0.08,80.0,,,0.0,0.0,0.0,0.0,0.08,80.0
Central African Republic,2001,CAF,3919498.0,3861482755.0,0.08,72.727,,,0.0,0.0,0.0,0.0,0.08,72.727
Central African Republic,2002,CAF,4006079.0,3833969443.0,0.08,72.727,,,0.0,0.0,0.0,0.0,0.08,72.727
Central African Republic,2003,CAF,4103092.0,3563805910.0,0.08,72.727,,,0.0,0.0,0.0,0.0,0.08,72.727
Central African Republic,2004,CAF,4192828.0,3659297627.0,0.12,80.0,,,0.0,0.0,0.0,0.0,0.12,80.0
Central African Republic,2005,CAF,4288814.0,3745738822.0,0.13,81.25,,,0.0,0.0,0.0,0.0,0.13,81.25
Central African Republic,2006,CAF,4377582.0,3921727514.0,0.14,82.353,,,0.0,0.0,0.0,0.0,0.14,82.353
Central African Republic,2007,CAF,4462777.0,4078141542.0,0.14,87.5,,,0.0,0.0,0.0,0.0,0.14,87.5
Central African Republic,2008,CAF,4558989.0,4185491968.0,0.14,87.5,,,0.0,0.0,0.0,0.0,0.14,87.5
Central African Republic,2009,CAF,4529051.0,4261637773.0,0.14,87.5,,,0.0,0.0,0.0,0.0,0.14,87.5
Central African Republic,2010,CAF,4493003.0,4410453712.0,0.13,81.25,,,0.0,0.0,0.0,0.0,0.13,81.25
Central African Republic,2011,CAF,4565023.0,4499550000.0,0.15,83.333,,,0.0,0.0,0.0,0.0,0.15,83.333
Central African Republic,2012,CAF,4610848.0,4632212000.0,0.15,83.333,,,0.0,0.0,0.0,0.0,0.15,83.333
Central African Republic,2013,CAF,4642423.0,2929689000.0,0.14,100.0,,,0.0,0.0,0.0,0.0,0.14,100.0
Central African Republic,2014,CAF,4623187.0,2960958000.0,0.17,100.0,,,0.0,0.0,0.0,0.0,0.17,100.0
Central African Republic,2015,CAF,4629322.0,3105792000.0,0.17,100.0,,,0.0,0.0,0.0,0.0,0.17,100.0
Central African Republic,2016,CAF,4713663.0,3265229504.0,0.17,100.0,,,0.0,0.0,0.0,0.0,0.17,100.0
Central African Republic,2017,CAF,4793512.0,3421678627.0,0.15,100.0,,,0.0,0.0,0.0,0.0,0.15,100.0
Central African Republic,2018,CAF,4878663.0,3557270233.0,0.15,100.0,,,0.0,0.0,0.0,0.0,0.15,100.0
Central African Republic,2019,CAF,4944708.0,3662931320.0,0.15,100.0,,,0.0,0.0,0.0,0.0,0.15,100.0
Central African Republic,2020,CAF,5026629.0,3698072848.0,0.15,100.0,,,0.0,0.0,0.0,0.0,0.15,100.0
Central African Republic,2021,CAF,5112103.0,3734422040.0,0.15,100.0,,,0.0,0.0,0.0,0.0,0.15,100.0
Central African Republic,2022,CAF,5098038.0,3752056621.0,0.14,100.0,,,0.0,0.0,0.0,0.0,0.14,100.0
Chad,2000,TCD,8512092.0,5599887930.0,0.0,0.0,,,0.0,0.0,0.0,0.0,0.0,0.0
Chad,2001,TCD,8804122.0,6336850686.0,0.0,0.0,,,0.0,0.0,0.0,0.0,0.0,0.0
Chad,2002,TCD,9116195.0,6982839457.0,0.0,0.0,,,0.0,0.0,0.0,0.0,0.0,0.0
Chad,2003,TCD,9487830.0,8110109949.0,0.0,0.0,,,0.0,0.0,0.0,0.0,0.0,0.0
Chad,2004,TCD,9920036.0,11032101494.0,0.0,0.0,,,0.0,0.0,0.0,0.0,0.0,0.0
Chad,2005,TCD,10328094.0,12146441188.0,0.0,0.0,,,0.0,0.0,0.0,0.0,0.0,0.0
Chad,2006,TCD,10706426.0,12214525260.0,0.0,0.0,,,0.0,0.0,0.0,0.0,0.0,0.0
Chad,2007,TCD,11081667.0,14704387197.0,0.0,0.0,,,0.0,0.0,0.0,0.0,0.0,0.0
Chad,2008,TCD,11476299.0,15257312990.0,0.0,0.0,,,0.0,0.0,0.0,0.0,0.0,0.0
Chad,2009,TCD,11893753.0,17078193621.0,0.0,0.0,,,0.0,0.0,0.0,0.0,0.0,0.0
Chad,2010,TCD,12312580.0,19869964230.0,0.0,0.0,,,0.0,0.0,0.0,0.0,0.0,0.0
Chad,2011,TCD,12755004.0,19903398034.0,0.0,0.0,,,0.0,0.0,0.0,0.0,0.0,0.0
Chad,2012,TCD,13211006.0,21656293766.0,0.01,4.167,,,0.0,0.0,0.0,0.0,0.0,0.0
Chad,2013,TCD,13691081.0,22902174388.0,0.01,3.571,,,0.0,0.0,0.0,0.0,0.0,0.0
Chad,2014,TCD,14188680.0,24480827952.0,0.01,3.333,,,0.0,0.0,0.0,0.0,0.0,0.0
Chad,2015,TCD,14647626.0,24914134960.0,0.01,3.333,,,0.0,0.0,0.0,0.0,0.0,0.0
Chad,2016,TCD,15114652.0,23529405356.0,0.02,6.452,,,0.0,0.0,0.01,3.226,0.0,0.0
Chad,2017,TCD,15622756.0,22969403286.0,0.02,6.25,,,0.0,0.0,0.01,3.125,0.0,0.0
Chad,2018,TCD,16156535.0,23510339039.0,0.02,5.882,,,0.0,0.0,0.01,2.941,0.0,0.0
Chad,2019,TCD,16685223.0,24314153239.0,0.02,5.714,,,0.0,0.0,0.01,2.857,0.0,0.0
Chad,2020,TCD,17224686.0,23793345004.0,0.02,5.714,,,0.0,0.0,0.01,2.857,0.0,0.0
Chad,2021,TCD,17828274.0,23531147275.0,0.02,4.651,,,0.0,0.0,0.01,2.326,0.0,0.0
Chad,2022,TCD,18455319.0,24118013870.0,0.02,5.128,,,0.0,0.0,0.01,2.564,0.0,0.0
Chile,2000,CHL,15503638.0,233340518904.0,20.49,49.83,57.3,18.856,0.0,0.0,0.0,0.0,19.55,47.544
Chile,2001,CHL,15683852.0,239642803054.0,22.87,54.041,65.168,21.061,0.0,0.0,0.01,0.024,20.79,49.126
Chile,2002,CHL,15857926.0,243288829547.0,23.99,55.226,69.111,21.834,0.0,0.0,0.01,0.023,22.04,50.737
Chile,2003,CHL,16024755.0,250723122339.0,23.28,49.925,66.905,21.012,0.0,0.0,0.01,0.021,21.46,46.022
Chile,2004,CHL,16187324.0,264146071325.0,23.8,46.667,63.188,18.554,0.0,0.0,0.01,0.02,21.76,42.667
Chile,2005,CHL,16348780.0,278000705012.0,28.02,53.658,74.364,21.083,0.0,0.0,0.01,0.019,26.22,50.211
Chile,2006,CHL,16509195.0,293258343549.0,30.28,55.015,79.932,21.915,0.0,0.0,0.01,0.018,28.84,52.398
Chile,2007,CHL,16671571.0,305709457316.0,25.61,43.943,67.856,18.572,0.0,0.0,0.01,0.017,22.9,39.293
Chile,2008,CHL,16838987.0,314032357531.0,27.07,45.526,75.341,20.647,0.0,0.0,0.04,0.067,23.95,40.279
Chile,2009,CHL,17009730.0,306660166266.0,29.39,48.683,76.894,21.976,0.0,0.0,0.08,0.133,25.04,41.478
Chile,2010,CHL,17181463.0,321457401232.0,24.22,40.199,68.176,18.941,0.0,0.0,0.33,0.548,21.64,35.917
Chile,2011,CHL,17351810.0,338708860136.0,25.95,39.528,67.492,17.672,0.0,0.0,0.34,0.518,20.94,31.896
Chile,2012,CHL,17519116.0,359556383692.0,25.24,36.28,71.715,17.976,0.0,0.0,0.41,0.589,19.98,28.719
Chile,2013,CHL,17687006.0,371454072393.0,26.0,35.695,73.875,18.024,0.01,0.014,0.55,0.755,19.68,27.018
Chile,2014,CHL,17864192.0,378114271615.0,30.06,42.839,79.071,19.519,0.48,0.684,1.44,2.052,22.81,32.507
Chile,2015,CHL,18047630.0,386251266445.0,32.36,43.199,85.992,21.0,1.24,1.655,2.11,2.817,23.4,31.237
Chile,2016,CHL,18267225.0,393022253885.0,33.81,42.89,83.049,19.341,2.59,3.286,2.45,3.108,22.81,28.936
Chile,2017,CHL,18558868.0,398359518680.0,34.37,43.545,95.397,21.426,3.84,4.865,3.52,4.46,20.89,26.466
Chile,2018,CHL,18893185.0,414254051745.0,37.5,45.866,108.401,23.426,5.12,6.262,3.58,4.379,22.9,28.009
Chile,2019,CHL,19197748.0,417331966568.0,38.81,46.213,105.567,22.541,6.3,7.502,4.89,5.823,22.03,26.232
Chile,2020,CHL,19370621.0,391686945225.0,40.49,48.445,108.616,24.874,7.53,9.009,5.55,6.64,21.93,26.238
Chile,2021,CHL,19456323.0,437659188270.0,43.07,49.432,110.322,23.421,10.56,12.12,7.62,8.746,18.96,21.761
Chile,2022,CHL,19553033.0,448338105532.0,50.37,55.327,129.526,26.079,15.71,17.256,8.88,9.754,20.68,22.715
Chile,2023,CHL,19658833.0,,56.46,64.401,148.448,30.347,18.06,20.6,9.46,10.79,23.3,26.577
Chile,2024,CHL,19764774.0,,62.39,69.897,164.444,32.254,19.92,22.317,10.58,11.853,26.41,29.588
China,2000,CHN,1269581174.0,5952682232028.0,225.56,16.639,627.433,5.336,0.02,0.001,0.59,0.044,222.41,16.407
China,2001,CHN,1278725061.0,6329737256820.0,280.73,18.958,776.435,6.251,0.03,0.002,0.72,0.049,277.43,18.735
China,2002,CHN,1286866835.0,6814493895929.0,291.41,17.618,801.056,5.922,0.05,0.003,0.84,0.051,287.97,17.41
China,2003,CHN,1294517323.0,7248623080792.0,287.28,15.036,788.52,5.001,0.06,0.003,1.0,0.052,283.68,14.848
China,2004,CHN,1302100316.0,7830953177799.0,357.43,16.222,975.653,5.289,0.08,0.004,1.28,0.058,353.54,16.046
China,2005,CHN,1310027135.0,8602939667333.0,404.37,16.173,1097.714,5.239,0.08,0.003,1.95,0.078,397.02,15.879
China,2006,CHN,1318054030.0,9489543138489.0,446.72,15.588,1209.74,5.267,0.09,0.003,3.71,0.129,435.79,15.207
China,2007,CHN,1325813576.0,10358206113742.0,500.71,15.258,1349.64,5.407,0.11,0.003,5.48,0.167,485.26,14.788
China,2008,CHN,1333821011.0,10799148337884.0,665.08,19.025,1780.234,6.872,0.15,0.004,13.1,0.375,636.96,18.221
China,2009,CHN,1342522717.0,11572544299171.0,664.39,17.886,1774.15,6.56,0.28,0.008,27.61,0.743,615.64,16.573
China,2010,CHN,1351561505.0,12858808500983.0,786.38,18.691,2080.64,7.195,0.7,0.017,49.4,1.174,711.38,16.909
China,2011,CHN,1360250658.0,13691526496125.0,792.38,16.813,2089.481,6.697,2.61,0.055,74.1,1.572,688.04,14.599
China,2012,CHN,1369520866.0,14773157494771.0,999.56,20.041,2618.516,8.068,3.59,0.072,103.05,2.066,862.79,17.299
China,2013,CHN,1379008040.0,15925464549520.0,1093.37,20.13,2852.832,8.474,8.37,0.154,138.26,2.545,909.61,16.747
China,2014,CHN,1387951970.0,17103948867278.0,1289.23,22.249,3344.307,9.69,23.51,0.406,159.76,2.757,1059.69,18.288
China,2015,CHN,1396134171.0,18301224436466.0,1393.66,23.968,3587.629,10.278,39.48,0.679,185.59,3.192,1114.52,19.168
China,2016,CHN,1404052628.0,19545709173693.0,1522.79,24.829,3891.976,11.113,66.53,1.085,240.86,3.927,1153.27,18.804
China,2017,CHN,1412354730.0,20894362082435.0,1667.06,25.242,4243.345,11.666,117.8,1.784,304.6,4.612,1165.06,17.641
China,2018,CHN,1419008954.0,22294284747546.0,1835.39,25.612,4659.087,12.224,176.9,2.469,365.8,5.105,1198.89,16.73
China,2019,CHN,1423520357.0,23631941251482.0,2014.64,26.85,5096.059,12.786,224.0,2.985,405.3,5.402,1272.54,16.959
China,2020,CHN,1426106093.0,24151843898871.0,2185.01,28.088,5511.566,13.396,261.1,3.356,466.5,5.997,1321.71,16.991
China,2021,CHN,1426437269.0,26180600167672.0,2448.8,28.694,6170.007,14.195,327.0,3.832,655.8,7.684,1300.0,15.233
China,2022,CHN,1425179562.0,26966016991166.0,2670.66,30.181,6712.969,15.218,427.27,4.829,762.67,8.619,1298.12,14.67
China,2023,CHN,1422584930.0,,2894.22,30.606,7226.692,15.505,584.15,6.177,885.87,9.368,1226.0,12.965
China,2024,CHN,1419321284.0,,3398.83,33.696,8470.082,17.472,839.04,8.318,997.04,9.885,1354.25,13.426
Colombia,2000,COL,39089939.0,330615619673.0,32.26,75.356,87.154,28.239,0.01,0.023,0.0,0.0,31.75,74.165
Colombia,2001,COL,39709263.0,336096684249.0,31.99,74.154,88.94,28.572,0.01,0.023,0.0,0.0,31.48,72.972
Colombia,2002,COL,40324684.0,344517683680.0,34.13,76.336,94.61,30.439,0.01,0.022,0.0,0.0,33.63,75.218
Colombia,2003,COL,40937426.0,357889195415.0,36.32,78.615,100.138,31.64,0.01,0.022,0.0,0.0,35.81,77.511
Colombia,2004,COL,41543177.0,376728225954.0,40.21,81.512,105.497,31.689,0.01,0.02,0.05,0.101,39.68,80.438
Colombia,2005,COL,42128978.0,394076061209.0,39.96,80.016,107.325,32.783,0.01,0.02,0.05,0.1,39.4,78.895
Colombia,2006,COL,42691081.0,420283862175.0,42.91,80.446,117.135,30.936,0.01,0.019,0.06,0.112,42.31,79.321
Colombia,2007,COL,43235374.0,448731322364.0,44.59,81.383,121.056,31.46,0.01,0.018,0.05,0.091,44.0,80.307
Colombia,2008,COL,43758805.0,464038717488.0,46.54,83.886,125.229,31.267,0.01,0.018,0.05,0.09,45.94,82.805
Colombia,2009,COL,44271543.0,471326580093.0,41.25,72.687,114.175,28.771,0.01,0.018,0.06,0.106,40.64,71.612
Colombia,2010,COL,44777325.0,489870174161.0,42.47,70.513,114.429,27.404,0.01,0.017,0.04,0.066,40.0,66.412
Colombia,2011,COL,45259614.0,521323240921.0,50.44,81.75,136.639,31.371,0.01,0.016,0.04,0.065,48.39,78.428
Colombia,2012,COL,45715807.0,541722649583.0,49.12,77.894,134.665,29.023,0.01,0.016,0.05,0.079,47.11,74.707
Colombia,2013,COL,46151583.0,569534665242.0,50.88,69.215,125.422,26.267,0.01,0.014,0.06,0.082,49.76,67.691
Colombia,2014,COL,46565426.0,595158021031.0,48.68,69.089,127.322,25.308,0.01,0.014,0.07,0.099,47.25,67.059
Colombia,2015,COL,46969938.0,612750891790.0,49.39,63.345,126.972,25.545,0.01,0.013,0.07,0.09,47.94,61.485
Colombia,2016,COL,47437513.0,625545111723.0,49.98,65.616,131.799,24.363,0.01,0.013,0.05,0.066,48.46,63.621
Colombia,2017,COL,48131076.0,634046295892.0,62.07,79.1,157.133,28.787,0.01,0.013,0.0,0.0,60.64,77.278
Colombia,2018,COL,49024463.0,650303209362.0,59.7,76.333,156.891,27.908,0.02,0.026,0.04,0.051,58.19,74.402
Colombia,2019,COL,49907987.0,671028388046.0,54.74,69.485,151.111,26.754,0.13,0.165,0.06,0.076,52.98,67.251
Colombia,2020,COL,50629997.0,622365414246.0,50.79,65.325,138.213,27.111,0.19,0.244,0.01,0.013,48.44,62.302
Colombia,2021,COL,51188174.0,690925195330.0,63.33,75.071,165.042,29.666,0.33,0.391,0.06,0.071,60.7,71.954
Colombia,2022,COL,51737944.0,742716953392.0,61.61,74.354,175.228,28.384,0.63,0.76,0.07,0.084,58.73,70.879
Colombia,2023,COL,52321152.0,,59.65,65.97,165.887,27.398,1.13,1.25,0.06,0.066,56.19,62.143
Colombia,2024,COL,52886360.0,,56.32,64.358,158.414,26.093,3.21,3.668,0.0,0.0,50.84,58.096
Comoros,2000,COM,536084.0,656399277.0,0.0,0.0,,,0.0,0.0,0.0,0.0,0.0,0.0
Comoros,2001,COM,547221.0,680582090.0,0.0,0.0,,,0.0,0.0,0.0,0.0,0.0,0.0
Comoros,2002,COM,558927.0,705937319.0,0.0,0.0,,,0.0,0.0,0.0,0.0,0.0,0.0
Comoros,2003,COM,569808.0,731630321.0,0.0,0.0,,,0.0,0.0,0.0,0.0,0.0,0.0
Comoros,2004,COM,580711.0,755848590.0,0.0,0.0,,,0.0,0.0,0.0,0.0,0.0,0.0
Comoros,2005,COM,592679.0,788522780.0,0.0,0.0,,,0.0,0.0,0.0,0.0,0.0,0.0
Comoros,2006,COM,604752.0,888321718.0,0.0,0.0,,,0.0,0.0,0.0,0.0,0.0,0.0
Comoros,2007,COM,616935.0,908328164.0,0.0,0.0,,,0.0,0.0,0.0,0.0,0.0,0.0
Comoros,2008,COM,629314.0,956653402.0,0.0,0.0,,,0.0,0.0,0.0,0.0,0.0,0.0
Comoros,2009,COM,641949.0,1004144820.0,0.0,0.0,,,0.0,0.0,0.0,0.0,0.0,0.0
Comoros,2010,COM,654846.0,1011389038.0,0.0,0.0,,,0.0,0.0,0.0,0.0,0.0,0.0
Comoros,2011,COM,668064.0,1067838000.0,0.0,0.0,,,0.0,0.0,0.0,0.0,0.0,0.0
Comoros,2012,COM,681637.0,1112133000.0,0.0,0.0,,,0.0,0.0,0.0,0.0,0.0,0.0
Comoros,2013,COM,696203.0,1217488000.0,0.0,0.0,,,0.0,0.0,0.0,0.0,0.0,0.0
Comoros,2014,COM,711512.0,1263249000.0,0.0,0.0,,,0.0,0.0,0.0,0.0,0.0,0.0
Comoros,2015,COM,726685.0,1324576000.0,0.0,0.0,,,0.0,0.0,0.0,0.0,0.0,0.0
Comoros,2016,COM,741745.0,1356063486.0,0.0,0.0,,,0.0,0.0,0.0,0.0,0.0,0.0
Comoros,2017,COM,756672.0,1426021134.0,0.0,0.0,,,0.0,0.0,0.0,0.0,0.0,0.0
Comoros,2018,COM,771597.0,1479483924.0,0.0,0.0,,,0.0,0.0,0.0,0.0,0.0,0.0
Comoros,2019,COM,786582.0,1533170985.0,0.0,0.0,,,0.0,0.0,0.0,0.0,0.0,0.0
Comoros,2020,COM,802172.0,1594579416.0,0.0,0.0,,,0.0,0.0,0.0,0.0,0.0,0.0
Comoros,2021,COM,818178.0,1639163875.0,0.0,0.0,,,0.0,0.0,0.0,0.0,0.0,0.0
Comoros,2022,COM,834191.0,1682076951.0,0.0,0.0,,,0.0,0.0,0.0,0.0,0.0,0.0
Comoros,2023,COM,850390.0,,0.0,0.0,,,0.0,0.0,0.0,0.0,0.0,0.0
Congo,2000,COG,3151349.0,12472135877.0,0.29,100.0,,,0.0,0.0,0.0,0.0,0.29,100.0
Congo,2001,COG,3272542.0,13249308227.0,0.33,100.0,,,0.0,0.0,0.0,0.0,0.33,100.0
Congo,2002,COG,3350770.0,14180954098.0,0.39,100.0,,,0.0,0.0,0.0,0.0,0.39,100.0
Congo,2003,COG,3445758.0,14627827623.0,0.34,85.0,,,0.0,0.0,0.0,0.0,0.34,85.0
Congo,2004,COG,3565565.0,15504146539.0,0.33,82.5,,,0.0,0.0,0.0,0.0,0.33,82.5
Congo,2005,COG,3696399.0,17078609818.0,0.35,81.395,,,0.0,0.0,0.0,0.0,0.35,81.395
Congo,2006,COG,3837411.0,18567839817.0,0.37,82.222,,,0.0,0.0,0.0,0.0,0.37,82.222
Congo,2007,COG,3980430.0,18699065550.0,0.33,82.5,,,0.0,0.0,0.0,0.0,0.33,82.5
Congo,2008,COG,4113514.0,20270055811.0,0.37,80.435,,,0.0,0.0,0.0,0.0,0.37,80.435
Congo,2009,COG,4281218.0,22298715246.0,0.33,61.111,,,0.0,0.0,0.0,0.0,0.33,61.111
Congo,2010,COG,4462304.0,24809062977.0,0.43,55.128,,,0.0,0.0,0.0,0.0,0.43,55.128
Congo,2011,COG,4609728.0,26249089782.0,0.78,60.938,,,0.0,0.0,0.0,0.0,0.78,60.938
Congo,2012,COG,4740457.0,28860086022.0,0.98,57.988,,,0.0,0.0,0.0,0.0,0.98,57.988
Congo,2013,COG,4857104.0,28654592534.0,0.96,56.471,,,0.0,0.0,0.0,0.0,0.96,56.471
Congo,2014,COG,4975887.0,30579326354.0,0.94,54.335,,,0.0,0.0,0.0,0.0,0.94,54.335
Congo,2015,COG,5097583.0,29493455123.0,1.09,39.493,,,0.0,0.0,0.0,0.0,1.09,39.493
Congo,2016,COG,5222545.0,26313174327.0,1.12,38.095,,,0.0,0.0,0.0,0.0,1.12,38.095
Congo,2017,COG,5351013.0,25159867387.0,1.19,40.339,,,0.0,0.0,0.0,0.0,1.19,40.339
Congo,2018,COG,5483128.0,23950933949.0,1.05,34.426,,,0.0,0.0,0.0,0.0,1.05,34.426
Congo,2019,COG,5616656.0,24196673159.0,1.05,27.202,,,0.0,0.0,0.0,0.0,1.05,27.202
Congo,2020,COG,5752792.0,22696964187.0,1.05,26.382,,,0.0,0.0,0.0,0.0,1.05,26.382
Congo,2021,COG,5892187.0,23037421913.0,1.05,25.735,,,0.0,0.0,0.0,0.0,1.05,25.735
Congo,2022,COG,6035104.0,23679011891.0,1.05,21.341,,,0.0,0.0,0.0,0.0,1.05,21.341
Congo,2023,COG,6182890.0,,1.07,20.696,,,0.01,0.193,0.0,0.0,1.05,20.309
Cook Islands,2000,COK,15876.0,,0.0,0.0,,,0.0,0.0,0.0,0.0,0.0,0.0
Cook Islands,2001,COK,15259.0,,0.0,0.0,,,0.0,0.0,0.0,0.0,0.0,0.0
Cook Islands,2002,COK,14994.0,,0.0,0.0,,,0.0,0.0,0.0,0.0,0.0,0.0
Cook Islands,2003,COK,15049.0,,0.0,0.0,,,0.0,0.0,0.0,0.0,0.0,0.0
Cook Islands,2004,COK,15103.0,,0.0,0.0,,,0.0,0.0,0.0,0.0,0.0,0.0
Cook Islands,2005,COK,15153.0,,0.0,0.0,,,0.0,0.0,0.0,0.0,0.0,0.0
Cook Islands,2006,COK,15233.0,,0.0,0.0,,,0.0,0.0,0.0,0.0,0.0,0.0
Cook Islands,2007,COK,15519.0,,0.0,0.0,,,0.0,0.0,0.0,0.0,0.0,0.0
Cook Islands,2008,COK,16003.0,,0.0,0.0,,,0.0,0.0,0.0,0.0,0.0,0.0
Cook Islands,2009,COK,16497.0,,0.0,0.0,,,0.0,0.0,0.0,0.0,0.0,0.0
Cook Islands,2010,COK,17000.0,,0.0,0.0,,,0.0,0.0,0.0,0.0,0.0,0.0
Cook Islands,2011,COK,17480.0,,0.0,0.0,,,0.0,0.0,0.0,0.0,0.0,0.0
Cook Islands,2012,COK,17690.0,,0.0,0.0,,,0.0,0.0,0.0,0.0,0.0,0.0
Cook Islands,2013,COK,17629.0,,0.0,0.0,,,0.0,0.0,0.0,0.0,0.0,0.0
Cook Islands,2014,COK,17556.0,,0.0,0.0,,,0.0,0.0,0.0,0.0,0.0,0.0
Cook Islands,2015,COK,17471.0,,0.0,0.0,,,0.0,0.0,0.0,0.0,0.0,0.0
Cook Islands,2016,COK,17360.0,,0.0,0.0,,,0.0,0.0,0.0,0.0,0.0,0.0
Cook Islands,2017,COK,17066.0,,0.01,25.0,,,0.01,25.0,0.0,0.0,0.0,0.0
Cook Islands,2018,COK,16623.0,,0.02,40.0,,,0.02,40.0,0.0,0.0,0.0,0.0
Cook Islands,2019,COK,16151.0,,0.01,25.0,,,0.01,25.0,0.0,0.0,0.0,0.0
Cook Islands,2020,COK,15664.0,,0.01,25.0,,,0.01,25.0,0.0,0.0,0.0,0.0
Cook Islands,2021,COK,15205.0,,0.02,50.0,,,0.02,50.0,0.0,0.0,0.0,0.0
Cook Islands,2022,COK,14747.0,,0.02,50.0,,,0.02,50.0,0.0,0.0,0.0,0.0
Costa Rica,2000,CRI,3937737.0,36043077867.0,6.8,99.125,,,0.0,0.0,0.18,2.624,5.62,81.924
Costa Rica,2001,CRI,4008951.0,37338984417.0,6.8,98.551,,,0.0,0.0,0.19,2.754,5.6,81.159
Costa Rica,2002,CRI,4075710.0,38566391693.0,7.3,98.383,,,0.0,0.0,0.26,3.504,5.87,79.111
Costa Rica,2003,CRI,4138791.0,40104618605.0,7.14,97.808,,,0.0,0.0,0.31,4.247,5.86,80.274
Costa Rica,2004,CRI,4200079.0,41810218746.0,7.91,99.123,,,0.0,0.0,0.26,3.258,6.42,80.451
Costa Rica,2005,CRI,4261240.0,43414436973.0,7.92,96.703,,,0.0,0.0,0.2,2.442,6.5,79.365
Costa Rica,2006,CRI,4321337.0,46549505108.0,8.09,93.852,,,0.0,0.0,0.27,3.132,6.53,75.754
Costa Rica,2007,CRI,4380250.0,50253055044.0,8.26,91.982,,,0.0,0.0,0.24,2.673,6.7,74.61
Costa Rica,2008,CRI,4440058.0,52514579539.0,8.72,92.766,,,0.0,0.0,0.2,2.128,7.31,77.766
Costa Rica,2009,CRI,4499788.0,51990443852.0,8.79,95.13,,,0.0,0.0,0.33,3.571,7.15,77.381
Costa Rica,2010,CRI,4555965.0,54669051273.0,8.87,93.27,,,0.0,0.0,0.36,3.785,7.19,75.605
Costa Rica,2011,CRI,4609834.0,56719502938.0,8.89,91.179,,,0.0,0.0,0.41,4.205,7.06,72.41
Costa Rica,2012,CRI,4663930.0,59489116143.0,9.28,91.79,,,0.01,0.099,0.53,5.242,7.16,70.821
Costa Rica,2013,CRI,4716153.0,60973369897.0,8.99,88.224,,,0.02,0.196,0.49,4.809,6.78,66.536
Costa Rica,2014,CRI,4767126.0,63133053443.0,9.13,89.774,,,0.02,0.197,0.74,7.276,6.65,65.388
Costa Rica,2015,CRI,4818045.0,65438671759.0,10.66,98.979,,,0.03,0.279,1.08,10.028,7.99,74.188
Costa Rica,2016,CRI,4867003.0,68189707920.0,10.67,98.25,,,0.03,0.276,1.15,10.589,7.95,73.204
Costa Rica,2017,CRI,4913177.0,71025038908.0,11.24,99.645,,,0.04,0.355,1.29,11.436,8.59,76.152
Costa Rica,2018,CRI,4957813.0,72883048113.0,11.28,98.601,,,0.06,0.524,1.8,15.734,8.26,72.203
Costa Rica,2019,CRI,4999549.0,74645366733.0,11.32,99.124,,,0.07,0.613,1.8,15.762,7.75,67.863
Costa Rica,2020,CRI,5034323.0,71455765338.0,11.7,99.829,,,0.07,0.597,1.46,12.457,8.29,70.734
Costa Rica,2021,CRI,5059991.0,77015741091.0,12.73,100.0,,,0.08,0.628,1.57,12.333,9.29,72.977
Costa Rica,2022,CRI,5081764.0,80345898158.0,12.44,100.0,,,0.08,0.643,1.37,11.013,9.45,75.965
Costa Rica,2023,CRI,5105526.0,,11.7,99.915,,,0.08,0.683,1.49,12.724,8.54,72.929
Costa Rica,2024,CRI,5129909.0,,11.64,94.023,,,0.08,0.646,1.26,10.178,8.68,70.113
Cote d'Ivoire,2000,CIV,17699007.0,41297593671.0,1.75,36.458,,,0.0,0.0,0.0,0.0,1.75,36.458
Cote d'Ivoire,2001,CIV,18178920.0,42194161007.0,1.78,36.475,,,0.0,0.0,0.0,0.0,1.78,36.475
Cote d'Ivoire,2002,CIV,18654772.0,42379148241.0,1.71,32.325,,,0.0,0.0,0.0,0.0,1.71,32.325
Cote d'Ivoire,2003,CIV,19125546.0,42761562091.0,1.81,35.63,,,0.0,0.0,0.0,0.0,1.81,35.63
Cote d'Ivoire,2004,CIV,19594997.0,44320594821.0,1.84,33.455,,,0.0,0.0,0.0,0.0,1.73,31.455
Cote d'Ivoire,2005,CIV,20068468.0,46182121378.0,1.53,26.984,,,0.0,0.0,0.0,0.0,1.42,25.044
Cote d'Ivoire,2006,CIV,20546808.0,48079711067.0,1.6,28.369,,,0.0,0.0,0.0,0.0,1.5,26.596
Cote d'Ivoire,2007,CIV,21030558.0,50213105655.0,1.9,33.808,,,0.0,0.0,0.0,0.0,1.78,31.673
Cote d'Ivoire,2008,CIV,21514446.0,52842644609.0,2.0,34.542,,,0.0,0.0,0.0,0.0,1.88,32.47
Cote d'Ivoire,2009,CIV,21997936.0,55907844337.0,2.18,37.265,,,0.0,0.0,0.0,0.0,2.11,36.068
Cote d'Ivoire,2010,CIV,22488068.0,58369987439.0,1.67,28.067,,,0.0,0.0,0.0,0.0,1.6,26.891
Cote d'Ivoire,2011,CIV,22982003.0,57051170312.0,1.82,29.934,,,0.0,0.0,0.0,0.0,1.76,28.947
Cote d'Ivoire,2012,CIV,23467083.0,63249209930.0,1.84,26.286,,,0.0,0.0,0.0,0.0,1.77,25.286
Cote d'Ivoire,2013,CIV,23939775.0,69113673482.0,1.66,21.756,,,0.0,0.0,0.0,0.0,1.59,20.839
Cote d'Ivoire,2014,CIV,24527393.0,75191536255.0,1.96,23.7,,,0.0,0.0,0.0,0.0,1.89,22.854
Cote d'Ivoire,2015,CIV,25246347.0,81840720288.0,1.44,16.552,,,0.0,0.0,0.0,0.0,1.34,15.402
Cote d'Ivoire,2016,CIV,25989404.0,87711151924.0,1.68,16.422,,,0.0,0.0,0.0,0.0,1.51,14.761
Cote d'Ivoire,2017,CIV,26733376.0,93099253173.0,2.15,21.245,,,0.01,0.099,0.0,0.0,2.03,20.059
Cote d'Ivoire,2018,CIV,27464175.0,96591406762.0,3.0,29.88,,,0.01,0.1,0.0,0.0,2.93,29.183
Cote d'Ivoire,2019,CIV,28193014.0,104618149506.0,3.53,33.114,,,0.01,0.094,0.0,0.0,3.45,32.364
Cote d'Ivoire,2020,CIV,28915452.0,106396657387.0,3.44,30.551,,,0.02,0.178,0.0,0.0,3.35,29.751
Cote d'Ivoire,2021,CIV,29639737.0,113844428305.0,2.71,23.877,,,0.02,0.176,0.0,0.0,2.61,22.996
Cote d'Ivoire,2022,CIV,30395004.0,121471995793.0,3.45,27.359,,,0.02,0.159,0.0,0.0,3.35,26.566
Cote d'Ivoire,2023,CIV,31165653.0,,3.46,31.087,,,0.02,0.18,0.0,0.0,3.35,30.099
Croatia,2000,HRV,4326105.0,57398794775.0,6.45,57.538,17.928,18.794,0.0,0.0,,,6.45,57.538
Croatia,2001,HRV,4301079.0,57633269426.0,7.18,56.314,19.835,19.785,0.0,0.0,,,7.18,56.314
Croatia,2002,HRV,4305783.0,61317061359.0,5.85,46.099,16.031,15.94,0.0,0.0,,,5.85,46.099
Croatia,2003,HRV,4306683.0,65731224853.0,5.46,41.489,14.871,14.114,0.0,0.0,,,5.46,41.489
Croatia,2004,HRV,4310050.0,69483828958.0,7.63,55.011,20.686,18.938,0.0,0.0,0.0,0.0,7.63,55.011
Croatia,2005,HRV,4313946.0,73522772944.0,7.06,54.1,18.983,17.569,0.0,0.0,0.01,0.077,7.04,53.946
Croatia,2006,HRV,4315802.0,78256427771.0,6.65,51.51,17.778,16.644,0.0,0.0,0.02,0.155,6.62,51.278
Croatia,2007,HRV,4315959.0,83591431787.0,4.74,37.799,12.645,11.745,0.0,0.0,0.03,0.239,4.7,37.48
Croatia,2008,HRV,4314635.0,86620961215.0,5.84,45.696,15.463,14.47,0.0,0.0,0.04,0.313,5.78,45.227
Croatia,2009,HRV,4310537.0,81451695571.0,7.48,56.03,19.741,18.759,0.0,0.0,0.05,0.375,7.41,55.506
Croatia,2010,HRV,4301150.0,81303793822.0,9.3,62.88,24.232,22.716,0.0,0.0,0.14,0.947,9.13,61.731
Croatia,2011,HRV,4280827.0,82302805353.0,5.28,47.017,13.767,14.713,0.0,0.0,0.2,1.781,5.03,44.791
Croatia,2012,HRV,4259233.0,80383800465.0,5.26,49.763,13.942,16.074,0.0,0.0,0.33,3.122,4.84,45.79
Croatia,2013,HRV,4242403.0,80064089923.0,9.28,66.571,24.161,25.559,0.01,0.072,0.52,3.73,8.62,61.836
Croatia,2014,HRV,4219485.0,79720242860.0,9.94,74.013,25.72,27.249,0.04,0.298,0.73,5.436,9.01,67.089
Croatia,2015,HRV,4183732.0,81731110395.0,7.52,66.904,19.449,21.651,0.06,0.534,0.8,7.117,6.39,56.851
Croatia,2016,HRV,4136438.0,84640158587.0,8.36,66.349,21.289,22.794,0.07,0.556,1.01,8.016,6.85,54.365
Croatia,2017,HRV,4079198.0,87528490789.0,7.12,60.493,18.124,19.346,0.08,0.68,1.2,10.195,5.31,45.115
Croatia,2018,HRV,4024868.0,89979865983.0,9.78,72.337,25.074,25.936,0.07,0.518,1.34,9.911,7.7,56.953
Croatia,2019,HRV,3986338.0,93057982684.0,8.35,66.008,22.018,23.27,0.08,0.632,1.47,11.621,5.83,46.087
Croatia,2020,HRV,3953956.0,85073361985.0,8.55,64.626,22.578,25.033,0.1,0.756,1.72,13.001,5.66,42.782
Croatia,2021,HRV,3924607.0,96194363488.0,10.53,69.689,27.782,28.683,0.15,0.993,2.06,13.633,7.13,47.187
Croatia,2022,HRV,3907031.0,102284645672.0,8.95,63.475,23.042,25.053,0.15,1.064,2.14,15.177,5.46,38.723
Croatia,2023,HRV,3896023.0,,12.02,69.762,30.562,29.586,0.41,2.38,2.38,13.813,8.16,47.359
Croatia,2024,HRV,3875325.0,,11.06,73.148,28.207,27.778,0.82,5.423,2.47,16.336,6.73,44.511
Croatia,2025,HRV,3848164.0,,11.04,75.981,,,1.29,8.878,2.94,20.234,5.77,39.711
Cuba,2000,CUB,11109112.0,44692111238.0,1.03,6.853,,,0.0,0.0,0.0,0.0,0.09,0.599
Cuba,2001,CUB,11144134.0,47301967982.0,1.0,6.536,,,0.0,0.0,0.0,0.0,0.07,0.458
Cuba,2002,CUB,11177422.0,48976944311.0,1.04,6.628,,,0.0,0.0,0.0,0.0,0.1,0.637
Cuba,2003,CUB,11209379.0,50659542457.0,0.85,5.376,,,0.0,0.0,0.0,0.0,0.13,0.822
Cuba,2004,CUB,11238756.0,51357046933.0,0.88,5.627,,,0.0,0.0,0.0,0.0,0.09,0.575
Cuba,2005,CUB,11262553.0,53114045326.0,0.49,3.192,,,0.0,0.0,0.0,0.0,0.07,0.456
Cuba,2006,CUB,11278550.0,61018245782.0,0.5,3.036,,,0.0,0.0,0.0,0.0,0.09,0.546
Cuba,2007,CUB,11287274.0,63463487934.0,0.53,3.01,,,0.0,0.0,0.0,0.0,0.12,0.681
Cuba,2008,CUB,11291764.0,67603097135.0,0.7,3.959,,,0.0,0.0,0.01,0.057,0.14,0.792
Cuba,2009,CUB,11294719.0,70355905283.0,0.69,3.892,,,0.0,0.0,0.0,0.0,0.15,0.846
Cuba,2010,CUB,11297414.0,74083580619.0,0.57,3.276,,,0.0,0.0,0.01,0.057,0.1,0.575
Cuba,2011,CUB,11301578.0,78036992000.0,0.57,3.211,,,0.0,0.0,0.02,0.113,0.1,0.563
Cuba,2012,CUB,11303172.0,80388156000.0,0.69,3.744,,,0.01,0.054,0.02,0.109,0.11,0.597
Cuba,2013,CUB,11298163.0,83013750000.0,0.94,4.883,,,0.11,0.571,0.02,0.104,0.13,0.675
Cuba,2014,CUB,11285780.0,85723464000.0,0.85,4.375,,,0.09,0.463,0.02,0.103,0.1,0.515
Cuba,2015,CUB,11275069.0,88467246000.0,0.9,4.414,,,0.13,0.638,0.02,0.098,0.05,0.245
Cuba,2016,CUB,11265615.0,88635596816.0,0.91,4.428,,,0.14,0.681,0.02,0.097,0.06,0.292
Cuba,2017,CUB,11247824.0,90020495157.0,0.8,3.889,,,0.08,0.389,0.02,0.097,0.08,0.389
Cuba,2018,CUB,11227116.0,91854653880.0,0.72,3.462,,,0.12,0.577,0.02,0.096,0.14,0.673
Cuba,2019,CUB,11202847.0,91703236400.0,0.89,4.3,,,0.21,1.014,0.02,0.097,0.14,0.676
Cuba,2020,CUB,11176349.0,81663255167.0,0.9,4.729,,,0.22,1.156,0.02,0.105,0.11,0.578
Cuba,2021,CUB,11122169.0,82687389665.0,0.79,4.431,,,0.22,1.234,0.02,0.112,0.12,0.673
Cuba,2022,CUB,11059822.0,84154971449.0,0.67,4.281,,,0.21,1.342,0.06,0.383,0.12,0.767
Cuba,2023,CUB,11019932.0,,0.72,4.709,,,0.21,1.373,0.06,0.392,0.12,0.785
Cyprus,2000,CYP,947667.0,18447964503.0,0.0,0.0,0.0,0.0,0.0,0.0,,,0.0,0.0
Cyprus,2001,CYP,964129.0,19289559263.0,0.0,0.0,0.0,0.0,0.0,0.0,,,0.0,0.0
Cyprus,2002,CYP,981443.0,20131146271.0,0.0,0.0,0.0,0.0,0.0,0.0,,,0.0,0.0
Cyprus,2003,CYP,999600.0,20821863547.0,0.0,0.0,0.0,0.0,0.0,0.0,,,0.0,0.0
Cyprus,2004,CYP,1017875.0,21975893073.0,0.0,0.0,0.002,0.007,0.0,0.0,0.0,0.0,0.0,0.0
Cyprus,2005,CYP,1036156.0,23006188640.0,0.0,0.0,0.002,0.007,0.0,0.0,0.0,0.0,0.0,0.0
Cyprus,2006,CYP,1054424.0,24267407225.0,0.0,0.0,0.004,0.012,0.0,0.0,0.0,0.0,0.0,0.0
Cyprus,2007,CYP,1072727.0,25673703212.0,0.0,0.0,0.02,0.058,0.0,0.0,0.0,0.0,0.0,0.0
Cyprus,2008,CYP,1091029.0,26913613219.0,0.01,0.197,0.211,0.588,0.0,0.0,0.0,0.0,0.0,0.0
Cyprus,2009,CYP,1109377.0,26682210733.0,0.03,0.576,0.271,0.773,0.0,0.0,0.0,0.0,0.0,0.0
Cyprus,2010,CYP,1127826.0,27285556934.0,0.08,1.501,0.373,1.095,0.01,0.188,0.03,0.563,0.0,0.0
Cyprus,2011,CYP,1146493.0,27627899267.0,0.17,3.455,0.674,2.0,0.01,0.203,0.11,2.236,0.0,0.0
Cyprus,2012,CYP,1165403.0,26675451028.0,0.26,5.508,0.875,2.771,0.02,0.424,0.19,4.025,0.0,0.0
Cyprus,2013,CYP,1183899.0,24918237857.0,0.33,7.692,1.039,3.68,0.05,1.166,0.23,5.361,0.0,0.0
Cyprus,2014,CYP,1201806.0,24475580582.0,0.31,7.143,0.952,3.369,0.08,1.843,0.18,4.147,0.0,0.0
Cyprus,2015,CYP,1219504.0,25312505108.0,0.4,8.811,1.155,3.967,0.13,2.863,0.22,4.846,0.0,0.0
Cyprus,2016,CYP,1237114.0,26976335005.0,0.43,8.793,1.202,3.794,0.15,3.067,0.23,4.703,0.0,0.0
Cyprus,2017,CYP,1254274.0,28523085691.0,0.43,8.6,1.22,3.751,0.17,3.4,0.21,4.2,0.0,0.0
Cyprus,2018,CYP,1270743.0,30134014224.0,0.48,9.486,1.29,3.984,0.2,3.953,0.22,4.348,0.0,0.0
Cyprus,2019,CYP,1286669.0,31800247242.0,0.52,10.097,1.437,4.432,0.22,4.272,0.24,4.66,0.0,0.0
Cyprus,2020,CYP,1302250.0,30409793367.0,0.6,12.371,1.801,6.388,0.3,6.186,0.24,4.948,0.0,0.0
Cyprus,2021,CYP,1317311.0,32428676744.0,0.78,15.234,2.196,7.388,0.47,9.18,0.25,4.883,0.0,0.0
Cyprus,2022,CYP,1331376.0,34255009922.0,0.88,16.73,2.45,7.765,0.6,11.407,0.22,4.183,0.0,0.0
Cyprus,2023,CYP,1344981.0,,1.07,20.151,2.96,9.266,0.83,15.631,0.19,3.578,0.0,0.0
Cyprus,2024,CYP,1358287.0,,1.31,23.145,3.579,10.795,1.11,19.611,0.2,3.534,0.0,0.0
Cyprus,2025,CYP,1370754.0,,1.59,27.7,,,1.41,24.564,0.18,3.136,0.0,0.0
Czechia,2000,CZE,10236809.0,174309526192.0,2.28,3.128,7.219,1.525,0.0,0.0,0.0,0.0,1.76,2.414
Czechia,2001,CZE,10231942.0,181753179328.0,2.57,3.463,7.833,1.618,0.0,0.0,,,2.05,2.762
Czechia,2002,CZE,10239474.0,187044887124.0,2.99,3.934,9.138,1.884,0.0,0.0,0.0,0.0,2.49,3.276
Czechia,2003,CZE,10248907.0,196328003846.0,1.87,2.259,6.016,1.173,0.0,0.0,0.0,0.0,1.38,1.667
Czechia,2004,CZE,10261453.0,208725903761.0,2.74,3.27,8.088,1.538,0.0,0.0,0.01,0.012,2.02,2.411
Czechia,2005,CZE,10280155.0,225302570264.0,3.13,3.82,8.772,1.695,0.0,0.0,0.02,0.024,2.38,2.905
Czechia,2006,CZE,10304592.0,243991794814.0,3.52,4.208,10.031,1.902,0.0,0.0,0.05,0.06,2.55,3.048
Czechia,2007,CZE,10337539.0,260673045889.0,3.42,3.897,9.845,1.887,0.0,0.0,0.13,0.148,2.09,2.381
Czechia,2008,CZE,10378298.0,271709547503.0,3.72,4.467,11.825,2.311,0.01,0.012,0.24,0.288,2.02,2.426
Czechia,2009,CZE,10420985.0,261919697582.0,4.66,5.708,15.413,3.141,0.09,0.11,0.29,0.355,2.43,2.976
Czechia,2010,CZE,10464035.0,271231988282.0,5.91,6.935,19.214,3.759,0.62,0.728,0.34,0.399,2.79,3.274
Czechia,2011,CZE,10495508.0,279082754736.0,7.24,8.356,23.7,4.745,2.18,2.516,0.4,0.462,1.96,2.262
Czechia,2012,CZE,10507339.0,276891945353.0,8.07,9.321,25.83,5.199,2.15,2.483,0.42,0.485,2.13,2.46
Czechia,2013,CZE,10511164.0,276764861619.0,9.3,10.825,29.329,6.019,2.03,2.363,0.48,0.559,2.73,3.178
Czechia,2014,CZE,10517223.0,283025537919.0,9.17,10.791,29.737,6.231,2.12,2.495,0.48,0.565,1.91,2.248
Czechia,2015,CZE,10524418.0,298276052489.0,9.41,11.407,30.153,6.44,2.26,2.74,0.57,0.691,1.79,2.17
Czechia,2016,CZE,10531946.0,305844147713.0,9.39,11.451,30.033,6.502,2.13,2.598,0.5,0.61,2.0,2.439
Czechia,2017,CZE,10541343.0,321652381589.0,9.63,11.229,30.803,6.312,2.2,2.565,0.59,0.688,1.87,2.181
Czechia,2018,CZE,10548934.0,332009886797.0,9.43,10.859,30.056,6.179,2.36,2.718,0.61,0.702,1.63,1.877
Czechia,2019,CZE,10554872.0,342069373423.0,10.06,11.736,32.041,6.744,2.32,2.706,0.7,0.817,2.01,2.345
Czechia,2020,CZE,10550129.0,323245433506.0,10.34,12.909,33.161,7.539,2.29,2.859,0.7,0.874,2.14,2.672
Czechia,2021,CZE,10530683.0,334729441747.0,10.64,12.718,33.74,7.275,2.25,2.689,0.6,0.717,2.41,2.881
Czechia,2022,CZE,10673216.0,342966849621.0,10.77,12.863,33.446,7.496,2.63,3.141,0.64,0.764,2.09,2.496
Czechia,2023,CZE,10809722.0,,11.15,14.708,34.241,8.386,2.89,3.812,0.71,0.937,2.36,3.113
Czechia,2024,CZE,10735857.0,,12.31,16.905,38.018,9.746,3.59,4.93,0.68,0.934,2.66,3.653
Czechia,2025,CZE,10609241.0,,12.73,16.859,,,4.39,5.814,0.58,0.768,1.71,2.265
Democratic Republic of Congo,2000,COD,50507445.0,21854113779.0,5.94,100.0,,,0.0,0.0,0.0,0.0,5.94,100.0
Democratic Republic of Congo,2001,COD,52132646.0,21977293171.0,5.91,99.831,,,0.0,0.0,0.0,0.0,5.91,99.831
Democratic Republic of Congo,2002,COD,53750529.0,23244764997.0,6.05,99.835,,,0.0,0.0,0.0,0.0,6.05,99.835
Democratic Republic of Congo,2003,COD,55343873.0,25228484809.0,6.1,99.836,,,0.0,0.0,0.0,0.0,6.1,99.836
Democratic Republic of Congo,2004,COD,56997740.0,27653538438.0,7.01,99.858,,,0.0,0.0,0.0,0.0,7.01,99.858
Democratic Republic of Congo,2005,COD,58775726.0,30164653557.0,7.32,99.864,,,0.0,0.0,0.0,0.0,7.32,99.864
Democratic Republic of Congo,2006,COD,60615909.0,32708306949.0,7.45,99.333,,,0.0,0.0,0.0,0.0,7.45,99.333
Democratic Republic of Congo,2007,COD,62477753.0,35814302298.0,7.74,98.851,,,0.0,0.0,0.0,0.0,7.74,98.851
Democratic Republic of Congo,2008,COD,64390658.0,39245769597.0,7.41,98.668,,,0.0,0.0,0.0,0.0,7.41,98.668
Democratic Republic of Congo,2009,COD,66412038.0,41718890407.0,7.72,98.848,,,0.0,0.0,0.0,0.0,7.72,98.848
Democratic Republic of Congo,2010,COD,68563038.0,46223524668.0,7.74,98.851,,,0.0,0.0,0.0,0.0,7.74,98.851
Democratic Republic of Congo,2011,COD,70849311.0,51169100367.0,7.73,98.849,,,0.0,0.0,0.0,0.0,7.73,98.849
Democratic Republic of Congo,2012,COD,73254623.0,55604951736.0,7.66,99.87,,,0.0,0.0,0.0,0.0,7.51,97.914
Democratic Republic of Congo,2013,COD,75789397.0,60956372609.0,8.31,99.88,,,0.0,0.0,0.0,0.0,8.15,97.957
Democratic Republic of Congo,2014,COD,78403248.0,65407411596.0,8.89,99.888,,,0.0,0.0,0.0,0.0,8.73,98.09
Democratic Republic of Congo,2015,COD,81035532.0,69567321729.0,9.0,99.889,,,0.0,0.0,0.0,0.0,8.83,98.002
Democratic Republic of Congo,2016,COD,83956416.0,69841412960.0,9.18,99.891,,,0.0,0.0,0.0,0.0,9.01,98.041
Democratic Republic of Congo,2017,COD,87083400.0,72396212035.0,9.57,99.896,,,0.01,0.104,0.0,0.0,9.39,98.017
Democratic Republic of Congo,2018,COD,90047647.0,75889338637.0,10.7,99.907,,,0.01,0.093,0.0,0.0,10.43,97.386
Democratic Republic of Congo,2019,COD,92947450.0,79292965259.0,12.02,99.917,,,0.01,0.083,0.0,0.0,11.76,97.756
Democratic Republic of Congo,2020,COD,95990000.0,80617953765.0,12.5,99.92,,,0.02,0.16,0.0,0.0,12.45,99.52
Democratic Republic of Congo,2021,COD,99148930.0,85639643645.0,14.21,100.0,,,1.05,7.389,0.0,0.0,13.13,92.4
Democratic Republic of Congo,2022,COD,102396974.0,91314988450.0,15.33,100.0,,,2.11,13.764,0.0,0.0,13.19,86.04
Democratic Republic of Congo,2023,COD,105789733.0,,15.9,100.0,,,2.2,13.836,0.0,0.0,13.67,85.975
Denmark,2000,DNK,5339659.0,208333676429.0,5.57,15.537,15.93,6.759,0.0,0.0,4.24,11.827,0.03,0.084
Denmark,2001,DNK,5358825.0,211243390442.0,5.85,15.583,16.698,7.065,0.0,0.0,4.31,11.481,0.03,0.08
Denmark,2002,DNK,5375967.0,213517288371.0,6.79,17.366,19.324,8.197,0.0,0.0,4.88,12.481,0.03,0.077
Denmark,2003,DNK,5390621.0,215549132167.0,8.07,17.555,23.006,9.054,0.0,0.0,5.56,12.095,0.02,0.044
Denmark,2004,DNK,5404594.0,222528951750.0,9.53,23.683,27.013,11.24,0.0,0.0,6.59,16.377,0.03,0.075
Denmark,2005,DNK,5419550.0,229074701412.0,9.8,27.162,27.765,11.955,0.0,0.0,6.61,18.32,0.02,0.055
Denmark,2006,DNK,5437425.0,239411013967.0,9.19,20.224,26.039,10.242,0.0,0.0,6.1,13.424,0.02,0.044
Denmark,2007,DNK,5461604.0,242913735233.0,10.3,26.316,28.925,11.953,0.0,0.0,7.17,18.319,0.03,0.077
Denmark,2008,DNK,5493762.0,243090598807.0,10.1,27.686,28.239,12.095,0.0,0.0,6.93,18.997,0.03,0.082
Denmark,2009,DNK,5523169.0,232507363099.0,10.07,27.779,28.185,12.844,0.0,0.0,6.73,18.566,0.02,0.055
Denmark,2010,DNK,5547865.0,238190225279.0,12.43,32.077,35.085,14.973,0.01,0.026,7.81,20.155,0.02,0.052
Denmark,2011,DNK,5570848.0,242757622888.0,14.17,40.359,40.576,18.525,0.01,0.028,9.77,27.827,0.02,0.057
Denmark,2012,DNK,5591911.0,243307499552.0,14.84,48.544,43.151,21.232,0.1,0.327,10.27,33.595,0.02,0.065
Denmark,2013,DNK,5615333.0,245578374484.0,15.96,46.114,45.78,21.856,0.52,1.502,11.12,32.129,0.01,0.029
Denmark,2014,DNK,5643795.0,249555233739.0,17.99,56.149,50.869,25.305,0.6,1.873,13.08,40.824,0.02,0.062
Denmark,2015,DNK,5683698.0,255401297489.0,18.93,65.775,53.053,27.025,0.6,2.085,14.13,49.097,0.02,0.069
Denmark,2016,DNK,5728196.0,263691544304.0,18.39,60.493,51.763,26.005,0.74,2.434,12.78,42.039,0.02,0.066
Denmark,2017,DNK,5765164.0,271132202845.0,21.8,70.55,61.02,30.501,0.75,2.427,14.78,47.832,0.02,0.065
Denmark,2018,DNK,5793824.0,276526484620.0,20.75,68.686,57.987,29.38,0.95,3.145,13.9,46.011,0.01,0.033
Denmark,2019,DNK,5814618.0,280656364923.0,23.07,78.55,64.486,30.183,0.96,3.269,16.15,54.988,0.02,0.068
Denmark,2020,DNK,5831529.0,275058379473.0,23.45,82.05,65.536,34.672,1.18,4.129,16.33,57.138,0.02,0.07
Denmark,2021,DNK,5856774.0,288414406840.0,26.1,79.283,73.192,38.81,1.31,3.979,16.05,48.755,0.02,0.061
Denmark,2022,DNK,5902901.0,299429011832.0,28.44,80.864,77.729,40.792,2.38,6.767,19.03,54.109,0.01,0.028
Denmark,2023,DNK,5948134.0,,29.4,86.445,78.254,40.938,3.66,10.762,19.51,57.365,0.02,0.059
Denmark,2024,DNK,5977417.0,,31.39,89.227,80.195,41.722,3.78,10.745,20.53,58.357,0.02,0.057
Denmark,2025,DNK,6002515.0,,30.48,91.203,,,4.45,13.315,19.33,57.84,0.02,0.06
Djibouti,2000,DJI,747326.0,1258388183.0,0.0,0.0,,,0.0,0.0,0.0,0.0,0.0,0.0
Djibouti,2001,DJI,771311.0,1279069473.0,0.0,0.0,,,0.0,0.0,0.0,0.0,0.0,0.0
Djibouti,2002,DJI,795576.0,1306309835.0,0.0,0.0,,,0.0,0.0,0.0,0.0,0.0,0.0
Djibouti,2003,DJI,813528.0,1344454879.0,0.0,0.0,,,0.0,0.0,0.0,0.0,0.0,0.0
Djibouti,2004,DJI,826133.0,1377810002.0,0.0,0.0,,,0.0,0.0,0.0,0.0,0.0,0.0
Djibouti,2005,DJI,839174.0,1416452247.0,0.0,0.0,,,0.0,0.0,0.0,0.0,0.0,0.0
Djibouti,2006,DJI,855767.0,1590366862.0,0.0,0.0,,,0.0,0.0,0.0,0.0,0.0,0.0
Djibouti,2007,DJI,874530.0,1662836538.0,0.0,0.0,,,0.0,0.0,0.0,0.0,0.0,0.0
Djibouti,2008,DJI,892739.0,1746582380.0,0.0,0.0,,,0.0,0.0,0.0,0.0,0.0,0.0
Djibouti,2009,DJI,911524.0,1828090863.0,0.0,0.0,,,0.0,0.0,0.0,0.0,0.0,0.0
Djibouti,2010,DJI,930252.0,1885010108.0,0.0,0.0,,,0.0,0.0,0.0,0.0,0.0,0.0
Djibouti,2011,DJI,948565.0,1960630000.0,0.0,0.0,,,0.0,0.0,0.0,0.0,0.0,0.0
Djibouti,2012,DJI,966754.0,2054196000.0,0.0,0.0,,,0.0,0.0,0.0,0.0,0.0,0.0
Djibouti,2013,DJI,984833.0,2157408000.0,0.0,0.0,,,0.0,0.0,0.0,0.0,0.0,0.0
Djibouti,2014,DJI,1002720.0,2286630000.0,0.0,0.0,,,0.0,0.0,0.0,0.0,0.0,0.0
Djibouti,2015,DJI,1020316.0,2435148000.0,0.0,0.0,,,0.0,0.0,0.0,0.0,0.0,0.0
Djibouti,2016,DJI,1037660.0,2612607480.0,0.0,0.0,,,0.0,0.0,0.0,0.0,0.0,0.0
Djibouti,2017,DJI,1054844.0,2767106002.0,0.0,0.0,,,0.0,0.0,0.0,0.0,0.0,0.0
Djibouti,2018,DJI,1071886.0,2924431711.0,0.0,0.0,,,0.0,0.0,0.0,0.0,0.0,0.0
Djibouti,2019,DJI,1088710.0,3086593147.0,0.0,0.0,,,0.0,0.0,0.0,0.0,0.0,0.0
Djibouti,2020,DJI,1105193.0,3123694253.0,0.0,0.0,,,0.0,0.0,0.0,0.0,0.0,0.0
Djibouti,2021,DJI,1121251.0,3274020536.0,0.07,35.0,,,0.0,0.0,0.07,35.0,0.0,0.0
Djibouti,2022,DJI,1137101.0,3395681646.0,0.07,35.0,,,0.0,0.0,0.07,35.0,0.0,0.0
Djibouti,2023,DJI,1152951.0,,0.07,35.0,,,0.0,0.0,0.07,35.0,0.0,0.0
Dominica,2000,DMA,68527.0,404483810.0,0.03,37.5,,,0.0,0.0,0.0,0.0,0.03,37.5
Dominica,2001,DMA,68299.0,411786964.0,0.03,37.5,,,0.0,0.0,0.0,0.0,0.03,37.5
Dominica,2002,DMA,68385.0,415539000.0,0.03,42.857,,,0.0,0.0,0.0,0.0,0.03,42.857
Dominica,2003,DMA,68552.0,455180800.0,0.03,37.5,,,0.0,0.0,0.0,0.0,0.03,37.5
Dominica,2004,DMA,68664.0,475394414.0,0.03,27.273,,,0.0,0.0,0.0,0.0,0.03,27.273
Dominica,2005,DMA,68750.0,482222496.0,0.03,25.0,,,0.0,0.0,0.0,0.0,0.03,25.0
Dominica,2006,DMA,68823.0,513632250.0,0.03,25.0,,,0.0,0.0,0.0,0.0,0.03,25.0
Dominica,2007,DMA,68862.0,554311687.0,0.02,16.667,,,0.0,0.0,0.0,0.0,0.02,16.667
Dominica,2008,DMA,68866.0,617146562.0,0.02,15.385,,,0.0,0.0,0.0,0.0,0.02,15.385
Dominica,2009,DMA,68879.0,621365663.0,0.02,15.385,,,0.0,0.0,0.0,0.0,0.02,15.385
Dominica,2010,DMA,68872.0,640098860.0,0.02,14.286,,,0.0,0.0,0.0,0.0,0.02,14.286
Dominica,2011,DMA,69073.0,652912000.0,0.04,26.667,,,0.0,0.0,0.0,0.0,0.04,26.667
Dominica,2012,DMA,69138.0,644079000.0,0.03,20.0,,,0.0,0.0,0.0,0.0,0.03,20.0
Dominica,2013,DMA,69733.0,667585000.0,0.04,26.667,,,0.0,0.0,0.0,0.0,0.04,26.667
Dominica,2014,DMA,70387.0,694011000.0,0.03,20.0,,,0.0,0.0,0.0,0.0,0.03,20.0
Dominica,2015,DMA,70429.0,689606000.0,0.02,13.333,,,0.0,0.0,0.0,0.0,0.02,13.333
Dominica,2016,DMA,69627.0,707976572.0,0.04,25.0,,,0.0,0.0,0.0,0.0,0.04,25.0
Dominica,2017,DMA,68514.0,656048862.0,0.03,23.077,,,0.0,0.0,0.0,0.0,0.03,23.077
Dominica,2018,DMA,68195.0,677586340.0,0.02,18.182,,,0.0,0.0,0.0,0.0,0.02,18.182
Dominica,2019,DMA,67901.0,714870398.0,0.02,14.286,,,0.0,0.0,0.0,0.0,0.02,14.286
Dominica,2020,DMA,67588.0,600082697.0,0.02,14.286,,,0.0,0.0,0.0,0.0,0.02,14.286
Dominica,2021,DMA,67222.0,637252112.0,0.02,14.286,,,0.0,0.0,0.0,0.0,0.02,14.286
Dominica,2022,DMA,66847.0,675098029.0,0.02,13.333,,,0.0,0.0,0.0,0.0,0.02,13.333
Dominica,2023,DMA,66531.0,,0.02,13.333,,,0.0,0.0,0.0,0.0,0.02,13.333
Dominican Republic,2000,DOM,8584196.0,56344968399.0,0.91,6.995,,,0.0,0.0,0.0,0.0,0.75,5.765
Dominican Republic,2001,DOM,8720287.0,58288496906.0,0.86,6.698,,,0.0,0.0,0.0,0.0,0.7,5.452
Dominican Republic,2002,DOM,8852231.0,62671030582.0,1.04,7.482,,,0.0,0.0,0.0,0.0,0.87,6.259
Dominican Republic,2003,DOM,8980626.0,63562914579.0,1.36,9.591,,,0.0,0.0,0.0,0.0,1.19,8.392
Dominican Republic,2004,DOM,9104889.0,65495459116.0,1.74,14.476,,,0.0,0.0,0.0,0.0,1.6,13.311
Dominican Republic,2005,DOM,9225035.0,72784646192.0,2.06,15.442,,,0.0,0.0,0.0,0.0,1.91,14.318
Dominican Republic,2006,DOM,9341187.0,81940402491.0,1.91,13.536,,,0.0,0.0,0.0,0.0,1.75,12.403
Dominican Republic,2007,DOM,9455663.0,90412078042.0,1.86,12.766,,,0.0,0.0,0.0,0.0,1.7,11.668
Dominican Republic,2008,DOM,9573135.0,94906712345.0,1.54,10.541,,,0.0,0.0,0.0,0.0,1.38,9.446
Dominican Republic,2009,DOM,9695270.0,97411530204.0,1.62,11.782,,,0.0,0.0,0.0,0.0,1.46,10.618
Dominican Republic,2010,DOM,9820180.0,107260793439.0,1.59,10.758,,,0.0,0.0,0.0,0.0,1.43,9.675
Dominican Republic,2011,DOM,9945623.0,112433265383.0,1.7,10.787,,,0.0,0.0,0.01,0.063,1.53,9.708
Dominican Republic,2012,DOM,10070409.0,115488083453.0,2.05,12.13,,,0.0,0.0,0.1,0.592,1.78,10.533
Dominican Republic,2013,DOM,10193838.0,121118130894.0,2.31,13.036,,,0.01,0.056,0.24,1.354,1.88,10.609
Dominican Republic,2014,DOM,10315523.0,129656952614.0,1.75,10.127,,,0.02,0.116,0.24,1.389,1.32,7.639
Dominican Republic,2015,DOM,10434826.0,138638287562.0,1.42,7.889,,,0.03,0.167,0.29,1.611,0.93,5.167
Dominican Republic,2016,DOM,10551430.0,147870212847.0,2.08,11.076,,,0.08,0.426,0.32,1.704,1.5,7.987
Dominican Republic,2017,DOM,10666846.0,154771313809.0,3.04,15.833,,,0.14,0.729,0.39,2.031,2.17,11.302
Dominican Republic,2018,DOM,10782048.0,165578989651.0,2.7,13.776,,,0.23,1.173,0.5,2.551,1.76,8.98
Dominican Republic,2019,DOM,10894043.0,173944046167.0,2.67,12.547,,,0.37,1.739,0.79,3.712,1.3,6.109
Dominican Republic,2020,DOM,11008298.0,162255006875.0,3.15,16.162,,,0.6,3.079,1.07,5.49,1.29,6.619
Dominican Republic,2021,DOM,11123480.0,182166940060.0,3.81,17.779,,,0.85,3.966,1.22,5.693,1.5,7.0
Dominican Republic,2022,DOM,11230734.0,191182362267.0,4.09,18.448,,,1.24,5.593,1.17,5.277,1.47,6.631
Dominican Republic,2023,DOM,11331269.0,,4.24,17.264,,,1.36,5.537,1.2,4.886,1.47,5.985
Dominican Republic,2024,DOM,11427558.0,,4.81,18.543,,,1.69,6.515,1.1,4.241,1.8,6.939
East Timor,2003,TLS,916876.0,,0.0,0.0,,,0.0,0.0,0.0,0.0,0.0,0.0
East Timor,2004,TLS,929081.0,,0.0,0.0,,,0.0,0.0,0.0,0.0,0.0,0.0
East Timor,2005,TLS,948310.0,,0.0,0.0,,,0.0,0.0,0.0,0.0,0.0,0.0
East Timor,2006,TLS,976610.0,,0.0,0.0,,,0.0,0.0,0.0,0.0,0.0,0.0
East Timor,2007,TLS,1004898.0,,0.0,0.0,,,0.0,0.0,0.0,0.0,0.0,0.0
East Timor,2008,TLS,1032431.0,,0.0,0.0,,,0.0,0.0,0.0,0.0,0.0,0.0
East Timor,2009,TLS,1058783.0,,0.0,0.0,,,0.0,0.0,0.0,0.0,0.0,0.0
East Timor,2010,TLS,1084688.0,,0.0,0.0,,,0.0,0.0,0.0,0.0,0.0,0.0
East Timor,2011,TLS,1110212.0,,0.0,0.0,,,0.0,0.0,0.0,0.0,0.0,0.0
East Timor,2012,TLS,1134891.0,,0.0,0.0,,,0.0,0.0,0.0,0.0,0.0,0.0
East Timor,2013,TLS,1158697.0,,0.0,0.0,,,0.0,0.0,0.0,0.0,0.0,0.0
East Timor,2014,TLS,1181913.0,,0.0,0.0,,,0.0,0.0,0.0,0.0,0.0,0.0
East Timor,2015,TLS,1205133.0,,0.0,0.0,,,0.0,0.0,0.0,0.0,0.0,0.0
East Timor,2016,TLS,1228314.0,,0.0,0.0,,,0.0,0.0,0.0,0.0,0.0,0.0
East Timor,2017,TLS,1251711.0,,0.0,0.0,,,0.0,0.0,0.0,0.0,0.0,0.0
East Timor,2018,TLS,1275962.0,,0.0,0.0,,,0.0,0.0,0.0,0.0,0.0,0.0
East Timor,2019,TLS,1300946.0,,0.0,0.0,,,0.0,0.0,0.0,0.0,0.0,0.0
East Timor,2020,TLS,1326051.0,,0.0,0.0,,,0.0,0.0,0.0,0.0,0.0,0.0
East Timor,2021,TLS,1350142.0,,0.0,0.0,,,0.0,0.0,0.0,0.0,0.0,0.0
East Timor,2022,TLS,1369299.0,,0.0,0.0,,,0.0,0.0,0.0,0.0,0.0,0.0
East Timor,2023,TLS,1384292.0,,0.0,0.0,,,0.0,0.0,0.0,0.0,0.0,0.0
Ecuador,2000,ECU,12689215.0,85978888021.0,7.53,71.51,21.142,20.573,0.0,0.0,0.0,0.0,7.53,71.51
Ecuador,2001,ECU,12910736.0,90060703680.0,7.0,63.752,19.532,18.737,0.0,0.0,0.0,0.0,7.0,63.752
Ecuador,2002,ECU,13138473.0,94404507340.0,7.45,63.082,20.614,20.06,0.0,0.0,0.0,0.0,7.45,63.082
Ecuador,2003,ECU,13372304.0,97642542688.0,7.11,61.934,19.565,18.572,0.0,0.0,0.0,0.0,7.11,61.934
Ecuador,2004,ECU,13608700.0,106393261231.0,7.34,57.344,20.096,17.818,0.0,0.0,0.0,0.0,7.34,57.344
Ecuador,2005,ECU,13846162.0,112798230080.0,6.83,54.035,18.823,15.75,0.0,0.0,0.0,0.0,6.81,53.877
Ecuador,2006,ECU,14086138.0,118581678982.0,7.08,50.284,19.518,15.435,0.0,0.0,0.0,0.0,7.06,50.142
Ecuador,2007,ECU,14328783.0,122016284055.0,8.97,52.0,24.723,18.628,0.0,0.0,0.0,0.0,8.95,51.884
Ecuador,2008,ECU,14575201.0,130654762337.0,11.2,60.573,30.456,21.549,0.0,0.0,0.0,0.0,11.18,60.465
Ecuador,2009,ECU,14825960.0,132310294703.0,9.15,50.385,24.899,18.011,0.0,0.0,0.0,0.0,9.13,50.275
Ecuador,2010,ECU,15076697.0,137913290159.0,8.57,44.13,23.266,15.137,0.0,0.0,0.0,0.0,8.55,44.027
Ecuador,2011,ECU,15326232.0,149795272280.0,11.03,53.989,29.743,18.275,0.0,0.0,0.0,0.0,11.02,53.94
Ecuador,2012,ECU,15572195.0,158246726051.0,12.14,53.41,32.505,18.909,0.0,0.0,0.0,0.0,12.12,53.322
Ecuador,2013,ECU,15807132.0,166075183974.0,11.03,47.625,29.342,16.519,0.0,0.0,0.06,0.259,10.93,47.193
Ecuador,2014,ECU,16035127.0,172367775440.0,11.5,47.54,30.702,16.451,0.02,0.083,0.08,0.331,11.34,46.879
Ecuador,2015,ECU,16266229.0,172538423301.0,13.2,51.103,34.864,18.756,0.04,0.155,0.1,0.387,12.97,50.213
Ecuador,2016,ECU,16505142.0,170423090933.0,16.29,59.978,41.754,22.601,0.04,0.147,0.08,0.295,15.68,57.732
Ecuador,2017,ECU,16759515.0,174458721084.0,20.46,73.518,52.167,27.196,0.04,0.144,0.07,0.252,19.89,71.47
Ecuador,2018,ECU,17049542.0,176707497535.0,21.02,71.912,53.275,26.236,0.04,0.137,0.08,0.274,20.47,70.031
Ecuador,2019,ECU,17340017.0,176728682555.0,25.24,77.781,62.988,30.382,0.04,0.123,0.09,0.277,24.66,75.994
Ecuador,2020,ECU,17546058.0,162965075602.0,24.92,79.642,61.972,34.624,0.04,0.128,0.08,0.256,24.33,77.756
Ecuador,2021,ECU,17682454.0,169866634253.0,26.08,81.196,64.753,31.038,0.04,0.125,0.06,0.187,25.57,79.608
Ecuador,2022,ECU,17823900.0,175028884708.0,25.13,76.013,62.248,28.426,0.04,0.121,0.06,0.181,24.64,74.531
Ecuador,2023,ECU,17980079.0,,26.22,76.779,63.823,27.974,0.04,0.117,0.06,0.176,25.73,75.344
Ecuador,2024,ECU,18135478.0,,23.65,71.667,57.631,25.358,0.04,0.121,0.08,0.242,23.01,69.727
Egypt,2000,EGY,73083287.0,444250275939.0,14.26,19.449,39.607,6.998,0.0,0.0,0.08,0.109,14.18,19.34
Egypt,2001,EGY,74652035.0,475679003242.0,14.59,18.077,40.313,6.824,0.0,0.0,0.18,0.223,14.41,17.854
Egypt,2002,EGY,76239140.0,501912285229.0,14.2,16.468,38.926,6.405,0.0,0.0,0.21,0.244,13.99,16.224
Egypt,2003,EGY,77853548.0,528750466385.0,13.23,14.351,36.038,5.599,0.0,0.0,0.29,0.315,12.94,14.036
Egypt,2004,EGY,79477441.0,561597926809.0,13.33,13.567,36.142,5.317,0.0,0.0,0.5,0.509,12.83,13.059
Egypt,2005,EGY,81101012.0,600297394092.0,13.15,12.531,35.363,5.073,0.0,0.0,0.51,0.486,12.64,12.045
Egypt,2006,EGY,82700404.0,650403845291.0,13.39,11.992,35.804,4.876,0.0,0.0,0.61,0.546,12.78,11.445
Egypt,2007,EGY,84276224.0,713462332878.0,14.88,12.414,39.577,5.061,0.0,0.0,0.66,0.551,14.22,11.864
Egypt,2008,EGY,85864791.0,775303694329.0,16.03,12.446,42.288,5.101,0.0,0.0,0.93,0.722,15.1,11.724
Egypt,2009,EGY,87501635.0,831415021492.0,14.81,11.03,38.876,4.525,0.0,0.0,1.04,0.775,13.77,10.255
Egypt,2010,EGY,89196073.0,898751418203.0,14.39,9.963,37.471,4.198,0.03,0.021,1.41,0.976,12.95,8.966
Egypt,2011,EGY,91093066.0,923052843843.0,14.72,9.842,38.159,4.063,0.24,0.16,1.49,0.996,12.99,8.685
Egypt,2012,EGY,93161000.0,950287307199.0,14.87,9.132,38.319,3.92,0.5,0.307,1.34,0.823,13.03,8.002
Egypt,2013,EGY,95333551.0,984556585202.0,14.85,8.996,37.95,3.909,0.03,0.018,1.58,0.957,13.24,8.02
Egypt,2014,EGY,97528655.0,1035721838706.0,14.76,8.619,37.544,3.913,0.14,0.082,1.03,0.601,13.59,7.936
Egypt,2015,EGY,99597334.0,1079611566322.0,15.61,8.585,39.544,4.062,0.04,0.022,1.89,1.039,13.68,7.524
Egypt,2016,EGY,101644583.0,1121578599865.0,15.83,8.412,39.768,3.87,0.23,0.122,2.4,1.275,13.2,7.014
Egypt,2017,EGY,103696055.0,1158060486104.0,15.5,8.022,38.75,3.627,0.6,0.311,2.11,1.092,12.79,6.62
Egypt,2018,EGY,105682092.0,1220661740193.0,16.46,8.255,40.955,3.832,0.55,0.276,2.99,1.5,12.92,6.48
Egypt,2019,EGY,107553159.0,1289253465646.0,19.59,9.767,48.489,4.638,1.49,0.743,4.98,2.483,13.12,6.541
Egypt,2020,EGY,109315118.0,1307778142529.0,23.76,11.964,58.677,5.968,4.45,2.241,5.23,2.633,14.08,7.09
Egypt,2021,EGY,110957005.0,1400985648780.0,25.36,12.096,62.466,5.908,4.97,2.371,5.49,2.619,14.9,7.107
Egypt,2022,EGY,112618252.0,1460427350416.0,25.61,11.817,62.918,5.687,5.0,2.307,5.9,2.722,14.71,6.788
Egypt,2023,EGY,114535772.0,,25.97,11.702,63.349,5.804,4.93,2.222,5.99,2.699,15.05,6.782
Egypt,2024,EGY,116538256.0,,26.58,11.197,64.823,5.778,6.07,2.557,6.14,2.586,14.37,6.053
El Salvador,2000,SLV,5943363.0,31478454275.0,2.29,61.725,,,0.0,0.0,0.0,0.0,1.16,31.267
El Salvador,2001,SLV,5968058.0,32499941192.0,2.32,59.033,,,0.0,0.0,0.0,0.0,1.15,29.262
El Salvador,2002,SLV,5986629.0,33751219265.0,2.32,56.174,,,0.0,0.0,0.0,0.0,1.13,27.361
El Salvador,2003,SLV,5998597.0,35029541311.0,2.69,60.998,,,0.0,0.0,0.0,0.0,1.45,32.88
El Salvador,2004,SLV,6004673.0,36185189370.0,2.6,58.036,,,0.0,0.0,0.0,0.0,1.37,30.58
El Salvador,2005,SLV,6005583.0,38001442916.0,2.93,60.915,,,0.0,0.0,0.0,0.0,1.66,34.511
El Salvador,2006,SLV,6002321.0,40054319005.0,3.36,59.469,,,0.0,0.0,0.0,0.0,1.96,34.69
El Salvador,2007,SLV,6009820.0,42202462933.0,3.28,56.552,,,0.0,0.0,0.0,0.0,1.73,29.828
El Salvador,2008,SLV,6029302.0,43393063628.0,3.72,62.416,,,0.0,0.0,0.0,0.0,2.03,34.06
El Salvador,2009,SLV,6048284.0,42668179532.0,3.25,56.228,,,0.0,0.0,0.0,0.0,1.5,25.952
El Salvador,2010,SLV,6068253.0,43862777197.0,3.88,64.992,,,0.0,0.0,0.0,0.0,2.08,34.841
El Salvador,2011,SLV,6090128.0,45520507146.0,3.82,62.829,,,0.0,0.0,0.0,0.0,2.01,33.059
El Salvador,2012,SLV,6113977.0,46608113564.0,3.75,60.193,,,0.0,0.0,0.0,0.0,1.84,29.535
El Salvador,2013,SLV,6138845.0,48017379514.0,3.8,60.51,,,0.01,0.159,0.0,0.0,1.79,28.503
El Salvador,2014,SLV,6162952.0,49026874064.0,3.8,60.51,,,0.02,0.318,0.0,0.0,1.79,28.503
El Salvador,2015,SLV,6183675.0,50319726389.0,3.55,58.388,,,0.03,0.493,0.0,0.0,1.42,23.355
El Salvador,2016,SLV,6200808.0,51794877474.0,3.59,58.852,,,0.04,0.656,0.0,0.0,1.34,21.967
El Salvador,2017,SLV,6213538.0,53295513328.0,4.18,74.91,,,0.19,3.405,0.0,0.0,1.71,30.645
El Salvador,2018,SLV,6219803.0,55053057931.0,4.19,77.737,,,0.28,5.195,0.0,0.0,1.63,30.241
El Salvador,2019,SLV,6222316.0,56393644127.0,4.32,71.053,,,0.49,8.059,0.0,0.0,1.53,25.164
El Salvador,2020,SLV,6234679.0,51960808936.0,5.35,84.518,,,0.9,14.218,0.01,0.158,2.07,32.701
El Salvador,2021,SLV,6255780.0,57771997522.0,5.49,84.722,,,1.08,16.667,0.13,2.006,1.82,28.086
El Salvador,2022,SLV,6280316.0,59270934820.0,6.03,90.813,,,1.24,18.675,0.14,2.108,2.26,34.036
El Salvador,2023,SLV,6309629.0,,5.89,90.615,,,1.24,19.077,0.14,2.154,2.01,30.923
El Salvador,2024,SLV,6338197.0,,6.57,93.191,,,1.29,18.298,0.11,1.56,2.65,37.589
Equatorial Guinea,2000,GNQ,703287.0,6341192117.0,0.01,20.0,,,0.0,0.0,0.0,0.0,0.01,20.0
Equatorial Guinea,2001,GNQ,749836.0,10710877546.0,0.01,16.667,,,0.0,0.0,0.0,0.0,0.01,16.667
Equatorial Guinea,2002,GNQ,797968.0,12944267386.0,0.01,14.286,,,0.0,0.0,0.0,0.0,0.01,14.286
Equatorial Guinea,2003,GNQ,847867.0,14778140796.0,0.01,14.286,,,0.0,0.0,0.0,0.0,0.01,14.286
Equatorial Guinea,2004,GNQ,899924.0,18414357582.0,0.01,11.111,,,0.0,0.0,0.0,0.0,0.01,11.111
Equatorial Guinea,2005,GNQ,947370.0,20168023886.0,0.01,10.0,,,0.0,0.0,0.0,0.0,0.01,10.0
Equatorial Guinea,2006,GNQ,990349.0,21346957199.0,0.01,9.091,,,0.0,0.0,0.0,0.0,0.01,9.091
Equatorial Guinea,2007,GNQ,1036053.0,24766652343.0,0.01,7.692,,,0.0,0.0,0.0,0.0,0.01,7.692
Equatorial Guinea,2008,GNQ,1084538.0,29298389312.0,0.05,25.0,,,0.0,0.0,0.0,0.0,0.05,25.0
Equatorial Guinea,2009,GNQ,1135683.0,29853093503.0,0.05,22.727,,,0.0,0.0,0.0,0.0,0.05,22.727
Equatorial Guinea,2010,GNQ,1189097.0,27366671882.0,0.03,13.636,,,0.0,0.0,0.0,0.0,0.03,13.636
Equatorial Guinea,2011,GNQ,1241843.0,29285788000.0,0.03,10.0,,,0.0,0.0,0.0,0.0,0.03,10.0
Equatorial Guinea,2012,GNQ,1293485.0,31730930000.0,0.08,14.815,,,0.0,0.0,0.0,0.0,0.08,14.815
Equatorial Guinea,2013,GNQ,1346220.0,30419136000.0,0.25,29.412,,,0.0,0.0,0.0,0.0,0.25,29.412
Equatorial Guinea,2014,GNQ,1399829.0,30256854000.0,0.38,34.862,,,0.0,0.0,0.0,0.0,0.38,34.862
Equatorial Guinea,2015,GNQ,1453925.0,28026102000.0,0.47,36.154,,,0.0,0.0,0.0,0.0,0.47,36.154
Equatorial Guinea,2016,GNQ,1508192.0,25203837269.0,0.47,33.571,,,0.0,0.0,0.0,0.0,0.47,33.571
Equatorial Guinea,2017,GNQ,1562401.0,23511758900.0,0.44,32.836,,,0.0,0.0,0.0,0.0,0.44,32.836
Equatorial Guinea,2018,GNQ,1616425.0,21813514918.0,0.44,32.593,,,0.0,0.0,0.0,0.0,0.44,32.593
Equatorial Guinea,2019,GNQ,1670184.0,20617750095.0,0.45,32.143,,,0.0,0.0,0.0,0.0,0.45,32.143
Equatorial Guinea,2020,GNQ,1716479.0,19743252847.0,0.49,34.752,,,0.0,0.0,0.0,0.0,0.49,34.752
Equatorial Guinea,2021,GNQ,1758796.0,19556604569.0,0.47,32.867,,,0.0,0.0,0.0,0.0,0.47,32.867
Equatorial Guinea,2022,GNQ,1803549.0,20191378731.0,0.48,31.788,,,0.0,0.0,0.0,0.0,0.48,31.788
Equatorial Guinea,2023,GNQ,1847556.0,,0.49,31.21,,,0.0,0.0,0.0,0.0,0.49,31.21
Eritrea,2000,ERI,2247036.0,,0.0,0.0,,,0.0,0.0,0.0,0.0,0.0,0.0
Eritrea,2001,ERI,2312083.0,,0.0,0.0,,,0.0,0.0,0.0,0.0,0.0,0.0
Eritrea,2002,ERI,2392981.0,,0.0,0.0,,,0.0,0.0,0.0,0.0,0.0,0.0
Eritrea,2003,ERI,2493906.0,,0.0,0.0,,,0.0,0.0,0.0,0.0,0.0,0.0
Eritrea,2004,ERI,2598288.0,,0.0,0.0,,,0.0,0.0,0.0,0.0,0.0,0.0
Eritrea,2005,ERI,2661215.0,,0.0,0.0,,,0.0,0.0,0.0,0.0,0.0,0.0
Eritrea,2006,ERI,2703501.0,,0.0,0.0,,,0.0,0.0,0.0,0.0,0.0,0.0
Eritrea,2007,ERI,2743226.0,,0.0,0.0,,,0.0,0.0,0.0,0.0,0.0,0.0
Eritrea,2008,ERI,2816331.0,,0.0,0.0,,,0.0,0.0,0.0,0.0,0.0,0.0
Eritrea,2009,ERI,2887887.0,,0.0,0.0,,,0.0,0.0,0.0,0.0,0.0,0.0
Eritrea,2010,ERI,2945184.0,,0.0,0.0,,,0.0,0.0,0.0,0.0,0.0,0.0
Eritrea,2011,ERI,2998493.0,,0.0,0.0,,,0.0,0.0,0.0,0.0,0.0,0.0
Eritrea,2012,ERI,3036998.0,,0.0,0.0,,,0.0,0.0,0.0,0.0,0.0,0.0
Eritrea,2013,ERI,3074367.0,,0.0,0.0,,,0.0,0.0,0.0,0.0,0.0,0.0
Eritrea,2014,ERI,3095168.0,,0.0,0.0,,,0.0,0.0,0.0,0.0,0.0,0.0
Eritrea,2015,ERI,3105554.0,,0.0,0.0,,,0.0,0.0,0.0,0.0,0.0,0.0
Eritrea,2016,ERI,3124700.0,,0.0,0.0,,,0.0,0.0,0.0,0.0,0.0,0.0
Eritrea,2017,ERI,3150350.0,,0.01,2.941,,,0.01,2.941,0.0,0.0,0.0,0.0
Eritrea,2018,ERI,3192763.0,,0.05,12.821,,,0.05,12.821,0.0,0.0,0.0,0.0
Eritrea,2019,ERI,3240194.0,,0.05,12.5,,,0.05,12.5,0.0,0.0,0.0,0.0
Eritrea,2020,ERI,3291277.0,,0.05,12.195,,,0.05,12.195,0.0,0.0,0.0,0.0
Eritrea,2021,ERI,3350185.0,,0.05,11.905,,,0.05,11.905,0.0,0.0,0.0,0.0
Eritrea,2022,ERI,3409450.0,,0.05,11.364,,,0.05,11.364,0.0,0.0,0.0,0.0
Eritrea,2023,ERI,3470391.0,,0.05,11.364,,,0.05,11.364,0.0,0.0,0.0,0.0
Estonia,2000,EST,1397001.0,23525730943.0,0.01,0.118,0.186,0.335,0.0,0.0,,,0.0,0.0
Estonia,2001,EST,1388174.0,24618992841.0,0.02,0.236,0.089,0.154,0.0,0.0,,,0.01,0.118
Estonia,2002,EST,1379438.0,25689833693.0,0.03,0.352,0.104,0.18,0.0,0.0,0.0,0.0,0.01,0.117
Estonia,2003,EST,1370849.0,27160243367.0,0.05,0.492,0.133,0.211,0.0,0.0,0.01,0.098,0.01,0.098
Estonia,2004,EST,1362682.0,28392969678.0,0.06,0.582,0.178,0.278,0.0,0.0,0.01,0.097,0.02,0.194
Estonia,2005,EST,1354847.0,30566893529.0,0.11,1.078,0.308,0.477,0.0,0.0,0.05,0.49,0.02,0.196
Estonia,2006,EST,1346885.0,33162229951.0,0.13,1.336,0.371,0.583,0.0,0.0,0.08,0.822,0.01,0.103
Estonia,2007,EST,1340709.0,35115520992.0,0.14,1.149,0.419,0.568,0.0,0.0,0.09,0.739,0.02,0.164
Estonia,2008,EST,1337078.0,32659893005.0,0.2,1.89,0.591,0.871,0.0,0.0,0.13,1.229,0.03,0.284
Estonia,2009,EST,1334528.0,27402480486.0,0.54,6.15,1.597,2.722,0.0,0.0,0.2,2.278,0.03,0.342
Estonia,2010,EST,1331450.0,27586968284.0,1.05,8.096,3.199,4.38,0.0,0.0,0.28,2.159,0.03,0.231
Estonia,2011,EST,1327366.0,29217295065.0,1.18,9.154,3.531,4.847,0.0,0.0,0.37,2.87,0.03,0.233
Estonia,2012,EST,1322615.0,30160490093.0,1.47,12.291,4.4,6.0,0.0,0.0,0.43,3.595,0.04,0.334
Estonia,2013,EST,1317920.0,30600421813.0,1.23,9.262,3.637,4.703,0.0,0.0,0.53,3.991,0.03,0.226
Estonia,2014,EST,1314457.0,31521829560.0,1.39,11.165,4.161,5.622,0.0,0.0,0.6,4.819,0.03,0.241
Estonia,2015,EST,1314580.0,32106015454.0,1.56,15.369,4.558,6.658,0.0,0.0,0.71,6.995,0.03,0.296
Estonia,2016,EST,1315850.0,33119083785.0,1.59,13.065,4.594,6.508,0.01,0.082,0.59,4.848,0.04,0.329
Estonia,2017,EST,1317430.0,35037377711.0,1.86,14.134,5.402,6.9,0.01,0.076,0.72,5.471,0.03,0.228
Estonia,2018,EST,1321972.0,36363239216.0,1.99,16.087,6.058,7.798,0.03,0.243,0.64,5.174,0.01,0.081
Estonia,2019,EST,1326822.0,37723175050.0,2.14,28.121,6.49,10.376,0.07,0.92,0.69,9.067,0.02,0.263
Estonia,2020,EST,1329675.0,37515273353.0,2.97,48.849,8.971,15.352,0.25,4.112,0.84,13.816,0.03,0.493
Estonia,2021,EST,1331750.0,40521483538.0,2.87,39.917,8.743,14.297,0.35,4.868,0.73,10.153,0.02,0.278
Estonia,2022,EST,1350093.0,39999856613.0,2.86,31.991,8.343,13.241,0.6,6.711,0.67,7.494,0.02,0.224
Estonia,2023,EST,1367195.0,,2.91,49.744,8.005,14.305,0.72,12.308,0.79,13.504,0.02,0.342
Estonia,2024,EST,1360548.0,,3.45,55.645,9.932,17.946,0.86,13.871,1.16,18.71,0.03,0.484
Estonia,2025,EST,1344236.0,,3.6,59.504,,,0.92,15.207,1.26,20.826,0.03,0.496
Eswatini,2000,SWZ,1041428.0,5050303320.0,0.65,98.485,,,0.0,0.0,0.0,0.0,0.19,28.788
Eswatini,2001,SWZ,1051066.0,5125500508.0,0.69,98.571,,,0.0,0.0,0.0,0.0,0.19,27.143
Eswatini,2002,SWZ,1059456.0,5280506497.0,0.69,95.833,,,0.0,0.0,0.0,0.0,0.2,27.778
Eswatini,2003,SWZ,1066706.0,5518729007.0,0.61,95.313,,,0.0,0.0,0.0,0.0,0.12,18.75
Eswatini,2004,SWZ,1073170.0,5696422388.0,0.55,94.828,,,0.0,0.0,0.0,0.0,0.1,17.241
Eswatini,2005,SWZ,1079022.0,6002942535.0,0.6,96.774,,,0.0,0.0,0.0,0.0,0.16,25.806
Eswatini,2006,SWZ,1084442.0,6319744849.0,0.67,97.101,,,0.0,0.0,0.0,0.0,0.15,21.739
Eswatini,2007,SWZ,1090713.0,6589486313.0,0.69,97.183,,,0.0,0.0,0.0,0.0,0.17,23.944
Eswatini,2008,SWZ,1098098.0,6906669172.0,0.67,97.101,,,0.0,0.0,0.0,0.0,0.16,23.188
Eswatini,2009,SWZ,1105158.0,7131566747.0,0.64,96.97,,,0.0,0.0,0.0,0.0,0.2,30.303
Eswatini,2010,SWZ,1111651.0,7332277029.0,0.72,97.297,,,0.0,0.0,0.0,0.0,0.24,32.432
Eswatini,2011,SWZ,1117845.0,7567466177.0,0.56,96.552,,,0.0,0.0,0.0,0.0,0.28,48.276
Eswatini,2012,SWZ,1123870.0,7793097968.0,0.48,92.308,,,0.0,0.0,0.0,0.0,0.24,46.154
Eswatini,2013,SWZ,1130000.0,8126636123.0,0.56,93.333,,,0.0,0.0,0.0,0.0,0.31,51.667
Eswatini,2014,SWZ,1136305.0,8327527350.0,0.46,95.833,,,0.0,0.0,0.0,0.0,0.23,47.917
Eswatini,2015,SWZ,1142822.0,8445665268.0,0.36,94.737,,,0.0,0.0,0.0,0.0,0.12,31.579
Eswatini,2016,SWZ,1149516.0,8545156780.0,0.33,91.667,,,0.0,0.0,0.0,0.0,0.12,33.333
Eswatini,2017,SWZ,1158198.0,8725282454.0,0.41,95.349,,,0.0,0.0,0.0,0.0,0.21,48.837
Eswatini,2018,SWZ,1168933.0,8936238936.0,0.47,95.918,,,0.0,0.0,0.0,0.0,0.27,55.102
Eswatini,2019,SWZ,1179885.0,9177836965.0,0.45,91.837,,,0.0,0.0,0.0,0.0,0.23,46.939
Eswatini,2020,SWZ,1192734.0,9034694873.0,0.47,95.918,,,0.0,0.0,0.0,0.0,0.23,46.939
Eswatini,2021,SWZ,1206598.0,9746927305.0,0.49,96.078,,,0.03,5.882,0.0,0.0,0.26,50.98
Eswatini,2022,SWZ,1218921.0,9594910875.0,0.53,96.364,,,0.03,5.455,0.0,0.0,0.3,54.545
Eswatini,2023,SWZ,1230507.0,,0.54,96.429,,,0.03,5.357,0.0,0.0,0.3,53.571
Ethiopia,2000,ETH,67411496.0,50326965912.0,1.67,98.817,,,0.0,0.0,0.0,0.0,1.63,96.45
Ethiopia,2001,ETH,69487767.0,52434129516.0,2.02,99.02,,,0.0,0.0,0.0,0.0,1.97,96.569
Ethiopia,2002,ETH,71635521.0,54501781462.0,2.04,99.029,,,0.0,0.0,0.0,0.0,2.0,97.087
Ethiopia,2003,ETH,73832664.0,53892038989.0,2.31,99.142,,,0.0,0.0,0.0,0.0,2.26,96.996
Ethiopia,2004,ETH,76077211.0,55845384136.0,2.55,99.222,,,0.0,0.0,0.0,0.0,2.5,97.276
Ethiopia,2005,ETH,78367476.0,61634778962.0,2.87,99.653,,,0.0,0.0,0.0,0.0,2.81,97.569
Ethiopia,2006,ETH,80703495.0,67217118145.0,3.29,99.396,,,0.0,0.0,0.0,0.0,3.23,97.583
Ethiopia,2007,ETH,83103218.0,73421784125.0,3.39,98.834,,,0.0,0.0,0.0,0.0,3.35,97.668
Ethiopia,2008,ETH,85543670.0,79756503135.0,3.32,99.7,,,0.0,0.0,0.0,0.0,3.26,97.898
Ethiopia,2009,ETH,88007641.0,86391027022.0,3.56,98.343,,,0.0,0.0,0.0,0.0,3.49,96.409
Ethiopia,2010,ETH,90538518.0,94148625646.0,4.96,99.002,,,0.0,0.0,0.0,0.0,4.88,97.405
Ethiopia,2011,ETH,93149977.0,104948629242.0,6.29,99.211,,,0.0,0.0,0.03,0.473,6.2,97.792
Ethiopia,2012,ETH,95798771.0,116345224724.0,7.55,99.736,,,0.0,0.0,0.19,2.51,7.31,96.565
Ethiopia,2013,ETH,98438752.0,128310309167.0,8.66,99.885,,,0.01,0.115,0.36,4.152,8.26,95.271
Ethiopia,2014,ETH,101115615.0,141950543442.0,9.47,100.0,,,0.02,0.211,0.5,5.28,8.92,94.192
Ethiopia,2015,ETH,103867140.0,157107146471.0,10.39,100.0,,,0.02,0.192,0.76,7.315,9.58,92.204
Ethiopia,2016,ETH,106718163.0,173708917362.0,12.47,100.0,,,0.02,0.16,0.78,6.255,11.64,93.344
Ethiopia,2017,ETH,109666482.0,190761659136.0,13.12,100.0,,,0.02,0.152,0.53,4.04,12.55,95.655
Ethiopia,2018,ETH,112664157.0,206205566995.0,14.23,100.0,,,0.02,0.141,0.53,3.725,13.65,95.924
Ethiopia,2019,ETH,115737384.0,221885291686.0,15.3,99.935,,,0.02,0.131,0.85,5.552,14.4,94.056
Ethiopia,2020,ETH,118917670.0,237860193068.0,15.61,99.936,,,0.03,0.192,0.61,3.905,14.94,95.647
Ethiopia,2021,ETH,122138588.0,251849804145.0,15.78,100.0,,,0.03,0.19,0.82,5.196,14.91,94.487
Ethiopia,2022,ETH,125384285.0,269977225159.0,17.41,100.0,,,0.04,0.23,0.56,3.217,16.77,96.324
Ethiopia,2023,ETH,128691695.0,,18.26,100.0,,,0.04,0.219,0.56,3.067,17.62,96.495
Falkland Islands,2000,FLK,3119.0,,0.0,0.0,,,0.0,0.0,0.0,0.0,0.0,0.0
Falkland Islands,2001,FLK,3167.0,,0.0,0.0,,,0.0,0.0,0.0,0.0,0.0,0.0
Falkland Islands,2002,FLK,3193.0,,0.0,0.0,,,0.0,0.0,0.0,0.0,0.0,0.0
Falkland Islands,2003,FLK,3212.0,,0.0,0.0,,,0.0,0.0,0.0,0.0,0.0,0.0
Falkland Islands,2004,FLK,3230.0,,0.0,0.0,,,0.0,0.0,0.0,0.0,0.0,0.0
Falkland Islands,2005,FLK,3242.0,,0.0,0.0,,,0.0,0.0,0.0,0.0,0.0,0.0
Falkland Islands,2006,FLK,3254.0,,0.0,0.0,,,0.0,0.0,0.0,0.0,0.0,0.0
Falkland Islands,2007,FLK,3249.0,,0.0,0.0,,,0.0,0.0,0.0,0.0,0.0,0.0
Falkland Islands,2008,FLK,3244.0,,0.0,0.0,,,0.0,0.0,0.0,0.0,0.0,0.0
Falkland Islands,2009,FLK,3233.0,,0.0,0.0,,,0.0,0.0,0.0,0.0,0.0,0.0
Falkland Islands,2010,FLK,3218.0,,0.0,0.0,,,0.0,0.0,0.0,0.0,0.0,0.0
Falkland Islands,2011,FLK,3205.0,,0.01,50.0,,,0.0,0.0,0.01,50.0,0.0,0.0
Falkland Islands,2012,FLK,3223.0,,0.01,50.0,,,0.0,0.0,0.01,50.0,0.0,0.0
Falkland Islands,2013,FLK,3291.0,,0.01,50.0,,,0.0,0.0,0.01,50.0,0.0,0.0
Falkland Islands,2014,FLK,3362.0,,0.01,50.0,,,0.0,0.0,0.01,50.0,0.0,0.0
Falkland Islands,2015,FLK,3432.0,,0.01,50.0,,,0.0,0.0,0.01,50.0,0.0,0.0
Falkland Islands,2016,FLK,3499.0,,0.01,50.0,,,0.0,0.0,0.01,50.0,0.0,0.0
Falkland Islands,2017,FLK,3541.0,,0.0,0.0,,,0.0,0.0,0.0,0.0,0.0,0.0
Falkland Islands,2018,FLK,3549.0,,0.0,0.0,,,0.0,0.0,0.0,0.0,0.0,0.0
Falkland Islands,2019,FLK,3541.0,,0.0,0.0,,,0.0,0.0,0.0,0.0,0.0,0.0
Falkland Islands,2020,FLK,3537.0,,0.0,0.0,,,0.0,0.0,0.0,0.0,0.0,0.0
Falkland Islands,2021,FLK,3524.0,,0.0,0.0,,,0.0,0.0,0.0,0.0,0.0,0.0
Falkland Islands,2022,FLK,3515.0,,0.0,0.0,,,0.0,0.0,0.0,0.0,0.0,0.0
Faroe Islands,2000,FRO,45687.0,,0.08,36.364,,,0.0,0.0,0.0,0.0,0.08,36.364
Faroe Islands,2001,FRO,46262.0,,0.08,33.333,,,0.0,0.0,0.0,0.0,0.08,33.333
Faroe Islands,2002,FRO,46852.0,,0.1,41.667,,,0.0,0.0,0.0,0.0,0.1,41.667
Faroe Islands,2003,FRO,47448.0,,0.08,33.333,,,0.0,0.0,0.0,0.0,0.08,33.333
Faroe Islands,2004,FRO,48041.0,,0.1,40.0,,,0.0,0.0,0.01,4.0,0.09,36.0
Faroe Islands,2005,FRO,48386.0,,0.11,44.0,,,0.0,0.0,0.01,4.0,0.1,40.0
Faroe Islands,2006,FRO,48456.0,,0.11,44.0,,,0.0,0.0,0.01,4.0,0.1,40.0
Faroe Islands,2007,FRO,48498.0,,0.12,44.444,,,0.0,0.0,0.02,7.407,0.1,37.037
Faroe Islands,2008,FRO,48528.0,,0.1,37.037,,,0.0,0.0,0.01,3.704,0.09,33.333
Faroe Islands,2009,FRO,48512.0,,0.1,37.037,,,0.0,0.0,0.01,3.704,0.09,33.333
Faroe Islands,2010,FRO,48191.0,,0.08,28.571,,,0.0,0.0,0.01,3.571,0.07,25.0
Faroe Islands,2011,FRO,47957.0,,0.1,37.037,,,0.0,0.0,0.01,3.704,0.09,33.333
Faroe Islands,2012,FRO,48113.0,,0.11,37.931,,,0.0,0.0,0.01,3.448,0.1,34.483
Faroe Islands,2013,FRO,48297.0,,0.11,37.931,,,0.0,0.0,0.02,6.897,0.09,31.034
Faroe Islands,2014,FRO,48515.0,,0.16,51.613,,,0.0,0.0,0.04,12.903,0.12,38.71
Faroe Islands,2015,FRO,48916.0,,0.19,59.375,,,0.0,0.0,0.06,18.75,0.13,40.625
Faroe Islands,2016,FRO,49554.0,,0.15,48.387,,,0.0,0.0,0.05,16.129,0.1,32.258
Faroe Islands,2017,FRO,50268.0,,0.17,51.515,,,0.0,0.0,0.06,18.182,0.11,33.333
Faroe Islands,2018,FRO,51062.0,,0.17,48.571,,,0.0,0.0,0.06,17.143,0.11,31.429
Faroe Islands,2019,FRO,51868.0,,0.15,39.474,,,0.0,0.0,0.05,13.158,0.1,26.316
Faroe Islands,2020,FRO,52615.0,,0.16,39.024,,,0.0,0.0,0.05,12.195,0.11,26.829
Faroe Islands,2021,FRO,53324.0,,0.17,39.535,,,0.0,0.0,0.05,11.628,0.11,25.581
Faroe Islands,2022,FRO,54039.0,,0.22,45.833,,,0.0,0.0,0.09,18.75,0.13,27.083
Fiji,2000,FJI,840913.0,,0.54,72.0,,,0.0,0.0,0.0,0.0,0.41,54.667
Fiji,2001,FJI,849606.0,,0.59,74.684,,,0.0,0.0,0.0,0.0,0.46,58.228
Fiji,2002,FJI,858057.0,,0.58,69.88,,,0.0,0.0,0.0,0.0,0.45,54.217
Fiji,2003,FJI,866297.0,,0.47,54.023,,,0.0,0.0,0.0,0.0,0.34,39.08
Fiji,2004,FJI,874369.0,,0.5,56.818,,,0.0,0.0,0.0,0.0,0.37,42.045
Fiji,2005,FJI,882384.0,,0.47,52.809,,,0.0,0.0,0.0,0.0,0.34,38.202
Fiji,2006,FJI,890370.0,,0.47,52.222,,,0.0,0.0,0.0,0.0,0.34,37.778
Fiji,2007,FJI,897843.0,,0.61,68.539,,,0.0,0.0,0.01,1.124,0.51,57.303
Fiji,2008,FJI,903403.0,,0.57,67.857,,,0.0,0.0,0.02,2.381,0.5,59.524
Fiji,2009,FJI,907248.0,,0.52,62.651,,,0.0,0.0,0.02,2.41,0.46,55.422
Fiji,2010,FJI,910427.0,,0.46,52.273,,,0.0,0.0,0.01,1.136,0.41,46.591
Fiji,2011,FJI,912991.0,,0.49,57.647,,,0.0,0.0,0.0,0.0,0.45,52.941
Fiji,2012,FJI,914920.0,,0.57,66.279,,,0.0,0.0,0.01,1.163,0.52,60.465
Fiji,2013,FJI,916359.0,,0.56,63.636,,,0.0,0.0,0.0,0.0,0.52,59.091
Fiji,2014,FJI,917589.0,,0.44,48.352,,,0.0,0.0,0.0,0.0,0.4,43.956
Fiji,2015,FJI,918585.0,,0.45,48.387,,,0.0,0.0,0.01,1.075,0.4,43.011
Fiji,2016,FJI,919167.0,,0.52,54.737,,,0.01,1.053,0.0,0.0,0.49,51.579
Fiji,2017,FJI,918762.0,,0.51,50.0,,,0.01,0.98,0.0,0.0,0.49,48.039
Fiji,2018,FJI,917185.0,,0.65,59.091,,,0.01,0.909,0.0,0.0,0.56,50.909
Fiji,2019,FJI,914906.0,,0.66,57.895,,,0.01,0.877,0.0,0.0,0.56,49.123
Fiji,2020,FJI,914971.0,,0.68,62.963,,,0.01,0.926,0.0,0.0,0.56,51.852
Fiji,2021,FJI,916718.0,,0.66,62.264,,,0.01,0.943,0.0,0.0,0.55,51.887
Fiji,2022,FJI,919428.0,,0.65,60.748,,,0.01,0.935,0.0,0.0,0.6,56.075
Fiji,2023,FJI,924150.0,,0.73,63.478,,,0.01,0.87,0.0,0.0,0.6,52.174
Finland,2000,FIN,5176197.0,169209765102.0,23.38,33.414,67.94,19.163,0.0,0.0,0.08,0.114,14.66,20.952
Finland,2001,FIN,5187970.0,173703951475.0,21.54,28.932,62.526,17.238,0.0,0.0,0.07,0.094,13.2,17.73
Finland,2002,FIN,5200548.0,176751491921.0,19.83,26.468,57.801,15.842,0.0,0.0,0.06,0.08,10.78,14.389
Finland,2003,FIN,5212958.0,180408462125.0,19.06,22.615,55.748,14.248,0.0,0.0,0.09,0.107,9.59,11.379
Finland,2004,FIN,5228147.0,187633923914.0,25.63,29.858,73.847,18.999,0.0,0.0,0.12,0.14,15.07,17.556
Finland,2005,FIN,5246078.0,192990732516.0,23.46,33.248,67.243,19.045,0.0,0.0,0.17,0.241,13.78,19.529
Finland,2006,FIN,5266248.0,200966858669.0,22.46,27.294,64.958,17.117,0.0,0.0,0.16,0.194,11.49,13.963
Finland,2007,FIN,5288715.0,211541390078.0,24.32,29.962,69.34,18.351,0.0,0.0,0.19,0.234,14.18,17.47
Finland,2008,FIN,5313379.0,213226105706.0,27.77,35.902,79.221,21.795,0.0,0.0,0.26,0.336,17.11,22.12
Finland,2009,FIN,5338854.0,195739132370.0,21.7,30.114,62.774,18.615,0.0,0.0,0.28,0.389,12.69,17.61
Finland,2010,FIN,5363347.0,201746033638.0,24.18,29.985,70.167,19.122,0.0,0.0,0.29,0.36,12.92,16.022
Finland,2011,FIN,5388236.0,207084301562.0,24.18,32.898,70.789,20.478,0.01,0.014,0.48,0.653,12.45,16.939
Finland,2012,FIN,5413978.0,204190196792.0,28.56,40.562,81.862,24.392,0.01,0.014,0.49,0.696,16.86,23.945
Finland,2013,FIN,5439057.0,202349011206.0,25.63,35.967,74.721,22.15,0.01,0.014,0.77,1.081,12.84,18.019
Finland,2014,FIN,5461686.0,201610622550.0,26.28,38.59,78.717,24.195,0.01,0.015,1.11,1.63,13.4,19.677
Finland,2015,FIN,5479719.0,202706706722.0,30.53,44.498,89.101,27.515,0.01,0.015,2.33,3.396,16.77,24.443
Finland,2016,FIN,5495468.0,208405735062.0,30.41,44.233,85.3,25.935,0.02,0.029,3.07,4.465,15.8,22.982
Finland,2017,FIN,5508398.0,215058877437.0,31.47,46.608,90.141,27.99,0.05,0.074,4.79,7.094,14.77,21.875
Finland,2018,FIN,5515730.0,217509947213.0,32.14,45.764,92.022,27.99,0.09,0.128,5.84,8.316,13.3,18.938
Finland,2019,FIN,5521754.0,220173891564.0,31.88,46.466,92.01,28.591,0.15,0.219,6.02,8.774,12.42,18.102
Finland,2020,FIN,5529616.0,214988893865.0,35.93,51.892,100.422,32.588,0.22,0.318,8.26,11.93,15.88,22.935
Finland,2021,FIN,5541069.0,221538476826.0,38.18,52.947,110.278,35.036,0.3,0.416,8.51,11.801,15.79,21.897
Finland,2022,FIN,5569300.0,226154847456.0,38.66,53.568,109.698,34.897,0.39,0.54,12.02,16.655,13.49,18.692
Finland,2023,FIN,5601185.0,,41.92,51.664,117.22,35.888,0.72,0.887,14.66,18.068,15.2,18.733
Finland,2024,FIN,5617311.0,,45.73,55.653,127.199,38.894,0.94,1.144,20.1,24.461,14.3,17.403
Finland,2025,FIN,5623328.0,,45.53,55.982,,,1.01,1.242,22.2,27.296,12.19,14.988
France,2000,FRA,59483716.0,2031676031476.0,67.83,12.737,197.471,6.409,0.01,0.002,0.05,0.009,64.78,12.164
France,2001,FRA,59905131.0,2077786711965.0,76.09,14.023,219.658,7.072,0.01,0.002,0.13,0.024,72.62,13.384
France,2002,FRA,60327247.0,2107316572579.0,62.69,11.373,181.15,5.879,0.01,0.002,0.27,0.049,58.88,10.681
France,2003,FRA,60741119.0,2130940712046.0,61.47,10.994,176.867,5.675,0.01,0.002,0.39,0.07,57.35,10.257
France,2004,FRA,61175244.0,2196883540402.0,62.42,11.022,178.738,5.684,0.01,0.002,0.59,0.104,58.04,10.249
France,2005,FRA,61625031.0,2238790479440.0,54.98,9.66,159.685,5.122,0.01,0.002,0.96,0.169,50.14,8.81
France,2006,FRA,62049831.0,2297018080700.0,60.91,10.737,176.385,5.702,0.01,0.002,2.18,0.384,54.88,9.674
France,2007,FRA,62432438.0,2354672057875.0,64.3,11.445,193.314,6.356,0.02,0.004,4.07,0.724,55.99,9.965
France,2008,FRA,62780187.0,2362451821701.0,72.33,12.757,223.019,7.319,0.04,0.007,5.69,1.004,62.16,10.963
France,2009,FRA,63106460.0,2295352990111.0,68.15,12.886,213.012,7.409,0.17,0.032,7.91,1.496,55.49,10.492
France,2010,FRA,63417366.0,2342490492199.0,76.68,13.635,233.531,7.882,0.62,0.11,9.94,1.768,61.2,10.883
France,2011,FRA,63733776.0,2393401943613.0,66.02,11.63,198.359,6.93,2.33,0.41,12.37,2.179,45.74,8.058
France,2012,FRA,64058465.0,2400896391731.0,85.25,15.02,249.119,8.714,4.43,0.781,15.18,2.675,59.83,10.541
France,2013,FRA,64387736.0,2414733629218.0,99.43,17.24,284.361,9.857,5.19,0.9,16.14,2.798,71.92,12.47
France,2014,FRA,64692495.0,2437822780219.0,94.03,16.604,272.726,9.885,6.39,1.128,17.32,3.058,63.77,11.261
France,2015,FRA,64916337.0,2464953810985.0,91.84,15.996,266.623,9.568,7.75,1.35,21.42,3.731,55.56,9.677
France,2016,FRA,65086853.0,2491956183265.0,99.0,17.715,282.738,10.362,8.66,1.55,21.38,3.826,60.84,10.887
France,2017,FRA,65284775.0,2549057506683.0,91.91,16.538,266.731,9.803,8.87,1.596,24.61,4.428,50.0,8.997
France,2018,FRA,65519537.0,2596599107835.0,113.85,19.757,316.88,11.513,11.15,1.935,28.6,4.963,65.11,11.299
France,2019,FRA,65729460.0,2644453795826.0,112.9,19.964,316.482,11.754,12.02,2.125,34.72,6.139,56.91,10.063
France,2020,FRA,65905273.0,2438594133224.0,125.03,23.714,336.373,13.972,13.09,2.483,40.05,7.596,62.52,11.858
France,2021,FRA,66083547.0,2604822841790.0,122.1,22.187,330.825,12.914,15.28,2.777,37.12,6.745,59.54,10.819
France,2022,FRA,66277412.0,2671568767031.0,113.17,24.169,312.538,13.726,19.34,4.13,38.0,8.115,45.56,9.73
France,2023,FRA,66438828.0,,137.6,26.622,375.619,15.867,22.59,4.371,48.05,9.297,55.9,10.815
France,2024,FRA,66548532.0,,151.0,26.959,408.538,16.465,24.87,4.44,43.0,7.677,71.12,12.698
France,2025,FRA,66650804.0,,146.89,25.847,,,31.82,5.599,44.06,7.753,59.41,10.454
French Guiana,2000,GUF,160633.0,,0.41,89.13,,,0.0,0.0,,,0.41,89.13
French Guiana,2001,GUF,168544.0,,0.42,70.0,,,0.0,0.0,,,0.42,70.0
French Guiana,2002,GUF,176719.0,,0.42,66.667,,,0.0,0.0,,,0.42,66.667
French Guiana,2003,GUF,185101.0,,0.34,50.746,,,0.0,0.0,,,0.34,50.746
French Guiana,2004,GUF,193656.0,,0.42,60.87,,,0.0,0.0,,,0.42,60.87
French Guiana,2005,GUF,202452.0,,0.43,59.722,,,0.0,0.0,,,0.43,59.722
French Guiana,2006,GUF,210976.0,,0.55,73.333,,,0.0,0.0,,,0.55,73.333
French Guiana,2007,GUF,219123.0,,0.5,67.568,,,0.0,0.0,,,0.5,67.568
French Guiana,2008,GUF,226106.0,,0.51,66.234,,,0.0,0.0,,,0.51,66.234
French Guiana,2009,GUF,230715.0,,0.36,44.444,,,0.0,0.0,,,0.36,44.444
French Guiana,2010,GUF,234578.0,,0.48,56.471,,,0.0,0.0,,,0.47,55.294
French Guiana,2011,GUF,239525.0,,0.52,60.465,,,0.04,4.651,,,0.47,54.651
French Guiana,2012,GUF,245784.0,,0.62,68.889,,,0.05,5.556,,,0.56,62.222
French Guiana,2013,GUF,253250.0,,0.54,60.0,,,0.04,4.444,,,0.49,54.444
French Guiana,2014,GUF,260564.0,,0.56,60.215,,,0.05,5.376,,,0.5,53.763
French Guiana,2015,GUF,266377.0,,0.56,58.947,,,0.05,5.263,,,0.5,52.632
French Guiana,2016,GUF,271278.0,,0.5,53.763,,,0.05,5.376,,,0.44,47.312
French Guiana,2017,GUF,276158.0,,0.63,67.021,,,0.05,5.319,,,0.57,60.638
French Guiana,2018,GUF,280972.0,,0.6,63.83,,,0.05,5.319,,,0.54,57.447
French Guiana,2019,GUF,285574.0,,0.47,48.958,,,0.05,5.208,,,0.41,42.708
French Guiana,2020,GUF,289063.0,,0.52,52.525,,,0.06,6.061,,,0.44,44.444
French Guiana,2021,GUF,293023.0,,0.7,69.307,,,0.06,5.941,,,0.59,58.416
French Guiana,2022,GUF,298319.0,,0.7,71.429,,,0.05,5.102,,,0.6,61.224
French Polynesia,2000,PYF,240346.0,,0.12,29.268,,,0.0,0.0,0.0,0.0,0.12,29.268
French Polynesia,2001,PYF,244107.0,,0.1,23.81,,,0.0,0.0,0.0,0.0,0.1,23.81
French Polynesia,2002,PYF,247785.0,,0.13,28.261,,,0.0,0.0,0.0,0.0,0.13,28.261
French Polynesia,2003,PYF,251650.0,,0.15,31.915,,,0.0,0.0,0.0,0.0,0.15,31.915
French Polynesia,2004,PYF,255663.0,,0.18,33.333,,,0.0,0.0,0.0,0.0,0.18,33.333
French Polynesia,2005,PYF,259517.0,,0.18,35.294,,,0.0,0.0,0.0,0.0,0.18,35.294
French Polynesia,2006,PYF,263234.0,,0.2,37.736,,,0.0,0.0,0.0,0.0,0.2,37.736
French Polynesia,2007,PYF,266448.0,,0.22,40.0,,,0.0,0.0,0.0,0.0,0.22,40.0
French Polynesia,2008,PYF,268390.0,,0.21,36.842,,,0.0,0.0,0.0,0.0,0.21,36.842
French Polynesia,2009,PYF,269494.0,,0.21,36.207,,,0.0,0.0,0.0,0.0,0.21,36.207
French Polynesia,2010,PYF,270590.0,,0.27,34.177,,,0.0,0.0,0.0,0.0,0.27,34.177
French Polynesia,2011,PYF,271734.0,,0.23,31.081,,,0.01,1.351,0.0,0.0,0.22,29.73
French Polynesia,2012,PYF,273092.0,,0.21,29.167,,,0.01,1.389,0.0,0.0,0.2,27.778
French Polynesia,2013,PYF,274736.0,,0.17,25.0,,,0.02,2.941,0.0,0.0,0.15,22.059
French Polynesia,2014,PYF,276391.0,,0.2,29.412,,,0.03,4.412,0.0,0.0,0.17,25.0
French Polynesia,2015,PYF,277877.0,,0.2,29.412,,,0.03,4.412,0.0,0.0,0.17,25.0
French Polynesia,2016,PYF,279180.0,,0.21,30.882,,,0.03,4.412,0.0,0.0,0.18,26.471
French Polynesia,2017,PYF,280096.0,,0.22,31.884,,,0.04,5.797,0.0,0.0,0.18,26.087
French Polynesia,2018,PYF,279823.0,,0.2,29.412,,,0.04,5.882,0.0,0.0,0.16,23.529
French Polynesia,2019,PYF,279040.0,,0.2,28.986,,,0.04,5.797,0.0,0.0,0.16,23.188
French Polynesia,2020,PYF,279218.0,,0.2,30.303,,,0.04,6.061,0.0,0.0,0.16,24.242
French Polynesia,2021,PYF,279808.0,,0.19,28.788,,,0.05,7.576,0.0,0.0,0.14,21.212
French Polynesia,2022,PYF,280388.0,,0.24,33.803,,,0.05,7.042,0.0,0.0,0.19,26.761
Gabon,2000,GAB,1275578.0,12538030035.0,0.81,61.832,,,0.0,0.0,0.0,0.0,0.8,61.069
Gabon,2001,GAB,1309594.0,13408080502.0,0.88,62.857,,,0.0,0.0,0.0,0.0,0.87,62.143
Gabon,2002,GAB,1345142.0,13745891364.0,0.92,62.585,,,0.0,0.0,0.0,0.0,0.91,61.905
Gabon,2003,GAB,1382354.0,14717147740.0,0.9,58.824,,,0.0,0.0,0.0,0.0,0.89,58.17
Gabon,2004,GAB,1421620.0,15597639635.0,0.89,58.17,,,0.0,0.0,0.0,0.0,0.88,57.516
Gabon,2005,GAB,1463503.0,16662264363.0,0.81,51.592,,,0.0,0.0,0.0,0.0,0.8,50.955
Gabon,2006,GAB,1508338.0,17083887620.0,0.95,57.229,,,0.0,0.0,0.0,0.0,0.94,56.627
Gabon,2007,GAB,1556242.0,19294943982.0,0.8,46.243,,,0.0,0.0,0.0,0.0,0.79,45.665
Gabon,2008,GAB,1607182.0,19821156608.0,0.89,49.171,,,0.0,0.0,0.0,0.0,0.88,48.619
Gabon,2009,GAB,1661567.0,21001791917.0,0.95,51.913,,,0.0,0.0,0.0,0.0,0.94,51.366
Gabon,2010,GAB,1719883.0,23885406357.0,0.91,47.15,,,0.0,0.0,0.0,0.0,0.9,46.632
Gabon,2011,GAB,1781987.0,27165828850.0,0.84,41.379,,,0.0,0.0,0.0,0.0,0.83,40.887
Gabon,2012,GAB,1846893.0,28592310064.0,0.91,42.13,,,0.0,0.0,0.0,0.0,0.9,41.667
Gabon,2013,GAB,1913061.0,30169739768.0,0.94,44.976,,,0.0,0.0,0.0,0.0,0.93,44.498
Gabon,2014,GAB,1978400.0,31507773384.0,0.8,40.201,,,0.0,0.0,0.0,0.0,0.79,39.698
Gabon,2015,GAB,2040990.0,32729961516.0,0.92,43.396,,,0.0,0.0,0.0,0.0,0.91,42.925
Gabon,2016,GAB,2100310.0,33414337569.0,0.83,37.9,,,0.0,0.0,0.0,0.0,0.82,37.443
Gabon,2017,GAB,2156902.0,33572391290.0,0.94,41.964,,,0.0,0.0,0.0,0.0,0.93,41.518
Gabon,2018,GAB,2212320.0,33855404131.0,1.31,47.122,,,0.0,0.0,0.0,0.0,1.3,46.763
Gabon,2019,GAB,2267711.0,35180839675.0,1.32,46.479,,,0.0,0.0,0.0,0.0,1.31,46.127
Gabon,2020,GAB,2322538.0,34525072669.0,1.43,48.805,,,0.0,0.0,0.0,0.0,1.42,48.464
Gabon,2021,GAB,2376729.0,35037430976.0,1.38,46.622,,,0.0,0.0,0.0,0.0,1.37,46.284
Gabon,2022,GAB,2430750.0,36035291983.0,1.53,47.962,,,0.0,0.0,0.0,0.0,1.52,47.649
Gabon,2023,GAB,2484790.0,,1.53,47.962,,,0.0,0.0,0.0,0.0,1.52,47.649
Gambia,2000,GMB,1455095.0,1955249650.0,0.0,0.0,,,0.0,0.0,0.0,0.0,0.0,0.0
Gambia,2001,GMB,1495023.0,2082662873.0,0.0,0.0,,,0.0,0.0,0.0,0.0,0.0,0.0
Gambia,2002,GMB,1535700.0,2108436308.0,0.0,0.0,,,0.0,0.0,0.0,0.0,0.0,0.0
Gambia,2003,GMB,1577619.0,2172586623.0,0.0,0.0,,,0.0,0.0,0.0,0.0,0.0,0.0
Gambia,2004,GMB,1621309.0,2391385185.0,0.0,0.0,,,0.0,0.0,0.0,0.0,0.0,0.0
Gambia,2005,GMB,1667035.0,2386414713.0,0.0,0.0,,,0.0,0.0,0.0,0.0,0.0,0.0
Gambia,2006,GMB,1715285.0,2432257588.0,0.0,0.0,,,0.0,0.0,0.0,0.0,0.0,0.0
Gambia,2007,GMB,1765778.0,2539291281.0,0.0,0.0,,,0.0,0.0,0.0,0.0,0.0,0.0
Gambia,2008,GMB,1817859.0,2704420689.0,0.0,0.0,,,0.0,0.0,0.0,0.0,0.0,0.0
Gambia,2009,GMB,1871428.0,2899496318.0,0.0,0.0,,,0.0,0.0,0.0,0.0,0.0,0.0
Gambia,2010,GMB,1926634.0,3111135545.0,0.0,0.0,,,0.0,0.0,0.0,0.0,0.0,0.0
Gambia,2011,GMB,1983785.0,3000862000.0,0.0,0.0,,,0.0,0.0,0.0,0.0,0.0,0.0
Gambia,2012,GMB,2043097.0,3174000000.0,0.0,0.0,,,0.0,0.0,0.0,0.0,0.0,0.0
Gambia,2013,GMB,2103825.0,3327261000.0,0.0,0.0,,,0.0,0.0,0.0,0.0,0.0,0.0
Gambia,2014,GMB,2164535.0,3357018000.0,0.0,0.0,,,0.0,0.0,0.0,0.0,0.0,0.0
Gambia,2015,GMB,2224530.0,3514848000.0,0.0,0.0,,,0.0,0.0,0.0,0.0,0.0,0.0
Gambia,2016,GMB,2283775.0,3558432648.0,0.0,0.0,,,0.0,0.0,0.0,0.0,0.0,0.0
Gambia,2017,GMB,2342191.0,3704517995.0,0.0,0.0,,,0.0,0.0,0.0,0.0,0.0,0.0
Gambia,2018,GMB,2399633.0,3947001965.0,0.0,0.0,,,0.0,0.0,0.0,0.0,0.0,0.0
Gambia,2019,GMB,2456847.0,4192588256.0,0.0,0.0,,,0.0,0.0,0.0,0.0,0.0,0.0
Gambia,2020,GMB,2515744.0,4217390293.0,0.0,0.0,,,0.0,0.0,0.0,0.0,0.0,0.0
Gambia,2021,GMB,2576015.0,4439051582.0,0.0,0.0,,,0.0,0.0,0.0,0.0,0.0,0.0
Gambia,2022,GMB,2636472.0,4656793663.0,0.0,0.0,,,0.0,0.0,0.0,0.0,0.0,0.0
Gambia,2023,GMB,2697846.0,,0.0,0.0,,,0.0,0.0,0.0,0.0,0.0,0.0
Georgia,2000,GEO,4328361.0,23550477143.0,5.8,78.804,,,0.0,0.0,0.0,0.0,5.8,78.804
Georgia,2001,GEO,4209641.0,24543619701.0,5.49,79.797,,,0.0,0.0,0.0,0.0,5.49,79.797
Georgia,2002,GEO,4127854.0,25794086372.0,6.7,93.185,,,0.0,0.0,0.0,0.0,6.7,93.185
Georgia,2003,GEO,4085489.0,28539726793.0,6.46,90.986,,,0.0,0.0,0.0,0.0,6.46,90.986
Georgia,2004,GEO,4056076.0,30055110813.0,5.99,87.318,,,0.0,0.0,0.0,0.0,5.99,87.318
Georgia,2005,GEO,4026135.0,32780625465.0,6.17,85.694,,,0.0,0.0,0.0,0.0,6.17,85.694
Georgia,2006,GEO,3996584.0,35705812889.0,5.26,70.415,,,0.0,0.0,0.0,0.0,5.26,70.415
Georgia,2007,GEO,3967592.0,40006939154.0,6.75,79.412,,,0.0,0.0,0.0,0.0,6.75,79.412
Georgia,2008,GEO,3941192.0,40781279289.0,7.09,84.606,,,0.0,0.0,0.0,0.0,7.09,84.606
Georgia,2009,GEO,3918935.0,39112877651.0,7.34,88.115,,,0.0,0.0,0.0,0.0,7.34,88.115
Georgia,2010,GEO,3895932.0,41359835742.0,9.27,93.166,,,0.0,0.0,0.0,0.0,9.27,93.166
Georgia,2011,GEO,3868724.0,44138043878.0,7.81,77.944,,,0.0,0.0,0.0,0.0,7.81,77.944
Georgia,2012,GEO,3839208.0,46970386649.0,7.15,74.324,,,0.0,0.0,0.0,0.0,7.15,74.324
Georgia,2013,GEO,3809128.0,48668828674.0,8.19,82.064,,,0.0,0.0,0.0,0.0,8.19,82.064
Georgia,2014,GEO,3792921.0,50830708616.0,8.25,80.175,,,0.0,0.0,0.0,0.0,8.25,80.175
Georgia,2015,GEO,3791570.0,52369351007.0,8.37,77.86,,,0.0,0.0,0.0,0.0,8.37,77.86
Georgia,2016,GEO,3792061.0,53891203471.0,9.25,80.505,,,0.0,0.0,0.01,0.087,9.24,80.418
Georgia,2017,GEO,3792860.0,56501161966.0,9.21,80.507,,,0.0,0.0,0.09,0.787,9.12,79.72
Georgia,2018,GEO,3794881.0,59237502380.0,9.93,82.475,,,0.0,0.0,0.08,0.664,9.85,81.811
Georgia,2019,GEO,3796722.0,62188716739.0,9.02,76.054,,,0.0,0.0,0.09,0.759,8.93,75.295
Georgia,2020,GEO,3795680.0,57984758412.0,8.34,74.731,,,0.0,0.0,0.09,0.806,8.25,73.925
Georgia,2021,GEO,3788450.0,64053441556.0,10.26,81.171,,,0.0,0.0,0.08,0.633,10.18,80.538
Georgia,2022,GEO,3794782.0,70528605169.0,10.86,76.211,,,0.0,0.0,0.09,0.632,10.77,75.579
Georgia,2023,GEO,3807494.0,,10.95,76.042,,,0.0,0.0,0.09,0.625,10.86,75.417
Georgia,2024,GEO,3807668.0,,11.43,80.154,,,0.0,0.0,0.09,0.631,11.34,79.523
Germany,2000,DEU,81797255.0,2718560455818.0,35.41,6.224,108.75,2.738,0.0,0.0,9.35,1.643,21.73,3.819
Germany,2001,DEU,81933882.0,2793373055251.0,37.88,6.543,113.217,2.798,0.1,0.017,10.46,1.807,22.73,3.926
Germany,2002,DEU,82068328.0,2822441773260.0,44.49,7.621,134.419,3.365,0.2,0.034,15.86,2.717,23.12,3.961
Germany,2003,DEU,82111619.0,2831676106520.0,46.67,7.752,138.846,3.477,0.31,0.051,19.09,3.171,18.32,3.043
Germany,2004,DEU,82092706.0,2894624877966.0,57.97,9.51,172.275,4.316,0.56,0.092,26.02,4.268,20.75,3.404
Germany,2005,DEU,82046733.0,2945460930734.0,63.43,10.342,196.868,4.992,1.31,0.214,27.77,4.528,19.64,3.202
Germany,2006,DEU,81701971.0,3086359147617.0,72.56,11.514,234.34,5.797,2.27,0.36,31.32,4.97,20.03,3.178
Germany,2007,DEU,81298546.0,3220275669650.0,89.44,14.172,285.449,7.37,3.14,0.498,40.51,6.419,21.17,3.354
Germany,2008,DEU,81110780.0,3289020399474.0,94.37,14.925,294.348,7.523,4.51,0.713,41.38,6.544,20.44,3.233
Germany,2009,DEU,80935276.0,3136502162046.0,96.08,16.341,299.128,8.147,6.72,1.143,39.42,6.705,19.03,3.237
Germany,2010,DEU,80830916.0,3301123203586.0,105.41,16.887,323.744,8.465,11.96,1.916,38.55,6.176,20.95,3.356
Germany,2011,DEU,80857877.0,3467712967640.0,124.43,20.567,374.923,10.168,19.99,3.304,49.86,8.241,17.67,2.921
Germany,2012,DEU,80916391.0,3482225441398.0,143.4,23.136,428.276,11.46,26.74,4.314,51.68,8.338,21.75,3.509
Germany,2013,DEU,81041581.0,3497463140441.0,151.95,24.131,445.798,11.603,30.62,4.863,52.74,8.376,23.0,3.653
Germany,2014,DEU,81376078.0,3574741315261.0,161.93,26.171,472.924,12.84,35.45,5.729,58.5,9.455,19.59,3.166
Germany,2015,DEU,82077546.0,3628073946157.0,188.14,29.435,537.013,14.318,38.08,5.958,80.62,12.613,18.98,2.969
Germany,2016,DEU,82760102.0,3708979940863.0,189.13,29.482,537.348,14.101,37.56,5.855,79.92,12.458,20.55,3.203
Germany,2017,DEU,83104010.0,3808389445530.0,215.68,33.467,602.521,15.388,38.76,6.014,105.69,16.4,20.15,3.127
Germany,2018,DEU,83368507.0,3845758522294.0,222.93,35.258,619.775,16.263,44.32,7.01,109.95,17.389,17.69,2.798
Germany,2019,DEU,83559184.0,3886392581475.0,241.17,40.189,661.812,17.811,45.22,7.536,125.89,20.979,19.73,3.288
Germany,2020,DEU,83628711.0,3742721113842.0,251.49,44.374,692.78,20.017,49.5,8.734,132.11,23.31,18.72,3.303
Germany,2021,DEU,83697080.0,3841041747482.0,232.5,40.167,644.416,18.082,49.34,8.524,114.16,19.723,19.66,3.397
Germany,2022,DEU,84086227.0,3909612753939.0,251.54,44.373,695.28,20.329,60.3,10.637,124.81,22.017,17.62,3.108
Germany,2023,DEU,84548233.0,,274.07,54.412,741.021,23.603,63.87,12.68,137.51,27.301,21.24,4.217
Germany,2024,DEU,84552234.0,,287.83,58.388,756.721,23.968,74.13,15.038,138.57,28.11,23.83,4.834
Germany,2025,DEU,84075075.0,,292.71,58.843,,,89.62,18.016,133.0,26.737,19.56,3.932
Ghana,2000,GHA,19637085.0,41569375833.0,6.55,91.353,,,0.0,0.0,0.0,0.0,6.54,91.213
Ghana,2001,GHA,20167073.0,43462708607.0,6.55,83.867,,,0.0,0.0,0.0,0.0,6.54,83.739
Ghana,2002,GHA,20729392.0,45606385848.0,5.0,68.776,,,0.0,0.0,0.0,0.0,4.99,68.638
Ghana,2003,GHA,21296710.0,48182826322.0,3.86,65.646,,,0.0,0.0,0.0,0.0,3.85,65.476
Ghana,2004,GHA,21868298.0,51015950853.0,5.24,87.333,,,0.0,0.0,0.0,0.0,5.23,87.167
Ghana,2005,GHA,22449446.0,54178109578.0,5.58,82.789,,,0.0,0.0,0.0,0.0,5.57,82.641
Ghana,2006,GHA,23040704.0,57735681030.0,5.57,66.389,,,0.0,0.0,0.0,0.0,5.56,66.269
Ghana,2007,GHA,23642284.0,60409358255.0,3.7,53.161,,,0.0,0.0,0.0,0.0,3.69,53.017
Ghana,2008,GHA,24249945.0,66155974151.0,6.15,73.918,,,0.0,0.0,0.0,0.0,6.13,73.678
Ghana,2009,GHA,24862667.0,69564814012.0,6.83,76.398,,,0.0,0.0,0.0,0.0,6.81,76.174
Ghana,2010,GHA,25475000.0,75296610301.0,6.95,68.676,,,0.0,0.0,0.0,0.0,6.93,68.478
Ghana,2011,GHA,26095091.0,86160263888.0,7.51,66.401,,,0.0,0.0,0.0,0.0,7.49,66.225
Ghana,2012,GHA,26734273.0,93421855305.0,8.01,65.926,,,0.0,0.0,0.0,0.0,7.99,65.761
Ghana,2013,GHA,27386193.0,100187456075.0,8.17,62.895,,,0.0,0.0,0.0,0.0,8.15,62.741
Ghana,2014,GHA,28041592.0,103048820009.0,8.32,63.609,,,0.0,0.0,0.0,0.0,8.3,63.456
Ghana,2015,GHA,28696071.0,105234477793.0,5.81,49.914,,,0.0,0.0,0.0,0.0,5.79,49.742
Ghana,2016,GHA,29356736.0,108784039058.0,5.56,42.217,,,0.03,0.228,0.0,0.0,5.51,41.838
Ghana,2017,GHA,30008364.0,117627099029.0,5.67,42.632,,,0.03,0.226,0.0,0.0,5.62,42.256
Ghana,2018,GHA,30637592.0,124919973796.0,6.07,40.711,,,0.03,0.201,0.0,0.0,6.02,40.376
Ghana,2019,GHA,31258943.0,133049773378.0,7.32,42.312,,,0.05,0.289,0.0,0.0,7.25,41.908
Ghana,2020,GHA,31887802.0,133733644694.0,7.37,37.354,,,0.06,0.304,0.0,0.0,7.29,36.949
Ghana,2021,GHA,32518662.0,140896419821.0,7.68,34.783,,,0.13,0.589,0.0,0.0,7.53,34.103
Ghana,2022,GHA,33149152.0,145431875240.0,8.37,36.047,,,0.16,0.689,0.0,0.0,8.19,35.271
Ghana,2023,GHA,33787916.0,,9.36,38.534,,,0.15,0.618,0.0,0.0,9.19,37.834
Gibraltar,2000,GIB,27734.0,,0.0,0.0,,,0.0,0.0,0.0,0.0,0.0,0.0
Gibraltar,2001,GIB,27685.0,,0.0,0.0,,,0.0,0.0,0.0,0.0,0.0,0.0
Gibraltar,2002,GIB,27850.0,,0.0,0.0,,,0.0,0.0,0.0,0.0,0.0,0.0
Gibraltar,2003,GIB,28301.0,,0.0,0.0,,,0.0,0.0,0.0,0.0,0.0,0.0
Gibraltar,2004,GIB,28741.0,,0.0,0.0,,,0.0,0.0,0.0,0.0,0.0,0.0
Gibraltar,2005,GIB,29191.0,,0.0,0.0,,,0.0,0.0,0.0,0.0,0.0,0.0
Gibraltar,2006,GIB,29620.0,,0.0,0.0,,,0.0,0.0,0.0,0.0,0.0,0.0
Gibraltar,2007,GIB,30032.0,,0.0,0.0,,,0.0,0.0,0.0,0.0,0.0,0.0
Gibraltar,2008,GIB,30431.0,,0.0,0.0,,,0.0,0.0,0.0,0.0,0.0,0.0
Gibraltar,2009,GIB,30847.0,,0.0,0.0,,,0.0,0.0,0.0,0.0,0.0,0.0
Gibraltar,2010,GIB,31271.0,,0.0,0.0,,,0.0,0.0,0.0,0.0,0.0,0.0
Gibraltar,2011,GIB,31685.0,,0.0,0.0,,,0.0,0.0,0.0,0.0,0.0,0.0
Gibraltar,2012,GIB,32054.0,,0.0,0.0,,,0.0,0.0,0.0,0.0,0.0,0.0
Gibraltar,2013,GIB,32429.0,,0.0,0.0,,,0.0,0.0,0.0,0.0,0.0,0.0
Gibraltar,2014,GIB,32836.0,,0.0,0.0,,,0.0,0.0,0.0,0.0,0.0,0.0
Gibraltar,2015,GIB,33214.0,,0.0,0.0,,,0.0,0.0,0.0,0.0,0.0,0.0
Gibraltar,2016,GIB,33682.0,,0.0,0.0,,,0.0,0.0,0.0,0.0,0.0,0.0
Gibraltar,2017,GIB,34267.0,,0.0,0.0,,,0.0,0.0,0.0,0.0,0.0,0.0
Gibraltar,2018,GIB,34883.0,,0.0,0.0,,,0.0,0.0,0.0,0.0,0.0,0.0
Gibraltar,2019,GIB,35518.0,,0.0,0.0,,,0.0,0.0,0.0,0.0,0.0,0.0
Gibraltar,2020,GIB,36198.0,,0.0,0.0,,,0.0,0.0,0.0,0.0,0.0,0.0
Gibraltar,2021,GIB,36881.0,,0.0,0.0,,,0.0,0.0,0.0,0.0,0.0,0.0
Gibraltar,2022,GIB,37631.0,,0.0,0.0,,,0.0,0.0,0.0,0.0,0.0,0.0
Gibraltar,2023,GIB,38493.0,,0.0,0.0,,,0.0,0.0,0.0,0.0,0.0,0.0
Greece,2000,GRC,10782638.0,223530895992.0,4.14,7.82,11.511,3.092,0.0,0.0,0.45,0.85,3.69,6.97
Greece,2001,GRC,10843166.0,234861781413.0,2.94,5.596,8.128,2.164,0.0,0.0,0.76,1.447,2.1,3.997
Greece,2002,GRC,10890287.0,246267119689.0,3.58,6.709,9.849,2.621,0.0,0.0,0.65,1.218,2.8,5.247
Greece,2003,GRC,10918467.0,262880256421.0,5.89,10.283,16.097,4.052,0.0,0.0,1.02,1.781,4.77,8.328
Greece,2004,GRC,10947369.0,278667908011.0,5.91,10.151,16.089,4.05,0.0,0.0,1.12,1.924,4.67,8.021
Greece,2005,GRC,10981340.0,282859759866.0,6.41,10.914,17.275,4.335,0.0,0.0,1.27,2.162,5.02,8.548
Greece,2006,GRC,11016107.0,301538680337.0,7.67,12.91,21.11,5.149,0.0,0.0,1.7,2.861,5.86,9.864
Greece,2007,GRC,11045737.0,314210147911.0,4.59,7.356,13.272,3.171,0.0,0.0,1.82,2.917,2.59,4.151
Greece,2008,GRC,11076874.0,315974328109.0,5.75,9.247,16.048,3.908,0.01,0.016,2.24,3.602,3.31,5.323
Greece,2009,GRC,11108067.0,305101334774.0,8.16,13.523,22.418,5.675,0.05,0.083,2.54,4.209,5.35,8.866
Greece,2010,GRC,11124666.0,290984350750.0,10.53,18.601,28.987,7.696,0.16,0.283,2.71,4.787,7.47,13.196
Greece,2011,GRC,11108838.0,266793942822.0,8.15,13.944,22.41,6.058,0.61,1.044,3.32,5.68,4.01,6.861
Greece,2012,GRC,11048291.0,247887031358.0,10.13,16.909,27.698,7.967,1.69,2.821,3.85,6.426,4.39,7.328
Greece,2013,GRC,10967534.0,241650188710.0,14.36,25.475,38.441,11.795,3.65,6.475,4.14,7.344,6.35,11.265
Greece,2014,GRC,10893169.0,242799798246.0,12.18,24.547,32.873,10.745,3.79,7.638,3.69,7.437,4.48,9.029
Greece,2015,GRC,10820902.0,242323725826.0,14.85,29.089,39.583,12.796,3.9,7.64,4.62,9.05,6.1,11.949
Greece,2016,GRC,10775506.0,241143085639.0,14.89,27.656,39.518,12.975,3.93,7.299,5.15,9.565,5.54,10.29
Greece,2017,GRC,10753532.0,243776808141.0,13.8,25.182,36.637,11.449,3.99,7.281,5.54,10.109,3.96,7.226
Greece,2018,GRC,10730846.0,247844015413.0,16.14,30.679,42.326,13.164,3.79,7.204,6.3,11.975,5.74,10.91
Greece,2019,GRC,10718581.0,252514250712.0,16.1,33.577,42.361,13.476,4.43,9.239,7.27,15.162,4.0,8.342
Greece,2020,GRC,10699370.0,229777821500.0,17.55,36.94,46.031,16.785,4.45,9.366,9.31,19.596,3.34,7.03
Greece,2021,GRC,10579561.0,249158215293.0,22.13,40.8,57.441,19.2,5.25,9.679,10.48,19.322,5.9,10.878
Greece,2022,GRC,10412481.0,263892672733.0,22.45,43.449,58.416,18.783,7.14,13.818,10.88,21.057,3.86,7.47
Greece,2023,GRC,10242910.0,,24.28,49.724,62.696,20.754,8.89,18.206,10.92,22.363,3.82,7.823
Greece,2024,GRC,10047813.0,,28.0,49.14,66.819,21.055,11.26,19.761,12.45,21.85,3.58,6.283
Greece,2025,GRC,9938847.0,,28.86,49.613,,,12.92,22.211,11.81,20.303,3.42,5.879
Greenland,2000,GRL,56228.0,,0.17,58.621,,,0.0,0.0,0.0,0.0,0.17,58.621
Greenland,2001,GRL,56433.0,,0.16,57.143,,,0.0,0.0,0.0,0.0,0.16,57.143
Greenland,2002,GRL,56617.0,,0.18,58.065,,,0.0,0.0,0.0,0.0,0.18,58.065
Greenland,2003,GRL,56781.0,,0.18,58.065,,,0.0,0.0,0.0,0.0,0.18,58.065
Greenland,2004,GRL,56926.0,,0.19,57.576,,,0.0,0.0,0.0,0.0,0.19,57.576
Greenland,2005,GRL,56969.0,,0.2,58.824,,,0.0,0.0,0.0,0.0,0.2,58.824
Greenland,2006,GRL,56901.0,,0.2,57.143,,,0.0,0.0,0.0,0.0,0.2,57.143
Greenland,2007,GRL,56807.0,,0.2,55.556,,,0.0,0.0,0.0,0.0,0.2,55.556
Greenland,2008,GRL,56683.0,,0.2,54.054,,,0.0,0.0,0.0,0.0,0.2,54.054
Greenland,2009,GRL,56547.0,,0.26,63.415,,,0.0,0.0,0.0,0.0,0.26,63.415
Greenland,2010,GRL,56634.0,,0.29,70.732,,,0.0,0.0,0.0,0.0,0.29,70.732
Greenland,2011,GRL,56853.0,,0.34,75.556,,,0.0,0.0,0.0,0.0,0.34,75.556
Greenland,2012,GRL,56797.0,,0.34,75.556,,,0.0,0.0,0.0,0.0,0.34,75.556
Greenland,2013,GRL,56532.0,,0.37,80.435,,,0.0,0.0,0.0,0.0,0.37,80.435
Greenland,2014,GRL,56195.0,,0.39,81.25,,,0.0,0.0,0.0,0.0,0.39,81.25
Greenland,2015,GRL,56048.0,,0.42,82.353,,,0.0,0.0,0.0,0.0,0.42,82.353
Greenland,2016,GRL,56082.0,,0.4,83.333,,,0.0,0.0,0.0,0.0,0.4,83.333
Greenland,2017,GRL,56094.0,,0.38,76.0,,,0.0,0.0,0.0,0.0,0.38,76.0
Greenland,2018,GRL,56100.0,,0.42,80.769,,,0.0,0.0,0.0,0.0,0.42,80.769
Greenland,2019,GRL,56109.0,,0.41,83.673,,,0.0,0.0,0.0,0.0,0.41,83.673
Greenland,2020,GRL,56105.0,,0.43,82.692,,,0.0,0.0,0.0,0.0,0.43,82.692
Greenland,2021,GRL,56065.0,,0.43,84.314,,,0.0,0.0,0.0,0.0,0.43,84.314
Greenland,2022,GRL,56014.0,,0.47,87.037,,,0.0,0.0,0.0,0.0,0.47,87.037
Grenada,2000,GRD,107466.0,,0.0,0.0,,,0.0,0.0,0.0,0.0,0.0,0.0
Grenada,2001,GRD,107998.0,,0.0,0.0,,,0.0,0.0,0.0,0.0,0.0,0.0
Grenada,2002,GRD,108414.0,,0.0,0.0,,,0.0,0.0,0.0,0.0,0.0,0.0
Grenada,2003,GRD,108895.0,,0.0,0.0,,,0.0,0.0,0.0,0.0,0.0,0.0
Grenada,2004,GRD,109338.0,,0.0,0.0,,,0.0,0.0,0.0,0.0,0.0,0.0
Grenada,2005,GRD,109744.0,,0.0,0.0,,,0.0,0.0,0.0,0.0,0.0,0.0
Grenada,2006,GRD,110149.0,,0.0,0.0,,,0.0,0.0,0.0,0.0,0.0,0.0
Grenada,2007,GRD,110532.0,,0.0,0.0,,,0.0,0.0,0.0,0.0,0.0,0.0
Grenada,2008,GRD,110911.0,,0.0,0.0,,,0.0,0.0,0.0,0.0,0.0,0.0
Grenada,2009,GRD,111266.0,,0.0,0.0,,,0.0,0.0,0.0,0.0,0.0,0.0
Grenada,2010,GRD,111600.0,,0.0,0.0,,,0.0,0.0,0.0,0.0,0.0,0.0
Grenada,2011,GRD,112093.0,,0.0,0.0,,,0.0,0.0,0.0,0.0,0.0,0.0
Grenada,2012,GRD,112792.0,,0.0,0.0,,,0.0,0.0,0.0,0.0,0.0,0.0
Grenada,2013,GRD,113499.0,,0.0,0.0,,,0.0,0.0,0.0,0.0,0.0,0.0
Grenada,2014,GRD,114148.0,,0.0,0.0,,,0.0,0.0,0.0,0.0,0.0,0.0
Grenada,2015,GRD,114691.0,,0.0,0.0,,,0.0,0.0,0.0,0.0,0.0,0.0
Grenada,2016,GRD,115147.0,,0.0,0.0,,,0.0,0.0,0.0,0.0,0.0,0.0
Grenada,2017,GRD,115448.0,,0.0,0.0,,,0.0,0.0,0.0,0.0,0.0,0.0
Grenada,2018,GRD,115703.0,,0.0,0.0,,,0.0,0.0,0.0,0.0,0.0,0.0
Grenada,2019,GRD,115995.0,,0.0,0.0,,,0.0,0.0,0.0,0.0,0.0,0.0
Grenada,2020,GRD,116353.0,,0.0,0.0,,,0.0,0.0,0.0,0.0,0.0,0.0
Grenada,2021,GRD,116696.0,,0.0,0.0,,,0.0,0.0,0.0,0.0,0.0,0.0
Grenada,2022,GRD,116928.0,,0.0,0.0,,,0.0,0.0,0.0,0.0,0.0,0.0
Guadeloupe,2000,GLP,419565.0,,0.12,9.836,,,,,0.01,0.82,0.01,0.82
Guadeloupe,2001,GLP,417844.0,,0.11,8.527,,,,,0.02,1.55,0.01,0.775
Guadeloupe,2002,GLP,415762.0,,0.14,10.526,,,,,0.03,2.256,0.02,1.504
Guadeloupe,2003,GLP,413418.0,,0.13,9.42,,,,,0.03,2.174,0.02,1.449
Guadeloupe,2004,GLP,410859.0,,0.17,11.888,,,,,0.03,2.098,0.03,2.098
Guadeloupe,2005,GLP,408085.0,,0.21,14.0,,,0.0,0.0,0.02,1.333,0.02,1.333
Guadeloupe,2006,GLP,407230.0,,0.2,13.072,,,0.0,0.0,0.03,1.961,0.02,1.307
Guadeloupe,2007,GLP,408303.0,,0.22,13.75,,,0.0,0.0,0.04,2.5,0.02,1.25
Guadeloupe,2008,GLP,408987.0,,0.22,13.665,,,0.0,0.0,0.05,3.106,0.02,1.242
Guadeloupe,2009,GLP,408998.0,,0.19,11.656,,,0.01,0.613,0.05,3.067,0.02,1.227
Guadeloupe,2010,GLP,408815.0,,0.15,8.671,,,0.02,1.156,0.04,2.312,0.02,1.156
Guadeloupe,2011,GLP,409063.0,,0.2,11.905,,,0.03,1.786,0.05,2.976,0.01,0.595
Guadeloupe,2012,GLP,409153.0,,0.26,15.116,,,0.09,5.233,0.05,2.907,0.01,0.581
Guadeloupe,2013,GLP,408367.0,,0.31,17.816,,,0.1,5.747,0.06,3.448,0.02,1.149
Guadeloupe,2014,GLP,406652.0,,0.32,18.391,,,0.1,5.747,0.05,2.874,0.03,1.724
Guadeloupe,2015,GLP,403950.0,,0.31,17.614,,,0.1,5.682,0.05,2.841,0.02,1.136
Guadeloupe,2016,GLP,404642.0,,0.3,16.949,,,0.09,5.085,0.05,2.825,0.03,1.695
Guadeloupe,2017,GLP,412701.0,,0.36,20.455,,,0.09,5.114,0.05,2.841,0.04,2.273
Guadeloupe,2018,GLP,415184.0,,0.37,21.637,,,0.1,5.848,0.05,2.924,0.04,2.339
Guadeloupe,2019,GLP,410266.0,,0.37,21.512,,,0.1,5.814,0.06,3.488,0.04,2.326
Guadeloupe,2020,GLP,407401.0,,0.41,24.118,,,0.11,6.471,0.07,4.118,0.03,1.765
Guadeloupe,2021,GLP,399157.0,,0.56,33.735,,,0.11,6.627,0.11,6.627,0.01,0.602
Guadeloupe,2022,GLP,384702.0,,0.57,34.756,,,0.11,6.707,0.11,6.707,0.01,0.61
Guam,2000,GUM,160078.0,,0.0,0.0,,,0.0,0.0,0.0,0.0,0.0,0.0
Guam,2001,GUM,161339.0,,0.0,0.0,,,0.0,0.0,0.0,0.0,0.0,0.0
Guam,2002,GUM,162326.0,,0.0,0.0,,,0.0,0.0,0.0,0.0,0.0,0.0
Guam,2003,GUM,163146.0,,0.0,0.0,,,0.0,0.0,0.0,0.0,0.0,0.0
Guam,2004,GUM,163815.0,,0.0,0.0,,,0.0,0.0,0.0,0.0,0.0,0.0
Guam,2005,GUM,164373.0,,0.0,0.0,,,0.0,0.0,0.0,0.0,0.0,0.0
Guam,2006,GUM,164848.0,,0.0,0.0,,,0.0,0.0,0.0,0.0,0.0,0.0
Guam,2007,GUM,165278.0,,0.0,0.0,,,0.0,0.0,0.0,0.0,0.0,0.0
Guam,2008,GUM,165704.0,,0.0,0.0,,,0.0,0.0,0.0,0.0,0.0,0.0
Guam,2009,GUM,166189.0,,0.0,0.0,,,0.0,0.0,0.0,0.0,0.0,0.0
Guam,2010,GUM,166533.0,,0.0,0.0,,,0.0,0.0,0.0,0.0,0.0,0.0
Guam,2011,GUM,166554.0,,0.0,0.0,,,0.0,0.0,0.0,0.0,0.0,0.0
Guam,2012,GUM,166348.0,,0.0,0.0,,,0.0,0.0,0.0,0.0,0.0,0.0
Guam,2013,GUM,165979.0,,0.0,0.0,,,0.0,0.0,0.0,0.0,0.0,0.0
Guam,2014,GUM,165492.0,,0.0,0.0,,,0.0,0.0,0.0,0.0,0.0,0.0
Guam,2015,GUM,164914.0,,0.03,1.754,,,0.03,1.754,0.0,0.0,0.0,0.0
Guam,2016,GUM,164240.0,,0.07,4.023,,,0.07,4.023,0.0,0.0,0.0,0.0
Guam,2017,GUM,163501.0,,0.06,3.39,,,0.06,3.39,0.0,0.0,0.0,0.0
Guam,2018,GUM,162689.0,,0.07,4.046,,,0.07,4.046,0.0,0.0,0.0,0.0
Guam,2019,GUM,161819.0,,0.08,4.571,,,0.08,4.571,0.0,0.0,0.0,0.0
Guam,2020,GUM,162167.0,,0.08,4.678,,,0.08,4.678,0.0,0.0,0.0,0.0
Guam,2021,GUM,163741.0,,0.08,4.598,,,0.08,4.598,0.0,0.0,0.0,0.0
Guam,2022,GUM,165193.0,,0.14,7.778,,,0.14,7.778,0.0,0.0,0.0,0.0
Guatemala,2000,GTM,11697592.0,68731616093.0,3.24,50.155,,,0.0,0.0,0.0,0.0,2.5,38.7
Guatemala,2001,GTM,11969423.0,70402333033.0,2.94,43.685,,,0.0,0.0,0.0,0.0,2.18,32.392
Guatemala,2002,GTM,12246923.0,73303957428.0,2.64,39.64,,,0.0,0.0,0.0,0.0,1.93,28.979
Guatemala,2003,GTM,12525843.0,75388396403.0,3.37,48.77,,,0.0,0.0,0.0,0.0,2.65,38.35
Guatemala,2004,GTM,12807409.0,78142886190.0,3.27,50.935,,,0.0,0.0,0.0,0.0,2.54,39.564
Guatemala,2005,GTM,13087637.0,80920955084.0,3.9,56.115,,,0.0,0.0,0.0,0.0,2.91,41.871
Guatemala,2006,GTM,13367455.0,85238080655.0,4.21,53.494,,,0.0,0.0,0.0,0.0,3.27,41.55
Guatemala,2007,GTM,13652042.0,90511916055.0,4.44,50.917,,,0.0,0.0,0.0,0.0,3.0,34.404
Guatemala,2008,GTM,13935172.0,93386251977.0,4.77,54.954,,,0.0,0.0,0.0,0.0,3.64,41.935
Guatemala,2009,GTM,14215614.0,93773785204.0,4.08,45.791,,,0.0,0.0,0.0,0.0,2.91,32.66
Guatemala,2010,GTM,14500118.0,96390296358.0,5.63,63.688,,,0.0,0.0,0.0,0.0,3.81,43.1
Guatemala,2011,GTM,14792123.0,100335200000.0,5.49,62.671,,,0.0,0.0,0.0,0.0,4.13,47.146
Guatemala,2012,GTM,15089639.0,103492749162.0,6.24,66.667,,,0.0,0.0,0.0,0.0,4.46,47.65
Guatemala,2013,GTM,15387339.0,107099471666.0,6.84,67.589,,,0.0,0.0,0.0,0.0,4.65,45.949
Guatemala,2014,GTM,15681725.0,111858970345.0,7.28,68.421,,,0.01,0.094,0.0,0.0,4.84,45.489
Guatemala,2015,GTM,15971745.0,116436247567.0,6.83,61.146,,,0.16,1.432,0.11,0.985,3.87,34.646
Guatemala,2016,GTM,16268761.0,119554400888.0,7.33,61.804,,,0.19,1.602,0.22,1.855,3.99,33.642
Guatemala,2017,GTM,16567363.0,123236680953.0,8.47,68.639,,,0.2,1.621,0.22,1.783,5.81,47.083
Guatemala,2018,GTM,16845688.0,127435350812.0,8.76,66.113,,,0.2,1.509,0.32,2.415,5.31,40.075
Guatemala,2019,GTM,17103803.0,132535316516.0,8.11,63.858,,,0.23,1.811,0.33,2.598,4.47,35.197
Guatemala,2020,GTM,17357331.0,130197392340.0,9.41,75.765,,,0.22,1.771,0.31,2.496,5.78,46.538
Guatemala,2021,GTM,17598652.0,140588440273.0,11.37,73.497,,,0.23,1.487,0.32,2.069,6.66,43.051
Guatemala,2022,GTM,17847877.0,146224632616.0,11.41,84.644,,,0.23,1.706,0.31,2.3,7.04,52.226
Guatemala,2023,GTM,18124841.0,,10.03,74.517,,,0.24,1.783,0.34,2.526,5.65,41.976
Guinea,2000,GIN,8428837.0,8142368042.0,0.41,50.617,,,0.0,0.0,0.0,0.0,0.41,50.617
Guinea,2001,GIN,8539963.0,8530150477.0,0.55,57.292,,,0.0,0.0,0.0,0.0,0.55,57.292
Guinea,2002,GIN,8674072.0,9080053247.0,0.59,58.416,,,0.0,0.0,0.0,0.0,0.59,58.416
Guinea,2003,GIN,8870790.0,9309105966.0,0.4,46.512,,,0.0,0.0,0.0,0.0,0.4,46.512
Guinea,2004,GIN,9062724.0,9645747516.0,0.55,61.111,,,0.0,0.0,0.0,0.0,0.55,61.111
Guinea,2005,GIN,9245844.0,10059820577.0,0.49,62.025,,,0.0,0.0,0.0,0.0,0.49,62.025
Guinea,2006,GIN,9441174.0,10279820925.0,0.46,63.014,,,0.0,0.0,0.0,0.0,0.46,63.014
Guinea,2007,GIN,9662278.0,11105668501.0,0.53,67.949,,,0.0,0.0,0.0,0.0,0.53,67.949
Guinea,2008,GIN,9898870.0,11730748654.0,0.52,64.198,,,0.0,0.0,0.0,0.0,0.52,64.198
Guinea,2009,GIN,10143540.0,11707653951.0,0.52,65.0,,,0.0,0.0,0.0,0.0,0.52,65.0
Guinea,2010,GIN,10396090.0,12362234837.0,0.48,76.19,,,0.0,0.0,0.0,0.0,0.48,76.19
Guinea,2011,GIN,10656812.0,13233698841.0,0.41,74.545,,,0.0,0.0,0.0,0.0,0.41,74.545
Guinea,2012,GIN,10921580.0,14087313893.0,0.49,67.123,,,0.0,0.0,0.0,0.0,0.49,67.123
Guinea,2013,GIN,11191874.0,14709018009.0,0.48,73.846,,,0.0,0.0,0.0,0.0,0.48,73.846
Guinea,2014,GIN,11472921.0,14874105154.0,0.42,59.155,,,0.0,0.0,0.0,0.0,0.42,59.155
Guinea,2015,GIN,11767077.0,14900874140.0,0.9,78.947,,,0.02,1.754,0.0,0.0,0.88,77.193
Guinea,2016,GIN,12073031.0,16533568057.0,1.1,68.323,,,0.02,1.242,0.0,0.0,1.08,67.081
Guinea,2017,GIN,12385668.0,18265129177.0,1.23,69.492,,,0.02,1.13,0.0,0.0,1.21,68.362
Guinea,2018,GIN,12704776.0,19467826772.0,1.21,62.371,,,0.02,1.031,0.0,0.0,1.19,61.34
Guinea,2019,GIN,13034349.0,20561330331.0,1.31,63.902,,,0.02,0.976,0.0,0.0,1.29,62.927
Guinea,2020,GIN,13371185.0,21528646361.0,1.51,60.887,,,0.02,0.806,0.0,0.0,1.49,60.081
Guinea,2021,GIN,13710515.0,22615336825.0,2.66,73.077,,,0.02,0.549,0.0,0.0,2.64,72.527
Guinea,2022,GIN,14055136.0,23678257190.0,2.98,74.5,,,0.03,0.75,0.0,0.0,2.95,73.75
Guinea,2023,GIN,14405469.0,,3.03,74.815,,,0.03,0.741,0.0,0.0,3.0,74.074
Guinea-Bissau,2000,GNB,1234747.0,1486201658.0,0.0,0.0,,,0.0,0.0,0.0,0.0,0.0,0.0
Guinea-Bissau,2001,GNB,1261281.0,1520990575.0,0.0,0.0,,,0.0,0.0,0.0,0.0,0.0,0.0
Guinea-Bissau,2002,GNB,1289317.0,1507700424.0,0.0,0.0,,,0.0,0.0,0.0,0.0,0.0,0.0
Guinea-Bissau,2003,GNB,1318809.0,1522869105.0,0.0,0.0,,,0.0,0.0,0.0,0.0,0.0,0.0
Guinea-Bissau,2004,GNB,1349569.0,1573921435.0,0.0,0.0,,,0.0,0.0,0.0,0.0,0.0,0.0
Guinea-Bissau,2005,GNB,1381590.0,1653070519.0,0.0,0.0,,,0.0,0.0,0.0,0.0,0.0,0.0
Guinea-Bissau,2006,GNB,1415315.0,1701901067.0,0.0,0.0,,,0.0,0.0,0.0,0.0,0.0,0.0
Guinea-Bissau,2007,GNB,1450989.0,1768965179.0,0.0,0.0,,,0.0,0.0,0.0,0.0,0.0,0.0
Guinea-Bissau,2008,GNB,1488059.0,1837842538.0,0.0,0.0,,,0.0,0.0,0.0,0.0,0.0,0.0
Guinea-Bissau,2009,GNB,1526384.0,1913611627.0,0.0,0.0,,,0.0,0.0,0.0,0.0,0.0,0.0
Guinea-Bissau,2010,GNB,1566352.0,2015432308.0,0.0,0.0,,,0.0,0.0,0.0,0.0,0.0,0.0
Guinea-Bissau,2011,GNB,1608084.0,2192198781.0,0.0,0.0,,,0.0,0.0,0.0,0.0,0.0,0.0
Guinea-Bissau,2012,GNB,1651425.0,2160239109.0,0.0,0.0,,,0.0,0.0,0.0,0.0,0.0,0.0
Guinea-Bissau,2013,GNB,1695980.0,2238347369.0,0.0,0.0,,,0.0,0.0,0.0,0.0,0.0,0.0
Guinea-Bissau,2014,GNB,1741126.0,2253617077.0,0.0,0.0,,,0.0,0.0,0.0,0.0,0.0,0.0
Guinea-Bissau,2015,GNB,1786461.0,2372699688.0,0.0,0.0,,,0.0,0.0,0.0,0.0,0.0,0.0
Guinea-Bissau,2016,GNB,1831898.0,2519068025.0,0.0,0.0,,,0.0,0.0,0.0,0.0,0.0,0.0
Guinea-Bissau,2017,GNB,1877074.0,2668676184.0,0.0,0.0,,,0.0,0.0,0.0,0.0,0.0,0.0
Guinea-Bissau,2018,GNB,1922167.0,2771625236.0,0.0,0.0,,,0.0,0.0,0.0,0.0,0.0,0.0
Guinea-Bissau,2019,GNB,1967704.0,2896348420.0,0.0,0.0,,,0.0,0.0,0.0,0.0,0.0,0.0
Guinea-Bissau,2020,GNB,2013259.0,2939793794.0,0.0,0.0,,,0.0,0.0,0.0,0.0,0.0,0.0
Guinea-Bissau,2021,GNB,2058841.0,3127940606.0,0.0,0.0,,,0.0,0.0,0.0,0.0,0.0,0.0
Guinea-Bissau,2022,GNB,2105535.0,3259313986.0,0.0,0.0,,,0.0,0.0,0.0,0.0,0.0,0.0
Guyana,2000,GUY,764836.0,,0.01,1.111,,,0.0,0.0,0.0,0.0,0.0,0.0
Guyana,2001,GUY,764484.0,,0.01,1.087,,,0.0,0.0,0.0,0.0,0.0,0.0
Guyana,2002,GUY,763657.0,,0.01,1.087,,,0.0,0.0,0.0,0.0,0.0,0.0
Guyana,2003,GUY,763107.0,,0.01,1.22,,,0.0,0.0,0.0,0.0,0.0,0.0
Guyana,2004,GUY,762424.0,,0.01,1.163,,,0.0,0.0,0.0,0.0,0.0,0.0
Guyana,2005,GUY,760922.0,,0.01,1.538,,,0.0,0.0,0.0,0.0,0.0,0.0
Guyana,2006,GUY,758976.0,,0.01,1.515,,,0.0,0.0,0.0,0.0,0.0,0.0
Guyana,2007,GUY,756874.0,,0.01,1.429,,,0.0,0.0,0.0,0.0,0.0,0.0
Guyana,2008,GUY,754614.0,,0.01,1.408,,,0.0,0.0,0.0,0.0,0.0,0.0
Guyana,2009,GUY,752097.0,,0.01,1.205,,,0.0,0.0,0.0,0.0,0.0,0.0
Guyana,2010,GUY,749259.0,,0.01,1.149,,,0.0,0.0,0.0,0.0,0.0,0.0
Guyana,2011,GUY,746161.0,,0.01,1.099,,,0.0,0.0,0.0,0.0,0.0,0.0
Guyana,2012,GUY,746296.0,,0.02,2.128,,,0.0,0.0,0.0,0.0,0.0,0.0
Guyana,2013,GUY,750020.0,,0.02,2.083,,,0.0,0.0,0.0,0.0,0.0,0.0
Guyana,2014,GUY,754231.0,,0.02,2.041,,,0.0,0.0,0.0,0.0,0.0,0.0
Guyana,2015,GUY,758783.0,,0.03,3.0,,,0.0,0.0,0.0,0.0,0.0,0.0
Guyana,2016,GUY,763553.0,,0.02,1.852,,,0.0,0.0,0.0,0.0,0.0,0.0
Guyana,2017,GUY,768483.0,,0.02,1.818,,,0.01,0.909,0.0,0.0,0.0,0.0
Guyana,2018,GUY,791563.0,,0.02,1.77,,,0.01,0.885,0.0,0.0,0.0,0.0
Guyana,2019,GUY,807668.0,,0.03,2.632,,,0.02,1.754,0.0,0.0,0.0,0.0
Guyana,2020,GUY,807486.0,,0.02,1.77,,,0.01,0.885,0.0,0.0,0.0,0.0
Guyana,2021,GUY,815484.0,,0.02,1.786,,,0.01,0.893,0.0,0.0,0.0,0.0
Guyana,2022,GUY,821638.0,,0.02,1.575,,,0.01,0.787,0.0,0.0,0.0,0.0
Guyana,2023,GUY,826357.0,,0.09,6.716,,,0.02,1.493,0.0,0.0,0.0,0.0
Haiti,2000,HTI,8303151.0,12590117444.0,0.28,51.852,,,0.0,0.0,0.0,0.0,0.28,51.852
Haiti,2001,HTI,8455917.0,12654293375.0,0.28,47.458,,,0.0,0.0,0.0,0.0,0.28,47.458
Haiti,2002,HTI,8607648.0,12820096281.0,0.26,47.273,,,0.0,0.0,0.0,0.0,0.26,47.273
Haiti,2003,HTI,8759913.0,13072600973.0,0.25,47.17,,,0.0,0.0,0.0,0.0,0.25,47.17
Haiti,2004,HTI,8910267.0,12808948010.0,0.26,47.273,,,0.0,0.0,0.0,0.0,0.26,47.273
Haiti,2005,HTI,9061274.0,13245370242.0,0.26,47.273,,,0.0,0.0,0.0,0.0,0.26,47.273
Haiti,2006,HTI,9216569.0,13759840125.0,0.27,47.368,,,0.0,0.0,0.0,0.0,0.27,47.368
Haiti,2007,HTI,9373300.0,14437110458.0,0.15,32.609,,,0.0,0.0,0.0,0.0,0.15,32.609
Haiti,2008,HTI,9530782.0,14789629003.0,0.18,36.735,,,0.0,0.0,0.0,0.0,0.18,36.735
Haiti,2009,HTI,9689585.0,15482895499.0,0.2,28.169,,,0.0,0.0,0.0,0.0,0.2,28.169
Haiti,2010,HTI,9803299.0,14869726114.0,0.17,25.0,,,0.0,0.0,0.0,0.0,0.17,25.0
Haiti,2011,HTI,9914904.0,15936160000.0,0.12,12.121,,,0.0,0.0,0.0,0.0,0.12,12.121
Haiti,2012,HTI,10069770.0,16393482000.0,0.22,20.0,,,0.0,0.0,0.0,0.0,0.22,20.0
Haiti,2013,HTI,10222365.0,17085684000.0,0.14,13.333,,,0.0,0.0,0.0,0.0,0.14,13.333
Haiti,2014,HTI,10373241.0,17572203000.0,0.09,8.738,,,0.0,0.0,0.0,0.0,0.09,8.738
Haiti,2015,HTI,10523249.0,17862468000.0,0.08,7.767,,,0.0,0.0,0.0,0.0,0.08,7.767
Haiti,2016,HTI,10671462.0,18337150574.0,0.07,6.481,,,0.0,0.0,0.0,0.0,0.07,6.481
Haiti,2017,HTI,10817759.0,18822570039.0,0.13,12.264,,,0.0,0.0,0.0,0.0,0.13,12.264
Haiti,2018,HTI,10962373.0,19129086184.0,0.19,18.269,,,0.0,0.0,0.0,0.0,0.19,18.269
Haiti,2019,HTI,11105165.0,18799472313.0,0.17,16.038,,,0.0,0.0,0.0,0.0,0.17,16.038
Haiti,2020,HTI,11243846.0,18185520397.0,0.14,13.725,,,0.0,0.0,0.0,0.0,0.14,13.725
Haiti,2021,HTI,11374592.0,17851170361.0,0.13,12.621,,,0.0,0.0,0.0,0.0,0.13,12.621
Haiti,2022,HTI,11503603.0,17550916862.0,0.19,18.812,,,0.0,0.0,0.0,0.0,0.19,18.812
Honduras,2000,HND,6577781.0,21239307387.0,2.25,61.813,,,0.0,0.0,0.0,0.0,2.24,61.538
Honduras,2001,HND,6757992.0,21992955509.0,1.94,49.616,,,0.0,0.0,0.0,0.0,1.88,48.082
Honduras,2002,HND,6938866.0,22983633152.0,1.69,40.723,,,0.0,0.0,0.0,0.0,1.6,38.554
Honduras,2003,HND,7119213.0,24205428089.0,1.92,41.026,,,0.0,0.0,0.0,0.0,1.72,36.752
Honduras,2004,HND,7299003.0,25910108120.0,1.76,34.109,,,0.0,0.0,0.0,0.0,1.39,26.938
Honduras,2005,HND,7478362.0,27704981594.0,1.83,33.092,,,0.0,0.0,0.0,0.0,1.7,30.741
Honduras,2006,HND,7656832.0,29769398424.0,2.19,36.745,,,0.0,0.0,0.0,0.0,2.05,34.396
Honduras,2007,HND,7834806.0,31871721735.0,2.36,37.52,,,0.0,0.0,0.0,0.0,2.19,34.817
Honduras,2008,HND,8012590.0,33484306097.0,2.47,38.117,,,0.0,0.0,0.0,0.0,2.27,35.031
Honduras,2009,HND,8189904.0,32923391943.0,3.25,47.376,,,0.0,0.0,0.0,0.0,2.77,40.379
Honduras,2010,HND,8365881.0,34409603132.0,3.5,48.611,,,0.0,0.0,0.0,0.0,3.05,42.361
Honduras,2011,HND,8540587.0,35990758725.0,3.44,46.051,,,0.0,0.0,0.12,1.606,2.79,37.349
Honduras,2012,HND,8715081.0,37443688294.0,3.64,46.429,,,0.0,0.0,0.34,4.337,2.76,35.204
Honduras,2013,HND,8889276.0,38446700070.0,3.62,44.093,,,0.0,0.0,0.31,3.776,2.71,33.009
Honduras,2014,HND,9063127.0,39484545761.0,3.37,40.602,,,0.01,0.12,0.4,4.819,2.58,31.084
Honduras,2015,HND,9237306.0,40757802007.0,4.33,46.211,,,0.44,4.696,0.67,7.15,2.32,24.76
Honduras,2016,HND,9412380.0,42125312119.0,4.81,49.896,,,0.89,9.232,0.58,6.017,2.25,23.34
Honduras,2017,HND,9588144.0,43936103834.0,5.77,59.058,,,0.93,9.519,0.58,5.937,2.97,30.399
Honduras,2018,HND,9765209.0,45477892182.0,6.46,64.151,,,1.0,9.93,0.93,9.235,3.15,31.281
Honduras,2019,HND,9943637.0,46684518271.0,6.13,54.978,,,1.12,10.045,0.82,7.354,2.43,21.794
Honduras,2020,HND,10119638.0,42499283305.0,6.08,56.929,,,1.11,10.393,0.71,6.648,2.7,25.281
Honduras,2021,HND,10289881.0,47826185166.0,7.23,62.76,,,1.14,9.896,0.77,6.684,3.77,32.726
Honduras,2022,HND,10463880.0,49738252980.0,7.2,61.172,,,1.04,8.836,0.69,5.862,3.88,32.965
Honduras,2023,HND,10644853.0,,7.21,61.571,,,1.04,8.881,0.69,5.892,3.88,33.134
Hong Kong,2000,HKG,6704665.0,218622146616.0,0.0,0.0,0.0,0.0,0.0,0.0,0.0,0.0,0.0,0.0
Hong Kong,2001,HKG,6774243.0,219159408785.0,0.0,0.0,0.0,0.0,0.0,0.0,0.0,0.0,0.0,0.0
Hong Kong,2002,HKG,6821412.0,222182532288.0,0.0,0.0,0.0,0.0,0.0,0.0,0.0,0.0,0.0,0.0
Hong Kong,2003,HKG,6858906.0,225487397415.0,0.0,0.0,0.0,0.0,0.0,0.0,0.0,0.0,0.0,0.0
Hong Kong,2004,HKG,6888164.0,243895605092.0,0.0,0.0,0.0,0.0,0.0,0.0,0.0,0.0,0.0,0.0
Hong Kong,2005,HKG,6908483.0,259469641313.0,0.0,0.0,0.0,0.0,0.0,0.0,0.0,0.0,0.0,0.0
Hong Kong,2006,HKG,6931089.0,274690745926.0,0.0,0.0,0.002,0.001,0.0,0.0,0.0,0.0,0.0,0.0
Hong Kong,2007,HKG,6971344.0,291247413551.0,0.0,0.0,0.002,0.001,0.0,0.0,0.0,0.0,0.0,0.0
Hong Kong,2008,HKG,7020689.0,295823304243.0,0.0,0.0,0.002,0.001,0.0,0.0,0.0,0.0,0.0,0.0
Hong Kong,2009,HKG,7064464.0,285619082956.0,0.0,0.0,0.003,0.001,0.0,0.0,0.0,0.0,0.0,0.0
Hong Kong,2010,HKG,7101614.0,302377330309.0,0.04,0.105,0.17,0.053,0.0,0.0,0.0,0.0,0.0,0.0
Hong Kong,2011,HKG,7142969.0,314044556431.0,0.04,0.103,0.45,0.137,0.0,0.0,0.0,0.0,0.0,0.0
Hong Kong,2012,HKG,7201059.0,319384208506.0,0.04,0.104,0.192,0.061,0.0,0.0,0.0,0.0,0.0,0.0
Hong Kong,2013,HKG,7264330.0,329290162080.0,0.04,0.103,0.521,0.16,0.0,0.0,0.0,0.0,0.0,0.0
Hong Kong,2014,HKG,7319502.0,338386398632.0,0.04,0.101,0.478,0.151,0.0,0.0,0.0,0.0,0.0,0.0
Hong Kong,2015,HKG,7366411.0,346466191769.0,0.07,0.185,0.668,0.205,0.0,0.0,0.0,0.0,0.0,0.0
Hong Kong,2016,HKG,7408006.0,354003396927.0,0.14,0.367,0.689,0.206,0.0,0.0,0.0,0.0,0.0,0.0
Hong Kong,2017,HKG,7444889.0,367441685993.0,0.15,0.406,0.751,0.209,0.01,0.027,0.0,0.0,0.0,0.0
Hong Kong,2018,HKG,7471190.0,377902310676.0,0.15,0.41,0.873,0.24,0.01,0.027,0.0,0.0,0.0,0.0
Hong Kong,2019,HKG,7485817.0,371582312306.0,0.16,0.433,0.871,0.253,0.02,0.054,0.0,0.0,0.0,0.0
Hong Kong,2020,HKG,7490240.0,347263059452.0,0.19,0.553,1.192,0.462,0.05,0.146,0.0,0.0,0.0,0.0
Hong Kong,2021,HKG,7484604.0,369654417943.0,0.26,0.718,1.594,0.654,0.12,0.331,0.0,0.0,0.0,0.0
Hong Kong,2022,HKG,7465913.0,356690492875.0,0.33,0.914,2.014,0.927,0.18,0.499,0.0,0.0,0.0,0.0
Hong Kong,2023,HKG,7442738.0,,0.36,0.956,2.632,1.048,0.2,0.531,0.0,0.0,0.0,0.0
Hungary,2000,HUN,10190598.0,134151505450.0,0.24,0.682,0.698,0.249,0.0,0.0,,,0.18,0.512
Hungary,2001,HUN,10166693.0,142043461403.0,0.26,0.714,0.735,0.256,0.0,0.0,0.0,0.0,0.19,0.522
Hungary,2002,HUN,10138461.0,151456660939.0,0.23,0.636,0.665,0.238,0.0,0.0,0.0,0.0,0.19,0.526
Hungary,2003,HUN,10108970.0,160456137012.0,0.33,0.967,0.98,0.345,0.0,0.0,0.0,0.0,0.17,0.498
Hungary,2004,HUN,10085788.0,171925388770.0,0.94,2.788,2.837,0.985,0.0,0.0,0.01,0.03,0.2,0.593
Hungary,2005,HUN,10065703.0,183107031890.0,1.87,5.231,5.781,1.882,0.0,0.0,0.01,0.028,0.2,0.559
Hungary,2006,HUN,10049946.0,194033322767.0,1.49,4.156,4.689,1.557,0.0,0.0,0.04,0.112,0.19,0.53
Hungary,2007,HUN,10034084.0,198872162765.0,1.88,4.705,6.069,2.042,0.0,0.0,0.11,0.275,0.21,0.526
Hungary,2008,HUN,10016653.0,204720371926.0,2.35,5.872,9.062,3.095,0.0,0.0,0.2,0.5,0.21,0.525
Hungary,2009,HUN,10001381.0,195180908684.0,2.89,8.048,10.718,3.947,0.0,0.0,0.33,0.919,0.23,0.64
Hungary,2010,HUN,9979128.0,200496589291.0,3.02,8.084,11.062,3.999,0.0,0.0,0.53,1.419,0.19,0.509
Hungary,2011,HUN,9946675.0,208407605976.0,2.71,7.524,9.852,3.672,0.0,0.0,0.63,1.749,0.22,0.611
Hungary,2012,HUN,9916621.0,205802052322.0,2.64,7.626,9.517,3.807,0.01,0.029,0.77,2.224,0.21,0.607
Hungary,2013,HUN,9889344.0,209511661762.0,2.78,9.184,9.747,4.115,0.02,0.066,0.72,2.379,0.21,0.694
Hungary,2014,HUN,9862843.0,218378634753.0,3.16,10.752,11.428,4.82,0.07,0.238,0.66,2.246,0.3,1.021
Hungary,2015,HUN,9839211.0,226474616785.0,3.22,10.617,11.477,4.593,0.14,0.462,0.69,2.275,0.23,0.758
Hungary,2016,HUN,9810529.0,231459349147.0,3.25,10.194,11.612,4.567,0.24,0.753,0.68,2.133,0.26,0.816
Hungary,2017,HUN,9785608.0,241347220007.0,3.48,10.571,11.941,4.454,0.35,1.063,0.76,2.309,0.22,0.668
Hungary,2018,HUN,9774395.0,254289117363.0,3.77,11.763,13.069,4.84,0.63,1.966,0.61,1.903,0.22,0.686
Hungary,2019,HUN,9770346.0,266658311342.0,4.7,13.711,15.402,5.632,1.5,4.376,0.73,2.13,0.22,0.642
Hungary,2020,HUN,9749459.0,254563881936.0,5.52,15.808,18.299,6.807,2.46,7.045,0.65,1.861,0.24,0.687
Hungary,2021,HUN,9707848.0,272892486007.0,6.91,19.141,21.808,7.724,3.8,10.526,0.66,1.828,0.21,0.582
Hungary,2022,HUN,9684308.0,285385229433.0,7.66,21.409,23.77,8.957,4.73,13.22,0.61,1.705,0.18,0.503
Hungary,2023,HUN,9686465.0,,9.36,26.351,27.555,10.886,6.93,19.51,0.63,1.774,0.22,0.619
Hungary,2024,HUN,9676135.0,,11.94,31.438,32.844,12.706,9.2,24.223,0.67,1.764,0.23,0.606
Hungary,2025,HUN,9632286.0,,14.44,35.681,,,11.23,27.749,0.58,1.433,0.23,0.568
Iceland,2000,ISL,281293.0,9307402059.0,7.61,100.0,21.774,67.054,0.0,0.0,0.0,0.0,6.29,82.654
Iceland,2001,ISL,285058.0,9632094658.0,7.96,100.0,22.69,68.986,0.0,0.0,0.0,0.0,6.51,81.784
Iceland,2002,ISL,287609.0,9623436669.0,8.34,99.88,23.568,69.06,0.0,0.0,0.0,0.0,6.91,82.754
Iceland,2003,ISL,289616.0,9810546928.0,8.43,99.882,23.688,69.009,0.0,0.0,0.0,0.0,7.02,83.175
Iceland,2004,ISL,292172.0,10591927126.0,8.54,100.0,23.96,68.283,0.0,0.0,0.0,0.0,7.06,82.67
Iceland,2005,ISL,296852.0,11206862490.0,8.61,100.0,24.043,68.112,0.0,0.0,0.0,0.0,6.95,80.72
Iceland,2006,ISL,303883.0,11775508947.0,9.85,100.0,27.716,70.76,0.0,0.0,0.0,0.0,7.22,73.299
Iceland,2007,ISL,311662.0,12798725464.0,11.89,100.0,33.513,74.337,0.0,0.0,0.0,0.0,8.31,69.891
Iceland,2008,ISL,317519.0,13031114591.0,16.34,100.0,45.409,81.016,0.0,0.0,0.0,0.0,12.3,75.275
Iceland,2009,ISL,318619.0,12031037299.0,16.71,100.0,46.458,82.491,0.0,0.0,0.0,0.0,12.16,72.771
Iceland,2010,ISL,318163.0,11531450215.0,16.74,100.0,46.746,83.047,0.0,0.0,0.0,0.0,12.51,74.731
Iceland,2011,ISL,319139.0,11716753534.0,16.85,100.0,47.095,83.32,0.0,0.0,0.0,0.0,12.38,73.472
Iceland,2012,ISL,320851.0,11841375384.0,17.29,100.0,48.077,83.699,0.0,0.0,0.0,0.0,12.21,70.619
Iceland,2013,ISL,323891.0,12380449213.0,17.99,100.0,49.327,83.281,0.0,0.0,0.0,0.0,12.75,70.873
Iceland,2014,ISL,327517.0,12589333385.0,17.8,100.0,49.194,83.012,0.0,0.0,0.01,0.056,12.55,70.506
Iceland,2015,ISL,330962.0,13147880818.0,18.55,100.0,50.688,82.168,0.0,0.0,0.01,0.054,13.54,72.992
Iceland,2016,ISL,335571.0,13976682094.0,18.17,100.0,49.856,80.357,0.0,0.0,0.01,0.055,13.09,72.042
Iceland,2017,ISL,343537.0,14562998209.0,19.07,100.0,51.491,79.303,0.0,0.0,0.01,0.052,13.89,72.837
Iceland,2018,ISL,352860.0,15275006901.0,19.69,100.0,53.355,78.7,0.0,0.0,0.0,0.0,13.68,69.477
Iceland,2019,ISL,360709.0,15550746271.0,19.36,100.0,52.344,80.843,0.0,0.0,0.01,0.052,13.33,68.853
Iceland,2020,ISL,366626.0,14424580947.0,18.89,100.0,51.347,86.126,0.0,0.0,0.01,0.053,12.92,68.396
Iceland,2021,ISL,372647.0,15049658393.0,19.39,100.0,52.459,84.494,0.0,0.0,0.01,0.052,13.58,70.036
Iceland,2022,ISL,380368.0,16019540441.0,19.87,100.0,53.578,82.075,0.0,0.0,0.01,0.05,13.94,70.156
Iceland,2023,ISL,387559.0,,20.12,100.0,53.696,81.843,0.0,0.0,0.01,0.05,14.1,70.08
India,2000,IND,1057922731.0,2804478499774.0,80.27,14.048,224.159,6.042,0.01,0.002,1.58,0.277,76.99,13.474
India,2001,IND,1077898579.0,2940745466088.0,76.19,13.0,212.162,5.693,0.01,0.002,2.09,0.357,72.02,12.288
India,2002,IND,1097600380.0,3024984520809.0,72.78,11.938,201.231,5.218,0.01,0.002,2.09,0.343,68.54,11.243
India,2003,IND,1116803000.0,3251114494190.0,74.63,11.695,205.485,5.144,0.02,0.003,2.6,0.407,69.3,10.86
India,2004,IND,1135991509.0,3495022816540.0,109.2,15.638,298.403,6.887,0.02,0.003,5.23,0.749,100.64,14.412
India,2005,IND,1154676321.0,3752627653422.0,107.47,15.254,291.814,6.359,0.02,0.003,5.99,0.85,97.42,13.828
India,2006,IND,1172878888.0,4069856052453.0,127.56,17.135,344.743,7.134,0.01,0.001,9.34,1.255,112.62,15.128
India,2007,IND,1190676028.0,4403215224414.0,141.75,17.802,381.644,7.276,0.06,0.008,11.68,1.467,122.61,15.398
India,2008,IND,1207930960.0,4649548164533.0,138.91,16.768,372.704,6.712,0.06,0.007,14.38,1.736,115.17,13.903
India,2009,IND,1225524764.0,4993478894185.0,133.25,15.166,355.862,5.965,0.08,0.009,16.27,1.852,106.34,12.103
India,2010,IND,1243481565.0,5361371354007.0,141.53,15.114,376.951,6.057,0.11,0.012,19.46,2.078,108.74,11.613
India,2011,IND,1261224956.0,5720692888000.0,171.94,16.656,456.895,6.967,0.83,0.08,23.95,2.32,131.7,12.758
India,2012,IND,1278674501.0,6052427493607.0,161.83,14.868,429.064,6.208,2.1,0.193,27.43,2.52,115.78,10.637
India,2013,IND,1295829507.0,6424470752490.0,182.99,16.034,481.422,6.75,3.43,0.301,30.01,2.63,131.98,11.565
India,2014,IND,1312277184.0,6875186158349.0,198.5,15.77,520.369,6.829,4.91,0.39,33.45,2.658,139.0,11.043
India,2015,IND,1328024494.0,7391521519812.0,191.67,14.625,499.727,6.357,7.09,0.541,32.74,2.498,133.48,10.185
India,2016,IND,1343944296.0,8057465593010.0,201.4,14.438,524.185,6.37,12.2,0.875,43.45,3.115,128.55,9.216
India,2017,IND,1359657398.0,8550029645172.0,225.96,15.451,579.737,6.793,22.36,1.529,52.63,3.599,135.98,9.298
India,2018,IND,1374659067.0,9173201683791.0,256.08,16.294,659.31,7.307,37.45,2.383,60.31,3.837,139.92,8.903
India,2019,IND,1389030307.0,9595463242427.0,292.24,18.138,748.695,8.108,47.65,2.957,63.31,3.929,162.29,10.073
India,2020,IND,1402617694.0,8945313249462.0,304.7,19.396,777.565,8.893,60.45,3.848,60.43,3.847,163.94,10.436
India,2021,IND,1414203896.0,9801621018003.0,320.05,19.013,822.007,8.657,70.19,4.17,68.09,4.045,160.57,9.539
India,2022,IND,1425423209.0,10476248645535.0,365.88,20.258,942.536,9.421,97.45,5.395,70.05,3.878,175.09,9.694
India,2023,IND,1438069597.0,,370.68,19.317,954.198,8.861,116.13,6.052,82.11,4.279,149.43,7.787
India,2024,IND,1450935785.0,,397.07,19.558,1031.37,9.146,136.75,6.736,81.54,4.016,156.53,7.71
Indonesia,2000,IDN,216077789.0,1138300071768.0,19.6,19.992,43.048,3.699,0.0,0.0,0.0,0.0,10.02,10.22
Indonesia,2001,IDN,219097905.0,1185220908414.0,22.19,20.902,51.054,4.096,0.0,0.0,0.0,0.0,11.65,10.974
Indonesia,2002,IDN,222088499.0,1244249942443.0,21.0,18.577,46.724,3.647,0.0,0.0,0.0,0.0,9.93,8.785
Indonesia,2003,IDN,225048005.0,1309811268640.0,19.82,16.884,44.486,3.195,0.0,0.0,0.0,0.0,9.1,7.752
Indonesia,2004,IDN,227926649.0,1387446383159.0,20.97,16.806,47.047,3.415,0.0,0.0,0.0,0.0,9.67,7.75
Indonesia,2005,IDN,230871648.0,1474875329634.0,22.66,17.052,49.523,3.494,0.0,0.0,0.0,0.0,10.73,8.074
Indonesia,2006,IDN,233951650.0,1565012923832.0,21.18,15.348,46.632,3.234,0.0,0.0,0.0,0.0,9.62,6.971
Indonesia,2007,IDN,237062338.0,1674227359084.0,24.29,16.368,52.218,3.374,0.0,0.0,0.0,0.0,11.29,7.608
Indonesia,2008,IDN,240157902.0,1809491142510.0,26.34,16.895,56.691,3.62,0.0,0.0,0.0,0.0,11.53,7.396
Indonesia,2009,IDN,243220024.0,1905717479305.0,26.79,16.449,60.13,3.736,0.0,0.0,0.0,0.0,11.38,6.987
Indonesia,2010,IDN,246305327.0,2039334560589.0,34.63,19.503,76.897,4.417,0.0,0.0,0.0,0.0,17.46,9.833
Indonesia,2011,IDN,249470029.0,2178184530109.0,30.46,15.875,65.385,3.554,0.0,0.0,0.0,0.0,12.42,6.473
Indonesia,2012,IDN,252698525.0,2309530044109.0,31.11,14.888,69.376,3.577,0.0,0.0,0.0,0.0,12.8,6.126
Indonesia,2013,IDN,255852464.0,2437876929100.0,35.5,15.765,82.807,4.534,0.01,0.004,0.0,0.0,16.92,7.514
Indonesia,2014,IDN,258877395.0,2559933272409.0,34.41,14.486,87.533,4.708,0.01,0.004,0.0,0.0,15.16,6.382
Indonesia,2015,IDN,261799249.0,2684763880628.0,33.56,13.795,76.045,4.003,0.01,0.004,0.0,0.0,13.74,5.648
Indonesia,2016,IDN,264627429.0,2819889903036.0,39.58,15.368,109.633,5.81,0.02,0.008,0.01,0.004,18.68,7.253
Indonesia,2017,IDN,267346654.0,2962852274581.0,43.19,16.247,111.897,5.518,0.03,0.011,0.0,0.0,18.63,7.008
Indonesia,2018,IDN,269951847.0,3116158974437.0,48.38,17.048,171.458,8.029,0.09,0.032,0.19,0.067,21.64,7.625
Indonesia,2019,IDN,272489381.0,3272568062078.0,48.04,16.26,194.482,8.613,0.12,0.041,0.48,0.162,21.16,7.162
Indonesia,2020,IDN,274814861.0,3204972631957.0,52.89,18.124,225.746,10.644,0.17,0.058,0.47,0.161,24.33,8.337
Indonesia,2021,IDN,276758056.0,3323654666991.0,56.2,18.167,243.844,11.076,0.19,0.061,0.44,0.142,24.7,7.984
Indonesia,2022,IDN,278830527.0,3500093638879.0,65.41,19.611,281.127,10.208,0.44,0.132,0.36,0.108,27.3,8.185
Indonesia,2023,IDN,281190068.0,,65.2,18.597,298.421,10.695,0.71,0.203,0.48,0.137,24.59,7.014
Indonesia,2024,IDN,283487933.0,,67.21,18.09,327.601,10.954,1.35,0.363,0.47,0.127,27.29,7.345
Iran,2000,IRN,66418661.0,595554549032.0,3.82,3.201,10.604,0.76,0.0,0.0,0.04,0.034,3.78,3.167
Iran,2001,IRN,67452005.0,636570203280.0,4.15,3.253,11.48,0.77,0.0,0.0,0.03,0.024,4.12,3.229
Iran,2002,IRN,68011318.0,698059655739.0,8.04,5.816,22.034,1.356,0.0,0.0,0.03,0.022,8.01,5.795
Iran,2003,IRN,68769343.0,779969698412.0,9.62,6.344,26.201,1.584,0.0,0.0,0.03,0.02,9.59,6.324
Iran,2004,IRN,70256316.0,849441950372.0,11.98,7.361,32.464,1.774,0.0,0.0,0.05,0.031,11.93,7.33
Iran,2005,IRN,71828455.0,908856025194.0,14.52,8.2,39.029,2.014,0.0,0.0,0.07,0.04,14.45,8.161
Iran,2006,IRN,73392747.0,995245162302.0,18.64,9.637,49.825,2.353,0.0,0.0,0.13,0.067,18.51,9.569
Iran,2007,IRN,74602648.0,1098784519617.0,18.1,8.911,48.138,2.139,0.0,0.0,0.14,0.069,17.96,8.842
Iran,2008,IRN,75514201.0,1132365762681.0,7.64,3.63,20.142,0.867,0.0,0.0,0.2,0.095,7.44,3.535
Iran,2009,IRN,76457831.0,1208128386676.0,6.95,3.133,18.245,0.767,0.0,0.0,0.23,0.104,6.72,3.03
Iran,2010,IRN,77420851.0,1310507059384.0,10.43,4.425,27.172,1.106,0.0,0.0,0.17,0.072,10.25,4.349
Iran,2011,IRN,78383602.0,1345049307937.0,10.91,4.631,28.299,1.109,0.0,0.0,0.21,0.089,10.68,4.533
Iran,2012,IRN,79370583.0,1324570752684.0,12.8,5.146,33.023,1.284,0.0,0.0,0.28,0.113,12.5,5.025
Iran,2013,IRN,80414689.0,1287095594893.0,14.86,5.741,38.024,1.423,0.0,0.0,0.22,0.085,14.62,5.648
Iran,2014,IRN,81502045.0,1352737013920.0,14.75,5.351,37.562,1.349,0.0,0.0,0.2,0.073,14.5,5.261
Iran,2015,IRN,82619365.0,1331012211481.0,13.41,4.785,33.961,1.23,0.0,0.0,0.14,0.05,13.25,4.728
Iran,2016,IRN,83812230.0,1413723685657.0,15.6,5.452,39.221,1.344,0.0,0.0,0.16,0.056,15.42,5.389
Iran,2017,IRN,85026761.0,1486668357750.0,17.66,5.787,44.166,1.462,0.09,0.029,0.32,0.105,17.23,5.646
Iran,2018,IRN,86117999.0,1483607175221.0,10.83,3.467,26.966,0.864,0.22,0.07,0.75,0.24,9.84,3.15
Iran,2019,IRN,87051649.0,1438754460224.0,35.11,11.01,86.908,2.641,0.51,0.16,0.72,0.226,33.87,10.622
Iran,2020,IRN,87723448.0,1446203709942.0,24.93,7.393,61.588,1.802,0.58,0.172,1.13,0.335,23.2,6.88
Iran,2021,IRN,88455490.0,1525523070071.0,15.6,4.377,38.438,1.14,0.62,0.174,1.13,0.317,13.83,3.88
Iran,2022,IRN,89524247.0,1572209055082.0,15.77,4.296,38.778,1.112,0.62,0.169,1.13,0.308,14.0,3.814
Iran,2023,IRN,90608708.0,,24.73,6.473,60.326,1.68,0.68,0.178,1.21,0.317,22.82,5.974
Iran,2024,IRN,91567737.0,,21.05,5.318,51.378,1.433,0.9,0.227,1.25,0.316,18.87,4.768
Iraq,2000,IRQ,24424060.0,83019213791.0,0.61,1.912,8.879,2.757,0.0,0.0,0.0,0.0,0.61,1.912
Iraq,2001,IRQ,25197842.0,97219510326.0,0.62,1.922,10.224,2.842,0.0,0.0,0.0,0.0,0.62,1.922
Iraq,2002,IRQ,26006558.0,112141846978.0,0.52,1.536,12.493,3.656,0.0,0.0,0.0,0.0,0.52,1.536
Iraq,2003,IRQ,26802660.0,94480598969.0,0.43,1.518,12.959,4.274,0.0,0.0,0.0,0.0,0.43,1.518
Iraq,2004,IRQ,27577876.0,155937247290.0,0.49,1.517,15.582,4.794,0.0,0.0,0.0,0.0,0.49,1.517
Iraq,2005,IRQ,28407450.0,170895694120.0,6.0,19.737,13.155,4.279,0.0,0.0,0.0,0.0,6.0,19.737
Iraq,2006,IRQ,28616518.0,190082841273.0,6.1,18.031,13.344,4.466,0.0,0.0,0.0,0.0,6.1,18.031
Iraq,2007,IRQ,28391606.0,200529416438.0,5.74,17.268,12.144,4.029,0.0,0.0,0.0,0.0,5.74,17.268
Iraq,2008,IRQ,28971042.0,231588128927.0,3.48,9.436,7.736,2.24,0.0,0.0,0.0,0.0,3.48,9.436
Iraq,2009,IRQ,30058207.0,259745648872.0,3.23,8.534,7.428,2.191,0.0,0.0,0.0,0.0,3.23,8.534
Iraq,2010,IRQ,31045367.0,297507194079.0,4.77,9.753,9.414,2.404,0.0,0.0,0.0,0.0,4.77,9.753
Iraq,2011,IRQ,32161425.0,344220720679.0,3.4,6.308,8.807,2.177,0.0,0.0,0.0,0.0,3.4,6.308
Iraq,2012,IRQ,33654843.0,392191319237.0,4.39,9.539,11.332,2.572,0.0,0.0,0.0,0.0,4.39,9.539
Iraq,2013,IRQ,35281987.0,422107689937.0,4.81,8.166,11.905,2.456,0.05,0.085,0.0,0.0,4.76,8.081
Iraq,2014,IRQ,36550058.0,425222855485.0,2.99,4.331,7.36,1.544,0.06,0.087,0.0,0.0,2.93,4.245
Iraq,2015,IRQ,37560535.0,436010743372.0,2.61,3.695,6.591,1.4,0.06,0.085,0.0,0.0,2.55,3.61
Iraq,2016,IRQ,38469628.0,502280002568.0,3.43,4.187,8.614,1.709,0.06,0.073,0.0,0.0,3.37,4.113
Iraq,2017,IRQ,39337358.0,485207548291.0,2.24,2.394,5.583,0.934,0.06,0.064,0.0,0.0,2.18,2.33
Iraq,2018,IRQ,40265629.0,508026800522.0,1.88,1.91,5.458,0.877,0.06,0.061,0.0,0.0,1.82,1.849
Iraq,2019,IRQ,41192172.0,537548265143.0,5.02,4.357,13.217,1.982,0.06,0.052,0.0,0.0,4.96,4.305
Iraq,2020,IRQ,42116602.0,453147782672.0,4.54,3.876,11.208,1.887,0.38,0.324,0.0,0.0,4.16,3.552
Iraq,2021,IRQ,43071208.0,487935979007.0,3.73,3.096,9.168,1.484,0.38,0.315,0.0,0.0,3.35,2.781
Iraq,2022,IRQ,44070556.0,527639326800.0,3.03,2.264,7.438,1.095,0.38,0.284,0.0,0.0,2.65,1.98
Iraq,2023,IRQ,45074055.0,,1.76,1.171,4.292,0.598,0.38,0.253,0.0,0.0,1.38,0.918
Ireland,2000,IRL,3802589.0,147722370991.0,1.18,4.996,3.325,1.92,0.0,0.0,0.24,1.016,0.85,3.599
Ireland,2001,IRL,3862981.0,158384851025.0,1.03,4.19,2.872,1.57,0.0,0.0,0.33,1.343,0.6,2.441
Ireland,2002,IRL,3928441.0,169226186783.0,1.38,5.565,3.815,2.106,0.0,0.0,0.39,1.573,0.91,3.669
Ireland,2003,IRL,3992935.0,177468844871.0,1.14,4.593,3.136,1.775,0.0,0.0,0.45,1.813,0.6,2.417
Ireland,2004,IRL,4066066.0,191402766075.0,1.39,5.52,3.823,2.123,0.0,0.0,0.65,2.581,0.63,2.502
Ireland,2005,IRL,4155283.0,204898243531.0,1.87,7.31,5.103,2.716,0.0,0.0,1.11,4.339,0.63,2.463
Ireland,2006,IRL,4268775.0,219162994472.0,2.47,9.124,6.692,3.451,0.0,0.0,1.62,5.984,0.72,2.66
Ireland,2007,IRL,4393518.0,230371638354.0,2.81,9.919,7.745,3.934,0.0,0.0,1.96,6.918,0.67,2.365
Ireland,2008,IRL,4485992.0,223067117042.0,3.6,12.044,10.186,5.203,0.0,0.0,2.41,8.063,0.97,3.245
Ireland,2009,IRL,4533750.0,215181048184.0,4.12,14.746,11.795,6.704,0.0,0.0,2.96,10.594,0.9,3.221
Ireland,2010,IRL,4559084.0,221852442105.0,3.72,13.234,10.927,6.149,0.0,0.0,2.81,9.996,0.6,2.134
Ireland,2011,IRL,4579603.0,224397469453.0,5.43,20.015,15.298,9.032,0.0,0.0,4.38,16.144,0.71,2.617
Ireland,2012,IRL,4600135.0,217871560184.0,5.25,19.38,14.767,8.861,0.0,0.0,4.01,14.803,0.8,2.953
Ireland,2013,IRL,4624686.0,222738952818.0,5.63,22.044,15.832,9.648,0.0,0.0,4.54,17.776,0.6,2.349
Ireland,2014,IRL,4658236.0,236178350686.0,6.39,24.787,17.889,10.938,0.0,0.0,5.14,19.938,0.71,2.754
Ireland,2015,IRL,4702497.0,249955928768.0,7.86,28.021,21.597,12.506,0.0,0.0,6.57,23.422,0.81,2.888
Ireland,2016,IRL,4753506.0,255118282428.0,7.51,24.868,20.85,11.537,0.0,0.0,6.15,20.364,0.68,2.252
Ireland,2017,IRL,4810258.0,266528546717.0,8.88,28.963,24.831,13.692,0.01,0.033,7.44,24.266,0.69,2.25
Ireland,2018,IRL,4872559.0,282500483309.0,10.2,33.01,28.057,15.142,0.02,0.065,8.64,27.961,0.69,2.233
Ireland,2019,IRL,4933493.0,294503693886.0,11.79,38.391,32.338,17.39,0.03,0.098,10.02,32.628,0.89,2.898
Ireland,2020,IRL,4982602.0,274762344680.0,13.46,42.102,36.334,20.819,0.06,0.188,11.55,36.128,0.93,2.909
Ireland,2021,IRL,5028428.0,287639621097.0,11.6,36.732,31.71,17.799,0.08,0.253,9.78,30.969,0.75,2.375
Ireland,2022,IRL,5110015.0,308390920561.0,13.07,38.887,35.839,19.42,0.15,0.446,11.21,33.353,0.7,2.083
Ireland,2023,IRL,5196629.0,,14.03,44.824,38.897,21.82,0.65,2.077,11.61,37.093,0.94,3.003
Ireland,2024,IRL,5255016.0,,14.25,46.027,39.863,22.18,1.09,3.521,11.39,36.789,0.77,2.487
Ireland,2025,IRL,5308035.0,,14.99,48.37,,,1.48,4.776,11.83,38.174,0.68,2.194
Israel,2000,ISR,6111194.0,158656383479.0,0.03,0.07,0.086,0.038,0.0,0.0,0.0,0.0,0.03,0.07
Israel,2001,ISR,6259977.0,158567053954.0,0.02,0.046,0.055,0.024,0.0,0.0,0.01,0.023,0.01,0.023
Israel,2002,ISR,6387714.0,158018046039.0,0.03,0.066,0.205,0.088,0.0,0.0,0.01,0.022,0.02,0.044
Israel,2003,ISR,6502821.0,159162904545.0,0.04,0.085,0.237,0.099,0.0,0.0,0.01,0.021,0.03,0.064
Israel,2004,ISR,6615084.0,166466423998.0,0.04,0.085,0.229,0.094,0.0,0.0,0.01,0.021,0.03,0.063
Israel,2005,ISR,6728212.0,172697410123.0,0.04,0.082,0.287,0.117,0.0,0.0,0.01,0.021,0.03,0.062
Israel,2006,ISR,6844029.0,181910800706.0,0.02,0.04,0.167,0.068,0.0,0.0,0.01,0.02,0.01,0.02
Israel,2007,ISR,6962456.0,192596811708.0,0.02,0.037,0.153,0.06,0.0,0.0,0.01,0.019,0.01,0.019
Israel,2008,ISR,7082621.0,197785749719.0,0.04,0.07,0.18,0.069,0.0,0.0,0.01,0.018,0.02,0.035
Israel,2009,ISR,7206096.0,199771084186.0,0.09,0.164,0.38,0.149,0.02,0.037,0.01,0.018,0.02,0.037
Israel,2010,ISR,7336735.0,210327630432.0,0.17,0.29,0.587,0.222,0.07,0.12,0.01,0.017,0.03,0.051
Israel,2011,ISR,7471023.0,220210380263.0,0.3,0.503,0.952,0.353,0.19,0.319,0.01,0.017,0.03,0.05
Israel,2012,ISR,7607781.0,225909436249.0,0.49,0.778,1.418,0.502,0.37,0.587,0.01,0.016,0.03,0.048
Israel,2013,ISR,7749369.0,235885601546.0,0.57,0.93,1.558,0.583,0.49,0.799,0.01,0.016,0.03,0.049
Israel,2014,ISR,7897173.0,245129958334.0,0.96,1.577,2.572,0.987,0.88,1.446,0.01,0.016,0.01,0.016
Israel,2015,ISR,8052916.0,251223879854.0,1.22,1.899,3.489,1.269,1.12,1.744,0.01,0.016,0.02,0.031
Israel,2016,ISR,8210006.0,262584215516.0,1.7,2.537,4.893,1.746,1.54,2.298,0.05,0.075,0.0,0.0
Israel,2017,ISR,8361796.0,273812314306.0,1.69,2.506,4.995,1.75,1.51,2.239,0.18,0.267,0.0,0.0
Israel,2018,ISR,8510067.0,284956472967.0,1.88,2.724,5.518,1.89,1.57,2.275,0.18,0.261,0.0,0.0
Israel,2019,ISR,8657466.0,296799271432.0,2.91,4.044,8.737,2.903,2.61,3.627,0.19,0.264,0.0,0.0
Israel,2020,ISR,8800380.0,291287719910.0,3.87,5.391,11.447,4.024,3.53,4.918,0.2,0.279,0.02,0.028
Israel,2021,ISR,8942925.0,316373426613.0,4.87,6.658,14.236,4.889,4.57,6.247,0.18,0.246,0.02,0.027
Israel,2022,ISR,9103143.0,336722563455.0,5.8,7.798,16.533,5.387,5.35,7.193,0.32,0.43,0.02,0.027
Israel,2023,ISR,9256311.0,,7.82,10.509,22.16,7.83,6.97,9.367,0.74,0.994,0.0,0.0
Italy,2000,ITA,57272200.0,1863751547560.0,50.87,18.845,143.451,6.853,0.02,0.007,0.56,0.207,44.2,16.374
Italy,2001,ITA,57305760.0,1910272015654.0,54.35,19.989,152.428,7.295,0.02,0.007,1.18,0.434,46.81,17.216
Italy,2002,ITA,57420636.0,1929301903714.0,48.31,17.407,135.213,6.453,0.02,0.007,1.4,0.504,39.52,14.24
Italy,2003,ITA,57739697.0,1947667703883.0,46.86,16.369,131.188,6.06,0.02,0.007,1.46,0.51,36.67,12.81
Italy,2004,ITA,58176736.0,1994293720592.0,53.87,18.341,152.939,6.893,0.03,0.01,1.84,0.626,42.34,14.416
Italy,2005,ITA,58519696.0,2029243417217.0,48.43,16.438,136.635,6.161,0.03,0.01,2.34,0.794,36.07,12.242
Italy,2006,ITA,58754434.0,2086553648584.0,50.64,16.57,142.478,6.427,0.04,0.013,2.97,0.972,36.99,12.104
Italy,2007,ITA,59108723.0,2134371774096.0,47.72,15.586,134.017,6.173,0.04,0.013,4.03,1.316,32.82,10.72
Italy,2008,ITA,59561687.0,2129113318512.0,58.16,18.667,167.297,7.803,0.19,0.061,4.86,1.56,41.62,13.358
Italy,2009,ITA,59904016.0,2029023036275.0,69.26,24.186,201.237,10.127,0.68,0.237,6.54,2.284,49.14,17.16
Italy,2010,ITA,60164212.0,2080545936781.0,76.97,25.948,224.253,10.921,1.91,0.644,9.12,3.075,51.12,17.234
Italy,2011,ITA,60367882.0,2110883320816.0,82.95,27.801,239.582,11.912,10.8,3.62,9.85,3.301,45.82,15.357
Italy,2012,ITA,60531522.0,2047959835066.0,92.22,31.235,263.19,13.499,18.86,6.388,13.41,4.542,41.87,14.181
Italy,2013,ITA,60653864.0,2010255414011.0,112.0,39.158,313.725,16.96,21.59,7.548,14.9,5.209,52.77,18.45
Italy,2014,ITA,60664169.0,2010164047423.0,120.68,43.641,333.739,18.517,22.31,8.068,15.18,5.489,58.55,21.173
Italy,2015,ITA,60575314.0,2025809415322.0,108.89,38.931,304.388,16.66,22.94,8.202,14.84,5.306,45.54,16.282
Italy,2016,ITA,60478103.0,2052012434345.0,108.01,37.772,299.222,16.412,22.1,7.729,17.69,6.186,42.43,14.838
Italy,2017,ITA,60390317.0,2086237040647.0,103.89,35.568,287.981,15.675,24.38,8.347,17.74,6.073,36.2,12.393
Italy,2018,ITA,60277496.0,2105551772855.0,114.41,39.995,315.249,17.059,22.65,7.918,17.72,6.195,48.79,17.056
Italy,2019,ITA,60130136.0,2115725732767.0,115.83,39.943,318.252,17.412,23.69,8.169,20.2,6.966,46.32,15.973
Italy,2020,ITA,59912763.0,1925751927111.0,116.9,42.231,320.361,19.399,24.94,9.01,18.76,6.777,47.55,17.178
Italy,2021,ITA,59729353.0,2060299944789.0,116.33,40.747,319.47,18.014,25.04,8.771,20.93,7.331,45.39,15.899
Italy,2022,ITA,59619106.0,2136009300257.0,100.46,35.857,278.563,15.951,28.12,10.037,20.49,7.313,28.4,10.137
Italy,2023,ITA,59499452.0,,116.47,44.539,314.506,18.854,30.71,11.744,23.54,9.002,40.52,15.495
Italy,2024,ITA,59342870.0,,134.19,50.163,352.047,20.931,35.99,13.454,22.17,8.288,53.13,19.861
Italy,2025,ITA,59146263.0,,128.63,48.683,,,44.63,16.891,21.43,8.111,41.27,15.62
Jamaica,2000,JAM,2607827.0,17441468822.0,0.31,4.579,,,0.0,0.0,0.0,0.0,0.11,1.625
Jamaica,2001,JAM,2624410.0,17823908809.0,0.23,3.387,,,0.0,0.0,0.0,0.0,0.06,0.884
Jamaica,2002,JAM,2640582.0,18032751164.0,0.15,2.155,,,0.0,0.0,0.0,0.0,0.09,1.293
Jamaica,2003,JAM,2656629.0,18718066744.0,0.18,2.507,,,0.0,0.0,0.0,0.0,0.12,1.671
Jamaica,2004,JAM,2672227.0,18987080266.0,0.23,3.172,,,0.0,0.0,0.03,0.414,0.13,1.793
Jamaica,2005,JAM,2687070.0,19174940176.0,0.27,3.614,,,0.0,0.0,0.05,0.669,0.15,2.008
Jamaica,2006,JAM,2700973.0,19747242374.0,0.28,3.733,,,0.0,0.0,0.05,0.667,0.16,2.133
Jamaica,2007,JAM,2713808.0,20046356418.0,0.3,4.95,,,0.0,0.0,0.05,0.825,0.16,2.64
Jamaica,2008,JAM,2725633.0,19893168382.0,0.26,6.147,,,0.0,0.0,0.05,1.182,0.16,3.783
Jamaica,2009,JAM,2737001.0,19223460566.0,0.33,7.5,,,0.0,0.0,0.06,1.364,0.14,3.182
Jamaica,2010,JAM,2748573.0,18949004011.0,0.33,7.639,,,0.0,0.0,0.05,1.157,0.15,3.472
Jamaica,2011,JAM,2760493.0,19220287418.0,0.38,8.716,,,0.0,0.0,0.09,2.064,0.15,3.44
Jamaica,2012,JAM,2772432.0,19123987392.0,0.44,10.209,,,0.0,0.0,0.11,2.552,0.15,3.48
Jamaica,2013,JAM,2783689.0,19166827044.0,0.4,9.324,,,0.0,0.0,0.12,2.797,0.12,2.797
Jamaica,2014,JAM,2793756.0,19277035737.0,0.42,9.859,,,0.01,0.235,0.12,2.817,0.14,3.286
Jamaica,2015,JAM,2802536.0,19444553127.0,0.44,10.28,,,0.01,0.234,0.13,3.037,0.13,3.037
Jamaica,2016,JAM,2809919.0,19735837824.0,0.55,12.249,,,0.01,0.223,0.21,4.677,0.12,2.673
Jamaica,2017,JAM,2815765.0,19869841700.0,0.51,11.644,,,0.04,0.913,0.25,5.708,0.15,3.425
Jamaica,2018,JAM,2820103.0,20232863013.0,0.58,14.646,,,0.05,1.263,0.3,7.576,0.18,4.545
Jamaica,2019,JAM,2823275.0,20429119874.0,0.59,12.716,,,0.09,1.94,0.27,5.819,0.16,3.448
Jamaica,2020,JAM,2830745.0,18402554628.0,0.59,13.785,,,0.12,2.804,0.28,6.542,0.14,3.271
Jamaica,2021,JAM,2837680.0,19249256856.0,0.58,13.333,,,0.13,2.989,0.26,5.977,0.14,3.218
Jamaica,2022,JAM,2839150.0,20019224153.0,0.58,12.918,,,0.13,2.895,0.27,6.013,0.12,2.673
Japan,2000,JPN,127027794.0,4209651870326.0,101.03,9.187,286.239,4.603,0.34,0.031,0.11,0.01,84.47,7.681
Japan,2001,JPN,127260144.0,4224163277272.0,98.32,9.077,277.407,4.508,0.5,0.046,0.25,0.023,81.54,7.528
Japan,2002,JPN,127484599.0,4226576076119.0,98.64,8.942,276.792,4.514,0.69,0.063,0.41,0.037,80.6,7.307
Japan,2003,JPN,127671254.0,4288493482445.0,112.13,10.263,312.698,5.098,0.95,0.087,0.83,0.076,92.47,8.463
Japan,2004,JPN,127815769.0,4380398118363.0,112.43,10.028,312.186,5.023,1.27,0.113,1.44,0.128,91.67,8.176
Japan,2005,JPN,127913331.0,4450600710060.0,102.79,8.914,285.784,4.52,1.63,0.141,1.91,0.166,77.56,6.726
Japan,2006,JPN,127997247.0,4514225078439.0,114.47,9.831,315.815,5.011,2.0,0.172,2.13,0.183,88.81,7.627
Japan,2007,JPN,128087683.0,4590814009043.0,101.76,8.623,281.048,4.499,2.31,0.196,2.74,0.232,74.51,6.314
Japan,2008,JPN,128155992.0,4542408020234.0,101.98,8.615,279.56,4.561,2.59,0.219,2.94,0.248,75.16,6.35
Japan,2009,JPN,128192471.0,4298103109270.0,97.28,8.732,266.043,4.756,3.05,0.274,3.43,0.308,70.47,6.326
Japan,2010,JPN,128185273.0,4480295644398.0,118.24,10.228,321.517,5.404,3.98,0.344,3.93,0.34,88.5,7.655
Japan,2011,JPN,128096430.0,4468738319171.0,113.5,10.279,307.474,5.447,5.44,0.493,4.46,0.404,82.49,7.471
Japan,2012,JPN,127928283.0,4530172048567.0,111.33,10.058,301.214,5.379,7.37,0.666,4.73,0.427,77.1,6.966
Japan,2013,JPN,127723642.0,4621006950566.0,120.55,11.082,324.029,5.829,12.91,1.187,5.13,0.472,79.33,7.293
Japan,2014,JPN,127486601.0,4634693421103.0,133.9,12.6,357.539,6.604,23.55,2.216,5.01,0.471,81.71,7.689
Japan,2015,JPN,127275868.0,4707025000790.0,154.02,14.952,410.581,7.685,34.54,3.353,5.22,0.507,85.77,8.326
Japan,2016,JPN,127159950.0,4742508721138.0,151.77,14.268,400.425,7.593,43.33,4.074,5.34,0.502,79.43,7.467
Japan,2017,JPN,127064686.0,4821960242931.0,163.3,15.164,427.926,8.029,54.04,5.018,6.22,0.578,79.24,7.358
Japan,2018,JPN,126913432.0,4852985093686.0,175.34,16.191,457.705,8.65,61.22,5.653,7.37,0.681,81.0,7.48
Japan,2019,JPN,126699421.0,4833467877373.0,176.41,16.843,459.348,8.871,67.43,6.438,7.46,0.712,73.92,7.057
Japan,2020,JPN,126304533.0,4626661481209.0,193.03,19.092,501.689,10.457,75.92,7.509,8.41,0.832,78.33,7.748
Japan,2021,JPN,125679342.0,4725883595048.0,208.14,20.117,540.688,10.814,84.18,8.136,9.54,0.922,79.63,7.696
Japan,2022,JPN,124997585.0,4774494846664.0,213.19,20.488,554.107,11.154,91.07,8.752,9.42,0.905,74.87,7.195
Japan,2023,JPN,124370947.0,,222.86,22.137,577.331,11.965,96.36,9.572,9.96,0.989,74.53,7.403
Japan,2024,JPN,123753041.0,,233.11,22.935,604.721,12.697,96.7,9.514,11.54,1.135,79.45,7.817
Jordan,2000,JOR,5386945.0,35825242090.0,0.04,0.543,,,0.0,0.0,0.0,0.0,0.04,0.543
Jordan,2001,JOR,5498900.0,38405924481.0,0.04,0.531,,,0.0,0.0,0.0,0.0,0.04,0.531
Jordan,2002,JOR,5616077.0,41327374100.0,0.05,0.616,,,0.0,0.0,0.0,0.0,0.05,0.616
Jordan,2003,JOR,5741837.0,43669159351.0,0.05,0.623,,,0.0,0.0,0.0,0.0,0.04,0.498
Jordan,2004,JOR,5882066.0,47936969925.0,0.06,0.67,,,0.0,0.0,0.0,0.0,0.05,0.558
Jordan,2005,JOR,6029597.0,52217618202.0,0.06,0.622,,,0.0,0.0,0.0,0.0,0.06,0.622
Jordan,2006,JOR,6427377.0,59977821392.0,0.06,0.54,,,0.0,0.0,0.0,0.0,0.05,0.45
Jordan,2007,JOR,6827235.0,68285595085.0,0.07,0.546,,,0.0,0.0,0.0,0.0,0.06,0.468
Jordan,2008,JOR,6989874.0,72788636146.0,0.07,0.495,,,0.0,0.0,0.0,0.0,0.06,0.424
Jordan,2009,JOR,7141763.0,76172493182.0,0.07,0.49,,,0.0,0.0,0.0,0.0,0.06,0.42
Jordan,2010,JOR,7297046.0,77493873619.0,0.07,0.474,,,0.0,0.0,0.0,0.0,0.06,0.406
Jordan,2011,JOR,7480431.0,79441955134.0,0.06,0.41,,,0.0,0.0,0.0,0.0,0.05,0.342
Jordan,2012,JOR,7587133.0,81371594307.0,0.07,0.422,,,0.0,0.0,0.0,0.0,0.06,0.362
Jordan,2013,JOR,7991812.0,83495396478.0,0.06,0.348,,,0.0,0.0,0.0,0.0,0.05,0.29
Jordan,2014,JOR,8791715.0,86320876820.0,0.07,0.383,,,0.0,0.0,0.0,0.0,0.06,0.328
Jordan,2015,JOR,9544730.0,88475445240.0,0.23,1.207,,,0.05,0.262,0.12,0.63,0.05,0.262
Jordan,2016,JOR,10006369.0,90239641982.0,0.86,4.372,,,0.43,2.186,0.39,1.983,0.04,0.203
Jordan,2017,JOR,10234227.0,92472176531.0,1.4,6.737,,,0.91,4.379,0.45,2.166,0.04,0.192
Jordan,2018,JOR,10462310.0,94246709824.0,2.16,10.604,,,1.43,7.02,0.71,3.486,0.02,0.098
Jordan,2019,JOR,10671893.0,96062846478.0,2.96,14.418,,,2.06,10.034,0.88,4.286,0.02,0.097
Jordan,2020,JOR,10865232.0,94554674762.0,3.92,18.937,,,2.52,12.174,1.38,6.667,0.02,0.097
Jordan,2021,JOR,11066356.0,96661338596.0,4.91,22.987,,,3.29,15.403,1.6,7.491,0.02,0.094
Jordan,2022,JOR,11256269.0,99281825499.0,5.22,23.128,,,3.45,15.286,1.75,7.754,0.02,0.089
Kazakhstan,2000,KAZ,15501108.0,142758090799.0,7.53,14.582,20.92,5.679,0.0,0.0,0.0,0.0,7.53,14.582
Kazakhstan,2001,KAZ,15575550.0,162896083567.0,8.08,14.59,22.324,5.382,0.0,0.0,0.0,0.0,8.08,14.59
Kazakhstan,2002,KAZ,15656680.0,179807015103.0,8.89,15.241,24.355,5.767,0.0,0.0,0.0,0.0,8.89,15.241
Kazakhstan,2003,KAZ,15747377.0,197584132991.0,8.62,13.498,23.5,5.074,0.0,0.0,0.0,0.0,8.62,13.498
Kazakhstan,2004,KAZ,15850164.0,217713169930.0,8.06,12.039,21.834,4.463,0.0,0.0,0.0,0.0,8.06,12.039
Kazakhstan,2005,KAZ,15968118.0,240059743236.0,7.86,11.572,21.118,4.196,0.0,0.0,0.0,0.0,7.86,11.572
Kazakhstan,2006,KAZ,16103718.0,267135182235.0,7.77,10.843,20.77,3.832,0.0,0.0,0.0,0.0,7.77,10.843
Kazakhstan,2007,KAZ,16257212.0,292456722644.0,8.17,10.663,21.732,3.613,0.0,0.0,0.0,0.0,8.17,10.663
Kazakhstan,2008,KAZ,16426527.0,303717015928.0,7.46,9.284,19.683,3.104,0.0,0.0,0.0,0.0,7.46,9.284
Kazakhstan,2009,KAZ,16619851.0,309012285175.0,6.88,8.739,18.055,3.18,0.0,0.0,0.0,0.0,6.88,8.739
Kazakhstan,2010,KAZ,16836808.0,333341740713.0,8.02,9.704,20.891,3.426,0.0,0.0,0.0,0.0,8.02,9.704
Kazakhstan,2011,KAZ,17065996.0,360244945296.0,7.88,9.101,20.423,2.948,0.0,0.0,0.0,0.0,7.88,9.101
Kazakhstan,2012,KAZ,17306115.0,378260779954.0,7.64,8.431,19.691,2.703,0.0,0.0,0.0,0.0,7.64,8.431
Kazakhstan,2013,KAZ,17556502.0,400574375261.0,7.73,8.347,19.785,2.709,0.0,0.0,0.0,0.0,7.73,8.347
Kazakhstan,2014,KAZ,17816285.0,417799078586.0,8.27,8.738,21.062,2.743,0.0,0.0,0.01,0.011,8.26,8.728
Kazakhstan,2015,KAZ,18084175.0,421977118608.0,9.45,10.311,23.918,3.77,0.05,0.055,0.13,0.142,9.27,10.115
Kazakhstan,2016,KAZ,18363600.0,425774884998.0,11.98,12.66,30.117,4.246,0.09,0.095,0.27,0.285,11.62,12.279
Kazakhstan,2017,KAZ,18651931.0,442384368842.0,11.64,11.288,29.113,3.815,0.09,0.087,0.34,0.33,11.21,10.871
Kazakhstan,2018,KAZ,18932725.0,460522121041.0,10.91,10.17,27.129,3.445,0.14,0.13,0.39,0.364,10.38,9.676
Kazakhstan,2019,KAZ,19209556.0,481245619523.0,11.09,10.415,27.471,3.447,0.39,0.366,0.71,0.667,9.99,9.382
Kazakhstan,2020,KAZ,19482116.0,468733212615.0,11.94,10.99,29.467,4.014,1.24,1.141,1.03,0.948,9.66,8.892
Kazakhstan,2021,KAZ,19743607.0,487951301251.0,12.59,10.94,31.004,3.78,1.63,1.416,1.75,1.521,9.21,8.003
Kazakhstan,2022,KAZ,20034612.0,503634062609.0,13.28,11.707,32.652,3.995,1.77,1.56,2.31,2.036,9.2,8.11
Kazakhstan,2023,KAZ,20330109.0,,14.46,12.73,35.266,4.179,1.87,1.646,3.78,3.328,8.8,7.747
Kazakhstan,2024,KAZ,20592574.0,,18.03,15.214,44.001,5.12,1.87,1.578,4.91,4.143,11.25,9.493
Kenya,2000,KEN,30642893.0,59408907766.0,1.74,40.371,,,0.0,0.0,0.0,0.0,1.31,30.394
Kenya,2001,KEN,31619170.0,62956470966.0,2.86,59.459,,,0.0,0.0,0.0,0.0,2.38,49.48
Kenya,2002,KEN,32629809.0,64478127960.0,3.95,76.699,,,0.0,0.0,0.0,0.0,3.09,60.0
Kenya,2003,KEN,33652233.0,67617075406.0,4.49,81.934,,,0.0,0.0,0.0,0.0,3.23,58.942
Kenya,2004,KEN,34713453.0,72070033430.0,4.34,70.455,,,0.0,0.0,0.0,0.0,2.84,46.104
Kenya,2005,KEN,35796485.0,77598831261.0,4.47,66.716,,,0.0,0.0,0.0,0.0,3.0,44.776
Kenya,2006,KEN,36904010.0,83653248054.0,4.72,62.85,,,0.0,0.0,0.0,0.0,3.24,43.142
Kenya,2007,KEN,38036354.0,91060343688.0,4.94,74.063,,,0.0,0.0,0.0,0.0,3.45,51.724
Kenya,2008,KEN,39206349.0,92971180385.0,4.47,72.683,,,0.0,0.0,0.0,0.0,2.82,45.854
Kenya,2009,KEN,40408887.0,97792492598.0,3.97,60.611,,,0.0,0.0,0.01,0.153,2.15,32.824
Kenya,2010,KEN,41598570.0,108082167772.0,5.33,74.441,,,0.0,0.0,0.02,0.279,3.39,47.346
Kenya,2011,KEN,42758467.0,117152107312.0,5.42,69.221,,,0.01,0.128,0.02,0.255,3.42,43.678
Kenya,2012,KEN,43888306.0,122504792826.0,6.33,77.479,,,0.01,0.122,0.01,0.122,4.26,52.142
Kenya,2013,KEN,44986794.0,127157517259.0,6.33,78.342,,,0.03,0.371,0.01,0.124,3.91,48.391
Kenya,2014,KEN,46051441.0,133540839466.0,7.03,76.413,,,0.05,0.543,0.02,0.217,3.28,35.652
Kenya,2015,KEN,47088528.0,140175144054.0,8.81,89.806,,,0.05,0.51,0.06,0.612,3.75,38.226
Kenya,2016,KEN,48139683.0,146082118752.0,8.64,89.256,,,0.06,0.62,0.06,0.62,3.31,34.194
Kenya,2017,KEN,49197757.0,151656608610.0,8.76,80.886,,,0.07,0.646,0.06,0.554,3.17,29.271
Kenya,2018,KEN,50207109.0,160257055688.0,9.75,86.283,,,0.09,0.796,0.38,3.363,3.99,35.31
Kenya,2019,KEN,51202829.0,168452589868.0,10.25,88.668,,,0.09,0.779,1.56,13.495,3.21,27.768
Kenya,2020,KEN,52217327.0,168031463891.0,10.93,93.579,,,0.09,0.771,1.33,11.387,4.23,36.216
Kenya,2021,KEN,53219167.0,180662393951.0,11.12,89.822,,,0.17,1.373,1.99,16.074,3.67,29.645
Kenya,2022,KEN,54252458.0,190362153076.0,11.38,87.809,,,0.42,3.241,2.14,16.512,3.04,23.457
Kenya,2023,KEN,55339007.0,,11.49,89.836,,,0.58,4.535,2.01,15.715,2.67,20.876
Kenya,2024,KEN,56432946.0,,11.81,91.907,,,0.55,4.28,1.81,14.086,3.61,28.093
Kiribati,2000,KIR,88632.0,,0.0,0.0,,,0.0,0.0,0.0,0.0,0.0,0.0
Kiribati,2001,KIR,90350.0,,0.0,0.0,,,0.0,0.0,0.0,0.0,0.0,0.0
Kiribati,2002,KIR,92281.0,,0.0,0.0,,,0.0,0.0,0.0,0.0,0.0,0.0
Kiribati,2003,KIR,94189.0,,0.0,0.0,,,0.0,0.0,0.0,0.0,0.0,0.0
Kiribati,2004,KIR,96096.0,,0.0,0.0,,,0.0,0.0,0.0,0.0,0.0,0.0
Kiribati,2005,KIR,98045.0,,0.0,0.0,,,0.0,0.0,0.0,0.0,0.0,0.0
Kiribati,2006,KIR,100028.0,,0.0,0.0,,,0.0,0.0,0.0,0.0,0.0,0.0
Kiribati,2007,KIR,102081.0,,0.0,0.0,,,0.0,0.0,0.0,0.0,0.0,0.0
Kiribati,2008,KIR,104235.0,,0.0,0.0,,,0.0,0.0,0.0,0.0,0.0,0.0
Kiribati,2009,KIR,106479.0,,0.0,0.0,,,0.0,0.0,0.0,0.0,0.0,0.0
Kiribati,2010,KIR,108717.0,,0.0,0.0,,,0.0,0.0,0.0,0.0,0.0,0.0
Kiribati,2011,KIR,110660.0,,0.0,0.0,,,0.0,0.0,0.0,0.0,0.0,0.0
Kiribati,2012,KIR,112293.0,,0.0,0.0,,,0.0,0.0,0.0,0.0,0.0,0.0
Kiribati,2013,KIR,113847.0,,0.0,0.0,,,0.0,0.0,0.0,0.0,0.0,0.0
Kiribati,2014,KIR,115339.0,,0.0,0.0,,,0.0,0.0,0.0,0.0,0.0,0.0
Kiribati,2015,KIR,116826.0,,0.0,0.0,,,0.0,0.0,0.0,0.0,0.0,0.0
Kiribati,2016,KIR,118488.0,,0.0,0.0,,,0.0,0.0,0.0,0.0,0.0,0.0
Kiribati,2017,KIR,120288.0,,0.0,0.0,,,0.0,0.0,0.0,0.0,0.0,0.0
Kiribati,2018,KIR,122097.0,,0.0,0.0,,,0.0,0.0,0.0,0.0,0.0,0.0
Kiribati,2019,KIR,123928.0,,0.01,25.0,,,0.01,25.0,0.0,0.0,0.0,0.0
Kiribati,2020,KIR,126110.0,,0.01,25.0,,,0.01,25.0,0.0,0.0,0.0,0.0
Kiribati,2021,KIR,128387.0,,0.01,25.0,,,0.01,25.0,0.0,0.0,0.0,0.0
Kiribati,2022,KIR,130483.0,,0.01,25.0,,,0.01,25.0,0.0,0.0,0.0,0.0
Kuwait,2000,KWT,1954713.0,71053965539.0,0.0,0.0,0.0,0.0,0.0,0.0,0.0,0.0,0.0,0.0
Kuwait,2001,KWT,2008127.0,75867443155.0,0.0,0.0,0.0,0.0,0.0,0.0,0.0,0.0,0.0,0.0
Kuwait,2002,KWT,2059983.0,83636154969.0,0.0,0.0,0.0,0.0,0.0,0.0,0.0,0.0,0.0,0.0
Kuwait,2003,KWT,2109886.0,104974065782.0,0.0,0.0,0.0,0.0,0.0,0.0,0.0,0.0,0.0,0.0
Kuwait,2004,KWT,2157329.0,123477836787.0,0.0,0.0,0.0,0.0,0.0,0.0,0.0,0.0,0.0,0.0
Kuwait,2005,KWT,2236797.0,142799938874.0,0.0,0.0,0.0,0.0,0.0,0.0,0.0,0.0,0.0,0.0
Kuwait,2006,KWT,2364741.0,159619963672.0,0.0,0.0,0.0,0.0,0.0,0.0,0.0,0.0,0.0,0.0
Kuwait,2007,KWT,2507890.0,174545824817.0,0.0,0.0,0.0,0.0,0.0,0.0,0.0,0.0,0.0,0.0
Kuwait,2008,KWT,2651433.0,183755530386.0,0.0,0.0,0.0,0.0,0.0,0.0,0.0,0.0,0.0,0.0
Kuwait,2009,KWT,2795489.0,175302339443.0,0.0,0.0,0.0,0.0,0.0,0.0,0.0,0.0,0.0,0.0
Kuwait,2010,KWT,2943374.0,176036955078.0,0.0,0.0,0.0,0.0,0.0,0.0,0.0,0.0,0.0,0.0
Kuwait,2011,KWT,3132815.0,201228682118.0,0.0,0.0,0.0,0.0,0.0,0.0,0.0,0.0,0.0,0.0
Kuwait,2012,KWT,3337025.0,214560063974.0,0.0,0.0,0.0,0.0,0.0,0.0,0.0,0.0,0.0,0.0
Kuwait,2013,KWT,3507755.0,217029672079.0,0.01,0.016,0.0,0.0,0.0,0.0,0.01,0.016,0.0,0.0
Kuwait,2014,KWT,3665769.0,218112639263.0,0.01,0.015,0.008,0.002,0.0,0.0,0.01,0.015,0.0,0.0
Kuwait,2015,KWT,3834465.0,219406044434.0,0.01,0.015,0.013,0.003,0.0,0.0,0.01,0.015,0.0,0.0
Kuwait,2016,KWT,4003976.0,225825859800.0,0.02,0.029,0.123,0.026,0.01,0.014,0.01,0.014,0.0,0.0
Kuwait,2017,KWT,4154686.0,215180426540.0,0.04,0.058,0.133,0.028,0.01,0.015,0.03,0.044,0.0,0.0
Kuwait,2018,KWT,4323389.0,220424403170.0,0.09,0.121,0.137,0.028,0.05,0.067,0.04,0.054,0.0,0.0
Kuwait,2019,KWT,4442201.0,219207651814.0,0.1,0.133,0.154,0.035,0.06,0.08,0.04,0.053,0.0,0.0
Kuwait,2020,KWT,4400146.0,199796812404.0,0.09,0.121,0.157,0.037,0.06,0.08,0.03,0.04,0.0,0.0
Kuwait,2021,KWT,4360748.0,202410138854.0,0.21,0.26,0.522,0.111,0.14,0.173,0.07,0.087,0.0,0.0
Kuwait,2022,KWT,4589514.0,218961227193.0,1.9,2.228,0.435,0.093,0.18,0.211,1.72,2.017,0.0,0.0
Kuwait,2023,KWT,4838781.0,,1.91,2.232,0.418,0.084,0.19,0.222,1.72,2.01,0.0,0.0
Kuwait,2024,KWT,4934508.0,,1.91,2.179,0.397,0.076,0.19,0.217,1.72,1.962,0.0,0.0
Kyrgyzstan,2000,KGZ,5025150.0,15667564559.0,13.55,85.489,,,0.0,0.0,0.0,0.0,13.55,85.489
Kyrgyzstan,2001,KGZ,5071960.0,16336535537.0,12.31,83.12,,,0.0,0.0,0.0,0.0,12.31,83.12
Kyrgyzstan,2002,KGZ,5116252.0,16170495966.0,10.68,82.28,,,0.0,0.0,0.0,0.0,10.68,82.28
Kyrgyzstan,2003,KGZ,5159422.0,17135753196.0,13.38,86.658,,,0.0,0.0,0.0,0.0,13.38,86.658
Kyrgyzstan,2004,KGZ,5203048.0,18155686902.0,13.95,86.324,,,0.0,0.0,0.0,0.0,13.95,86.324
Kyrgyzstan,2005,KGZ,5246337.0,17942169018.0,12.66,85.483,,,0.0,0.0,0.0,0.0,12.66,85.483
Kyrgyzstan,2006,KGZ,5282451.0,18316466710.0,12.35,84.88,,,0.0,0.0,0.0,0.0,12.35,84.88
Kyrgyzstan,2007,KGZ,5313376.0,19684074796.0,12.61,85.782,,,0.0,0.0,0.0,0.0,12.61,85.782
Kyrgyzstan,2008,KGZ,5342530.0,20960394949.0,10.02,85.714,,,0.0,0.0,0.0,0.0,10.02,85.714
Kyrgyzstan,2009,KGZ,5398013.0,21348199451.0,10.11,92.076,,,0.0,0.0,0.0,0.0,10.11,92.076
Kyrgyzstan,2010,KGZ,5491763.0,21037148123.0,11.0,91.743,,,0.0,0.0,0.0,0.0,11.0,91.743
Kyrgyzstan,2011,KGZ,5594537.0,22069322288.0,14.0,93.271,,,0.0,0.0,0.0,0.0,14.0,93.271
Kyrgyzstan,2012,KGZ,5696521.0,22049906072.0,14.04,93.413,,,0.0,0.0,0.0,0.0,14.04,93.413
Kyrgyzstan,2013,KGZ,5797294.0,24456653043.0,13.0,93.391,,,0.0,0.0,0.0,0.0,13.0,93.391
Kyrgyzstan,2014,KGZ,5898322.0,25440781974.0,13.16,91.199,,,0.0,0.0,0.0,0.0,13.16,91.199
Kyrgyzstan,2015,KGZ,6001876.0,26426866370.0,10.99,85.062,,,0.0,0.0,0.0,0.0,10.99,85.062
Kyrgyzstan,2016,KGZ,6108460.0,27572739134.0,11.38,86.54,,,0.0,0.0,0.0,0.0,11.38,86.54
Kyrgyzstan,2017,KGZ,6220148.0,28879683468.0,14.06,91.477,,,0.0,0.0,0.0,0.0,14.06,91.477
Kyrgyzstan,2018,KGZ,6341733.0,29878637891.0,14.17,91.834,,,0.0,0.0,0.0,0.0,14.17,91.834
Kyrgyzstan,2019,KGZ,6494036.0,31253353975.0,13.71,91.583,,,0.0,0.0,0.0,0.0,13.71,91.583
Kyrgyzstan,2020,KGZ,6664143.0,28560253227.0,13.98,90.779,,,0.0,0.0,0.0,0.0,13.98,90.779
Kyrgyzstan,2021,KGZ,6820483.0,29628978769.0,12.96,85.601,,,0.0,0.0,0.0,0.0,12.96,85.601
Kyrgyzstan,2022,KGZ,6955792.0,31703003147.0,11.9,86.107,,,0.0,0.0,0.0,0.0,11.9,86.107
Kyrgyzstan,2023,KGZ,7073523.0,,11.76,85.652,,,0.0,0.0,0.0,0.0,11.76,85.652
Kyrgyzstan,2024,KGZ,7186014.0,,13.4,82.563,,,0.0,0.0,0.0,0.0,13.4,82.563
Laos,2000,LAO,5431213.0,12209285510.0,3.28,89.863,,,0.0,0.0,0.0,0.0,3.28,89.863
Laos,2001,LAO,5521481.0,13005702889.0,3.3,89.918,,,0.0,0.0,0.0,0.0,3.3,89.918
Laos,2002,LAO,5610888.0,13872426080.0,3.21,89.916,,,0.0,0.0,0.0,0.0,3.21,89.916
Laos,2003,LAO,5697944.0,14843718409.0,2.83,89.841,,,0.0,0.0,0.0,0.0,2.83,89.841
Laos,2004,LAO,5781627.0,16000772290.0,3.0,100.0,,,0.0,0.0,0.0,0.0,3.0,100.0
Laos,2005,LAO,5869531.0,17208611490.0,3.51,100.0,,,0.0,0.0,0.0,0.0,3.51,100.0
Laos,2006,LAO,5963199.0,17176979638.0,3.6,100.0,,,0.0,0.0,0.0,0.0,3.6,100.0
Laos,2007,LAO,6056237.0,20454811822.0,3.37,100.0,,,0.0,0.0,0.0,0.0,3.37,100.0
Laos,2008,LAO,6148974.0,22210959976.0,3.72,100.0,,,0.0,0.0,0.0,0.0,3.72,100.0
Laos,2009,LAO,6241649.0,24050843271.0,3.37,100.0,,,0.0,0.0,0.0,0.0,3.37,100.0
Laos,2010,LAO,6334198.0,26198017296.0,8.36,100.0,,,0.0,0.0,0.0,0.0,8.36,100.0
Laos,2011,LAO,6426592.0,28505277000.0,12.84,100.0,,,0.0,0.0,0.0,0.0,12.84,100.0
Laos,2012,LAO,6518981.0,30756620000.0,12.93,100.0,,,0.0,0.0,0.0,0.0,12.93,100.0
Laos,2013,LAO,6611385.0,33213895000.0,15.36,100.0,,,0.0,0.0,0.0,0.0,15.35,99.935
Laos,2014,LAO,6703170.0,35727804000.0,15.12,100.0,,,0.0,0.0,0.0,0.0,15.12,100.0
Laos,2015,LAO,6801647.0,38423808000.0,13.9,86.015,,,0.0,0.0,0.0,0.0,13.9,86.015
Laos,2016,LAO,6908800.0,41128975200.0,17.53,68.772,,,0.0,0.0,0.0,0.0,17.53,68.772
Laos,2017,LAO,7018150.0,43958737408.0,20.14,64.821,,,0.01,0.032,0.0,0.0,20.1,64.693
Laos,2018,LAO,7128043.0,46694965948.0,22.4,65.078,,,0.02,0.058,0.0,0.0,22.33,64.875
Laos,2019,LAO,7237635.0,49243304815.0,19.83,63.476,,,0.04,0.128,0.0,0.0,19.74,63.188
Laos,2020,LAO,7346534.0,50856670244.0,28.61,71.597,,,0.04,0.1,0.0,0.0,28.51,71.346
Laos,2021,LAO,7453192.0,52626361275.0,33.02,73.541,,,0.07,0.156,0.0,0.0,32.9,73.274
Laos,2022,LAO,7559008.0,54953902901.0,38.86,76.136,,,0.08,0.157,0.0,0.0,38.74,75.901
Laos,2023,LAO,7665001.0,,40.12,76.711,,,0.08,0.153,0.0,0.0,40.0,76.482
Latvia,2000,LVA,2368320.0,26727290777.0,2.82,68.116,7.844,20.891,0.0,0.0,0.0,0.0,2.82,68.116
Latvia,2001,LVA,2338299.0,28242589693.0,2.83,66.276,7.844,19.382,0.0,0.0,0.0,0.0,2.83,66.276
Latvia,2002,LVA,2311358.0,30014856985.0,2.48,62.469,6.812,16.668,0.0,0.0,0.01,0.252,2.46,61.965
Latvia,2003,LVA,2288983.0,32298352002.0,2.34,58.942,6.38,15.783,0.0,0.0,0.05,1.259,2.27,57.179
Latvia,2004,LVA,2264179.0,34720425840.0,3.2,68.23,8.677,19.121,0.0,0.0,0.05,1.066,3.11,66.311
Latvia,2005,LVA,2239787.0,38143684659.0,3.42,69.512,9.229,19.73,0.0,0.0,0.05,1.016,3.33,67.683
Latvia,2006,LVA,2219039.0,42361248688.0,2.79,57.055,7.507,16.884,0.0,0.0,0.05,1.022,2.7,55.215
Latvia,2007,LVA,2200774.0,46228816935.0,2.82,59.244,7.561,16.497,0.0,0.0,0.05,1.05,2.73,57.353
Latvia,2008,LVA,2177710.0,44217430207.0,3.21,60.911,8.517,18.494,0.0,0.0,0.06,1.139,3.11,59.013
Latvia,2009,LVA,2142044.0,37590730012.0,3.56,63.914,9.4,21.616,0.0,0.0,0.05,0.898,3.46,62.118
Latvia,2010,LVA,2097834.0,35881177042.0,3.64,54.902,9.813,19.887,0.0,0.0,0.05,0.754,3.52,53.092
Latvia,2011,LVA,2059940.0,37869724459.0,3.08,50.575,8.323,18.86,0.0,0.0,0.07,1.149,2.89,47.455
Latvia,2012,LVA,2034639.0,40536567235.0,4.11,66.613,10.964,24.023,0.0,0.0,0.11,1.783,3.71,60.13
Latvia,2013,LVA,2013004.0,41350512828.0,3.53,56.935,9.57,21.731,0.0,0.0,0.12,1.935,2.91,46.935
Latvia,2014,LVA,1994153.0,42137028688.0,2.8,54.475,7.702,18.958,0.0,0.0,0.14,2.724,1.99,38.716
Latvia,2015,LVA,1977874.0,43774190659.0,2.78,50.181,7.79,18.663,0.0,0.0,0.15,2.708,1.86,33.574
Latvia,2016,LVA,1959863.0,44810998817.0,3.48,54.206,9.402,21.134,0.0,0.0,0.13,2.025,2.53,39.408
Latvia,2017,LVA,1942599.0,46295495418.0,5.46,72.51,14.362,29.607,0.0,0.0,0.15,1.992,4.38,58.167
Latvia,2018,LVA,1927586.0,48143398790.0,3.49,51.935,9.745,22.387,0.0,0.0,0.12,1.786,2.43,36.161
Latvia,2019,LVA,1914267.0,49380620266.0,3.19,49.534,8.92,19.894,0.0,0.0,0.15,2.329,2.11,32.764
Latvia,2020,LVA,1901119.0,48292861660.0,3.64,63.636,10.138,24.894,0.0,0.0,0.18,3.147,2.6,45.455
Latvia,2021,LVA,1885593.0,50255494980.0,3.72,63.59,10.29,24.165,0.01,0.171,0.14,2.393,2.71,46.325
Latvia,2022,LVA,1881059.0,51248480035.0,3.82,75.944,10.127,26.646,0.08,1.59,0.19,3.777,2.75,54.672
Latvia,2023,LVA,1882399.0,,4.95,77.708,12.722,31.776,0.24,3.768,0.26,4.082,3.79,59.498
Latvia,2024,LVA,1871874.0,,4.64,73.418,11.326,29.669,0.54,8.544,0.27,4.272,3.21,50.791
Latvia,2025,LVA,1853560.0,,4.57,73.003,,,0.82,13.099,0.21,3.355,2.93,46.805
Lebanon,2000,LBN,4329345.0,25915975238.0,0.44,4.422,,,0.0,0.0,0.0,0.0,0.44,4.422
Lebanon,2001,LBN,4401923.0,27854825604.0,0.33,3.317,,,0.0,0.0,0.0,0.0,0.33,3.317
Lebanon,2002,LBN,4463505.0,29771684188.0,0.67,5.801,,,0.0,0.0,0.0,0.0,0.67,5.801
Lebanon,2003,LBN,4525513.0,31778515559.0,1.35,10.441,,,0.0,0.0,0.0,0.0,1.35,10.441
Lebanon,2004,LBN,4599285.0,35314011356.0,1.11,9.703,,,0.0,0.0,0.0,0.0,1.11,9.703
Lebanon,2005,LBN,4671105.0,37512383718.0,1.04,8.866,,,0.0,0.0,0.0,0.0,1.04,8.866
Lebanon,2006,LBN,4751146.0,39442140692.0,0.69,6.09,,,0.0,0.0,0.0,0.0,0.69,6.09
Lebanon,2007,LBN,4844119.0,44589675655.0,0.58,5.487,,,0.0,0.0,0.0,0.0,0.58,5.487
Lebanon,2008,LBN,4925359.0,50361558474.0,0.37,2.972,,,0.0,0.0,0.0,0.0,0.37,2.972
Lebanon,2009,LBN,4992295.0,57304677732.0,0.62,4.777,,,0.0,0.0,0.0,0.0,0.62,4.777
Lebanon,2010,LBN,5041290.0,64006241939.0,0.83,5.283,,,0.0,0.0,0.0,0.0,0.83,5.283
Lebanon,2011,LBN,5096018.0,66782067583.0,0.8,4.908,,,0.0,0.0,0.0,0.0,0.8,4.908
Lebanon,2012,LBN,5235742.0,68494363923.0,1.0,6.075,,,0.0,0.0,0.0,0.0,1.0,6.075
Lebanon,2013,LBN,5743441.0,71116324024.0,1.26,6.702,,,0.0,0.0,0.0,0.0,1.26,6.702
Lebanon,2014,LBN,6346993.0,72883563855.0,0.21,1.169,,,0.01,0.056,0.01,0.056,0.19,1.057
Lebanon,2015,LBN,6472470.0,73219558993.0,0.5,2.682,,,0.02,0.107,0.01,0.054,0.47,2.521
Lebanon,2016,LBN,6323061.0,74358860056.0,0.43,2.215,,,0.04,0.206,0.01,0.052,0.38,1.958
Lebanon,2017,LBN,6160129.0,75030320802.0,0.48,2.259,,,0.06,0.282,0.01,0.047,0.41,1.929
Lebanon,2018,LBN,5984120.0,73615988520.0,0.47,2.209,,,0.09,0.423,0.01,0.047,0.34,1.598
Lebanon,2019,LBN,5794601.0,68525451094.0,1.12,5.188,,,0.12,0.556,0.01,0.046,0.96,4.447
Lebanon,2020,LBN,5702400.0,50772560784.0,1.23,6.74,,,0.14,0.767,0.01,0.055,1.05,5.753
Lebanon,2021,LBN,5718129.0,50772615264.0,0.96,9.284,,,0.31,2.998,0.01,0.097,0.61,5.899
Lebanon,2022,LBN,5744492.0,48741710654.0,1.99,45.538,,,1.26,28.833,0.01,0.229,0.69,15.789
Lebanon,2023,LBN,5773494.0,,2.14,47.345,,,1.4,30.973,0.01,0.221,0.7,15.487
Lesotho,2000,LSO,2003919.0,3769602063.0,0.29,100.0,,,0.0,0.0,0.0,0.0,0.29,100.0
Lesotho,2001,LSO,2000859.0,3838921434.0,0.28,100.0,,,0.0,0.0,0.0,0.0,0.28,100.0
Lesotho,2002,LSO,1994686.0,3773087839.0,0.31,100.0,,,0.0,0.0,0.0,0.0,0.31,100.0
Lesotho,2003,LSO,1985060.0,3857951274.0,0.32,100.0,,,0.0,0.0,0.0,0.0,0.32,100.0
Lesotho,2004,LSO,1971130.0,3857815847.0,0.3,100.0,,,0.0,0.0,0.0,0.0,0.3,100.0
Lesotho,2005,LSO,1953080.0,3870538474.0,0.46,100.0,,,0.0,0.0,0.0,0.0,0.46,100.0
Lesotho,2006,LSO,1945066.0,3946096482.0,0.52,100.0,,,0.0,0.0,0.0,0.0,0.52,100.0
Lesotho,2007,LSO,1953273.0,4038812448.0,0.55,100.0,,,0.0,0.0,0.0,0.0,0.55,100.0
Lesotho,2008,LSO,1966547.0,4170596962.0,0.58,100.0,,,0.0,0.0,0.0,0.0,0.58,100.0
Lesotho,2009,LSO,1980884.0,4214040389.0,0.65,100.0,,,0.0,0.0,0.0,0.0,0.65,100.0
Lesotho,2010,LSO,1996256.0,4442653593.0,0.69,100.0,,,0.0,0.0,0.0,0.0,0.69,100.0
Lesotho,2011,LSO,2014015.0,4516050000.0,0.49,100.0,,,0.0,0.0,0.0,0.0,0.49,100.0
Lesotho,2012,LSO,2034363.0,4740080000.0,0.49,100.0,,,0.0,0.0,0.0,0.0,0.49,100.0
Lesotho,2013,LSO,2056509.0,4954224000.0,0.51,100.0,,,0.0,0.0,0.0,0.0,0.51,100.0
Lesotho,2014,LSO,2080091.0,5134648000.0,0.52,100.0,,,0.0,0.0,0.0,0.0,0.52,100.0
Lesotho,2015,LSO,2104614.0,5279080000.0,0.53,100.0,,,0.0,0.0,0.0,0.0,0.53,100.0
Lesotho,2016,LSO,2130424.0,5418793037.0,0.52,100.0,,,0.0,0.0,0.0,0.0,0.52,100.0
Lesotho,2017,LSO,2157117.0,5197453242.0,0.54,100.0,,,0.0,0.0,0.0,0.0,0.54,100.0
Lesotho,2018,LSO,2183611.0,5068079163.0,0.52,100.0,,,0.0,0.0,0.0,0.0,0.52,100.0
Lesotho,2019,LSO,2209414.0,4996214053.0,0.39,100.0,,,0.0,0.0,0.0,0.0,0.39,100.0
Lesotho,2020,LSO,2235727.0,4623560803.0,0.43,100.0,,,0.0,0.0,0.0,0.0,0.43,100.0
Lesotho,2021,LSO,2261549.0,4709220668.0,0.53,100.0,,,0.0,0.0,0.0,0.0,0.53,100.0
Lesotho,2022,LSO,2286112.0,4761723180.0,0.48,100.0,,,0.0,0.0,0.0,0.0,0.48,100.0
Liberia,2000,LBR,2928117.0,2767093377.0,0.0,0.0,,,0.0,0.0,0.0,0.0,0.0,0.0
Liberia,2001,LBR,3015343.0,3200677181.0,0.0,0.0,,,0.0,0.0,0.0,0.0,0.0,0.0
Liberia,2002,LBR,3094793.0,3998735673.0,0.0,0.0,,,0.0,0.0,0.0,0.0,0.0,0.0
Liberia,2003,LBR,3119534.0,2541250362.0,0.0,0.0,,,0.0,0.0,0.0,0.0,0.0,0.0
Liberia,2004,LBR,3156893.0,2286431759.0,0.0,0.0,,,0.0,0.0,0.0,0.0,0.0,0.0
Liberia,2005,LBR,3301016.0,2369891568.0,0.0,0.0,,,0.0,0.0,0.0,0.0,0.0,0.0
Liberia,2006,LBR,3490792.0,2547129019.0,0.0,0.0,,,0.0,0.0,0.0,0.0,0.0,0.0
Liberia,2007,LBR,3669050.0,2664910191.0,0.0,0.0,,,0.0,0.0,0.0,0.0,0.0,0.0
Liberia,2008,LBR,3821006.0,2922602346.0,0.0,0.0,,,0.0,0.0,0.0,0.0,0.0,0.0
Liberia,2009,LBR,3943035.0,3108980113.0,0.0,0.0,,,0.0,0.0,0.0,0.0,0.0,0.0
Liberia,2010,LBR,4058897.0,3260614939.0,0.0,0.0,,,0.0,0.0,0.0,0.0,0.0,0.0
Liberia,2011,LBR,4221177.0,3266880000.0,0.0,0.0,,,0.0,0.0,0.0,0.0,0.0,0.0
Liberia,2012,LBR,4373046.0,3532273000.0,0.0,0.0,,,0.0,0.0,0.0,0.0,0.0,0.0
Liberia,2013,LBR,4470246.0,3819600000.0,0.0,0.0,,,0.0,0.0,0.0,0.0,0.0,0.0
Liberia,2014,LBR,4564299.0,3843632000.0,0.0,0.0,,,0.0,0.0,0.0,0.0,0.0,0.0
Liberia,2015,LBR,4659436.0,3857900000.0,0.0,0.0,,,0.0,0.0,0.0,0.0,0.0,0.0
Liberia,2016,LBR,4755607.0,3859976097.0,0.0,0.0,,,0.0,0.0,0.0,0.0,0.0,0.0
Liberia,2017,LBR,4848927.0,3977674130.0,0.0,0.0,,,0.0,0.0,0.0,0.0,0.0,0.0
Liberia,2018,LBR,4944728.0,4051631897.0,0.13,31.707,,,0.0,0.0,0.0,0.0,0.13,31.707
Liberia,2019,LBR,5043719.0,3959325948.0,0.13,30.952,,,0.0,0.0,0.0,0.0,0.13,30.952
Liberia,2020,LBR,5149470.0,3845664451.0,0.13,28.889,,,0.0,0.0,0.0,0.0,0.13,28.889
Liberia,2021,LBR,5259327.0,4037436536.0,0.13,34.211,,,0.0,0.0,0.0,0.0,0.13,34.211
Liberia,2022,LBR,5373297.0,4231561135.0,0.13,33.333,,,0.0,0.0,0.0,0.0,0.13,33.333
Liberia,2023,LBR,5493035.0,,0.13,33.333,,,0.0,0.0,0.0,0.0,0.13,33.333
Libya,2000,LBY,5305020.0,49983450587.0,0.0,0.0,,,0.0,0.0,0.0,0.0,0.0,0.0
Libya,2001,LBY,5403639.0,54225701449.0,0.0,0.0,,,0.0,0.0,0.0,0.0,0.0,0.0
Libya,2002,LBY,5508412.0,57785797189.0,0.0,0.0,,,0.0,0.0,0.0,0.0,0.0,0.0
Libya,2003,LBY,5619405.0,70475273789.0,0.0,0.0,,,0.0,0.0,0.0,0.0,0.0,0.0
Libya,2004,LBY,5736696.0,79415538130.0,0.0,0.0,,,0.0,0.0,0.0,0.0,0.0,0.0
Libya,2005,LBY,5858793.0,94523140632.0,0.0,0.0,,,0.0,0.0,0.0,0.0,0.0,0.0
Libya,2006,LBY,5980212.0,108872914713.0,0.0,0.0,,,0.0,0.0,0.0,0.0,0.0,0.0
Libya,2007,LBY,6104381.0,123716329182.0,0.0,0.0,,,0.0,0.0,0.0,0.0,0.0,0.0
Libya,2008,LBY,6235433.0,153726726038.0,0.0,0.0,,,0.0,0.0,0.0,0.0,0.0,0.0
Libya,2009,LBY,6366689.0,165559661154.0,0.0,0.0,,,0.0,0.0,0.0,0.0,0.0,0.0
Libya,2010,LBY,6497837.0,187528533215.0,0.01,0.031,,,0.01,0.031,0.0,0.0,0.0,0.0
Libya,2011,LBY,6343210.0,79210078190.0,0.01,0.038,,,0.01,0.038,0.0,0.0,0.0,0.0
Libya,2012,LBY,6179327.0,147985814988.0,0.01,0.029,,,0.01,0.029,0.0,0.0,0.0,0.0
Libya,2013,LBY,6304636.0,121351322417.0,0.01,0.026,,,0.01,0.026,0.0,0.0,0.0,0.0
Libya,2014,LBY,6427260.0,93388346336.0,0.01,0.027,,,0.01,0.027,0.0,0.0,0.0,0.0
Libya,2015,LBY,6531825.0,92601079752.0,0.01,0.027,,,0.01,0.027,0.0,0.0,0.0,0.0
Libya,2016,LBY,6632130.0,91220396354.0,0.01,0.032,,,0.01,0.032,0.0,0.0,0.0,0.0
Libya,2017,LBY,6738771.0,120859728232.0,0.01,0.03,,,0.01,0.03,0.0,0.0,0.0,0.0
Libya,2018,LBY,6849058.0,130457185445.0,0.01,0.029,,,0.01,0.029,0.0,0.0,0.0,0.0
Libya,2019,LBY,6951040.0,115851209708.0,0.01,0.029,,,0.01,0.029,0.0,0.0,0.0,0.0
Libya,2020,LBY,7045403.0,81726075633.0,0.01,0.034,,,0.01,0.034,0.0,0.0,0.0,0.0
Libya,2021,LBY,7135179.0,104883157614.0,0.01,0.029,,,0.01,0.029,0.0,0.0,0.0,0.0
Libya,2022,LBY,7223804.0,91444480945.0,0.01,0.028,,,0.01,0.028,0.0,0.0,0.0,0.0
Libya,2023,LBY,7305659.0,,0.01,0.028,,,0.01,0.028,0.0,0.0,0.0,0.0
Lithuania,2000,LTU,3500410.0,36684799266.0,0.34,3.055,0.942,1.209,0.0,0.0,,,0.34,3.055
Lithuania,2001,LTU,3473008.0,39077069410.0,0.33,2.298,0.905,1.01,0.0,0.0,,,0.33,2.298
Lithuania,2002,LTU,3444051.0,41716677051.0,0.35,2.024,0.98,1.01,0.0,0.0,,,0.35,2.024
Lithuania,2003,LTU,3415276.0,46106059871.0,0.33,1.753,0.908,0.896,0.0,0.0,,,0.32,1.7
Lithuania,2004,LTU,3376703.0,49123583277.0,0.43,2.293,1.172,1.144,0.0,0.0,0.0,0.0,0.42,2.24
Lithuania,2005,LTU,3322264.0,52913078254.0,0.46,3.19,1.277,1.363,0.0,0.0,0.0,0.0,0.45,3.121
Lithuania,2006,LTU,3269809.0,56827410871.0,0.43,3.563,1.401,1.571,0.0,0.0,0.01,0.083,0.4,3.314
Lithuania,2007,LTU,3231378.0,63122228308.0,0.58,4.309,2.187,2.221,0.0,0.0,0.11,0.817,0.42,3.12
Lithuania,2008,LTU,3198482.0,64776249050.0,0.6,4.501,2.335,2.403,0.0,0.0,0.13,0.975,0.4,3.001
Lithuania,2009,LTU,3163255.0,55174536683.0,0.68,4.645,2.445,2.737,0.0,0.0,0.16,1.093,0.42,2.869
Lithuania,2010,LTU,3097721.0,56073777524.0,0.91,18.2,2.969,4.494,0.0,0.0,0.22,4.4,0.54,10.8
Lithuania,2011,LTU,3028642.0,59460372771.0,1.11,26.118,3.487,5.089,0.0,0.0,0.47,11.059,0.48,11.294
Lithuania,2012,LTU,2988334.0,61745948022.0,1.18,26.222,3.871,5.654,0.0,0.0,0.54,12.0,0.42,9.333
Lithuania,2013,LTU,2958359.0,63937849304.0,1.53,36.516,4.775,7.556,0.05,1.193,0.6,14.32,0.52,12.411
Lithuania,2014,LTU,2933171.0,66199372603.0,1.51,40.921,4.81,7.885,0.07,1.897,0.64,17.344,0.4,10.84
Lithuania,2015,LTU,2905771.0,67539660018.0,1.68,39.716,5.307,8.308,0.07,1.655,0.81,19.149,0.35,8.274
Lithuania,2016,LTU,2869109.0,69240911932.0,2.1,57.851,6.195,9.468,0.07,1.928,1.14,31.405,0.45,12.397
Lithuania,2017,LTU,2829317.0,72206131673.0,2.53,71.067,7.492,10.892,0.07,1.966,1.36,38.202,0.6,16.854
Lithuania,2018,LTU,2802485.0,75089601435.0,2.2,75.342,6.737,9.533,0.09,3.082,1.14,39.041,0.43,14.726
Lithuania,2019,LTU,2795057.0,78562641002.0,2.47,73.952,7.331,10.436,0.09,2.695,1.5,44.91,0.35,10.479
Lithuania,2020,LTU,2795766.0,78545278418.0,2.57,54.681,7.943,11.356,0.13,2.766,1.55,32.979,0.3,6.383
Lithuania,2021,LTU,2794490.0,83242845981.0,2.62,60.93,8.384,12.011,0.19,4.419,1.36,31.628,0.38,8.837
Lithuania,2022,LTU,2816923.0,84814257826.0,3.02,74.752,9.301,14.382,0.34,8.416,1.51,37.376,0.46,11.386
Lithuania,2023,LTU,2854104.0,,4.35,83.493,12.717,18.719,0.69,13.244,2.45,47.025,0.45,8.637
Lithuania,2024,LTU,2859112.0,,6.14,84.11,16.98,23.414,1.4,19.178,3.32,45.479,0.44,6.027
Lithuania,2025,LTU,2830150.0,,6.81,77.386,,,1.67,18.977,3.9,44.318,0.35,3.977
Luxembourg,2000,LUX,436142.0,21937467256.0,0.16,40.0,0.482,1.296,0.0,0.0,0.02,5.0,0.12,30.0
Luxembourg,2001,LUX,441754.0,22387796714.0,0.17,19.54,0.473,1.186,0.0,0.0,0.02,2.299,0.12,13.793
Luxembourg,2002,LUX,446392.0,23160273686.0,0.15,5.357,0.425,0.975,0.0,0.0,0.02,0.714,0.1,3.571
Luxembourg,2003,LUX,451845.0,23454191347.0,0.14,5.018,0.398,0.872,0.0,0.0,0.03,1.075,0.08,2.867
Luxembourg,2004,LUX,458305.0,24195538088.0,0.19,5.638,0.547,1.057,0.01,0.297,0.04,1.187,0.1,2.967
Luxembourg,2005,LUX,465369.0,24872864640.0,0.21,6.269,0.582,1.108,0.02,0.597,0.05,1.493,0.09,2.687
Luxembourg,2006,LUX,472869.0,26045643731.0,0.25,7.062,0.682,1.321,0.02,0.565,0.06,1.695,0.11,3.107
Luxembourg,2007,LUX,480277.0,28135947926.0,0.26,8.15,1.244,2.484,0.02,0.627,0.06,1.881,0.12,3.762
Luxembourg,2008,LUX,488995.0,27660465282.0,0.28,10.294,1.285,2.585,0.02,0.735,0.06,2.206,0.13,4.779
Luxembourg,2009,LUX,498196.0,26344603078.0,0.27,8.571,1.215,2.554,0.02,0.635,0.06,1.905,0.11,3.492
Luxembourg,2010,LUX,507418.0,27526699944.0,0.27,8.333,1.216,2.428,0.02,0.617,0.06,1.852,0.11,3.395
Luxembourg,2011,LUX,518583.0,28143126706.0,0.24,9.091,1.215,2.491,0.03,1.136,0.06,2.273,0.06,2.273
Luxembourg,2012,LUX,530951.0,28607408843.0,0.31,11.232,1.39,2.902,0.04,1.449,0.08,2.899,0.1,3.623
Luxembourg,2013,LUX,543358.0,29514812514.0,0.36,19.565,1.621,3.551,0.07,3.804,0.08,4.348,0.12,6.522
Luxembourg,2014,LUX,556285.0,30289014849.0,0.4,20.942,1.876,4.242,0.09,4.712,0.08,4.188,0.11,5.759
Luxembourg,2015,LUX,569540.0,30976491415.0,0.43,32.09,2.107,4.903,0.1,7.463,0.1,7.463,0.1,7.463
Luxembourg,2016,LUX,583511.0,32518554202.0,0.46,58.228,2.246,5.297,0.1,12.658,0.1,12.658,0.12,15.19
Luxembourg,2017,LUX,596506.0,32946911821.0,0.6,66.667,2.889,6.526,0.11,12.222,0.23,25.556,0.09,10.0
Luxembourg,2018,LUX,608109.0,33348602359.0,0.68,70.833,3.227,6.964,0.12,12.5,0.25,26.042,0.09,9.375
Luxembourg,2019,LUX,620167.0,34122291521.0,0.8,74.766,3.642,7.718,0.13,12.15,0.28,26.168,0.11,10.28
Luxembourg,2020,LUX,630597.0,33850190319.0,0.97,79.508,4.287,10.605,0.16,13.115,0.35,28.689,0.09,7.377
Luxembourg,2021,LUX,640276.0,35577396523.0,0.99,80.488,4.278,9.928,0.18,14.634,0.31,25.203,0.11,8.943
Luxembourg,2022,LUX,653315.0,36128358732.0,1.04,85.95,4.27,11.035,0.28,23.14,0.31,25.62,0.06,4.959
Luxembourg,2023,LUX,665101.0,,1.25,89.286,4.719,12.572,0.29,20.714,0.49,35.0,0.09,6.429
Luxembourg,2024,LUX,673042.0,,1.36,90.667,5.647,14.278,0.36,24.0,0.45,30.0,0.11,7.333
Luxembourg,2025,LUX,680454.0,,1.4,91.503,,,0.47,30.719,0.46,30.065,0.05,3.268
Macao,2000,MAC,437316.0,,0.0,0.0,,,0.0,0.0,0.0,0.0,0.0,0.0
Macao,2001,MAC,445121.0,,0.06,3.822,,,0.0,0.0,0.0,0.0,0.0,0.0
Macao,2002,MAC,456026.0,,0.07,4.118,,,0.0,0.0,0.0,0.0,0.0,0.0
Macao,2003,MAC,469062.0,,0.15,8.333,,,0.0,0.0,0.0,0.0,0.0,0.0
Macao,2004,MAC,482209.0,,0.15,7.614,,,0.0,0.0,0.0,0.0,0.0,0.0
Macao,2005,MAC,495416.0,,0.16,7.882,,,0.0,0.0,0.0,0.0,0.0,0.0
Macao,2006,MAC,508752.0,,0.17,10.18,,,0.0,0.0,0.0,0.0,0.0,0.0
Macao,2007,MAC,522281.0,,0.17,11.184,,,0.0,0.0,0.0,0.0,0.0,0.0
Macao,2008,MAC,535935.0,,0.18,14.876,,,0.0,0.0,0.0,0.0,0.0,0.0
Macao,2009,MAC,549492.0,,0.18,12.329,,,0.0,0.0,0.0,0.0,0.0,0.0
Macao,2010,MAC,562809.0,,0.2,18.519,,,0.0,0.0,0.0,0.0,0.0,0.0
Macao,2011,MAC,575644.0,,0.21,23.596,,,0.0,0.0,0.0,0.0,0.0,0.0
Macao,2012,MAC,587450.0,,0.23,41.071,,,0.0,0.0,0.0,0.0,0.0,0.0
Macao,2013,MAC,598752.0,,0.24,58.537,,,0.0,0.0,0.0,0.0,0.0,0.0
Macao,2014,MAC,610308.0,,0.26,40.625,,,0.0,0.0,0.0,0.0,0.0,0.0
Macao,2015,MAC,622185.0,,0.2,21.053,,,0.0,0.0,0.0,0.0,0.0,0.0
Macao,2016,MAC,634317.0,,0.2,20.202,,,0.0,0.0,0.0,0.0,0.0,0.0
Macao,2017,MAC,646558.0,,0.21,14.286,,,0.0,0.0,0.0,0.0,0.0,0.0
Macao,2018,MAC,658777.0,,0.18,27.692,,,0.0,0.0,0.0,0.0,0.0,0.0
Macao,2019,MAC,670982.0,,0.22,26.19,,,0.0,0.0,0.0,0.0,0.0,0.0
Macao,2020,MAC,683069.0,,0.19,33.929,,,0.0,0.0,0.0,0.0,0.0,0.0
Macao,2021,MAC,694404.0,,0.21,42.0,,,0.0,0.0,0.0,0.0,0.0,0.0
Macao,2022,MAC,704360.0,,0.2,40.816,,,0.0,0.0,0.0,0.0,0.0,0.0
Madagascar,2000,MDG,16516336.0,19457200304.0,0.55,63.953,,,0.0,0.0,0.0,0.0,0.54,62.791
Madagascar,2001,MDG,17032933.0,20850416898.0,0.54,61.364,,,0.0,0.0,0.0,0.0,0.53,60.227
Madagascar,2002,MDG,17549915.0,18473840634.0,0.55,63.953,,,0.0,0.0,0.0,0.0,0.54,62.791
Madagascar,2003,MDG,18071860.0,20509701124.0,0.61,63.542,,,0.0,0.0,0.0,0.0,0.6,62.5
Madagascar,2004,MDG,18606606.0,21834931987.0,0.64,60.952,,,0.0,0.0,0.0,0.0,0.63,60.0
Madagascar,2005,MDG,19159711.0,23129761607.0,0.65,61.321,,,0.0,0.0,0.0,0.0,0.64,60.377
Madagascar,2006,MDG,19730916.0,24652234312.0,0.64,59.813,,,0.0,0.0,0.0,0.0,0.63,58.879
Madagascar,2007,MDG,20318590.0,26539188296.0,0.72,64.286,,,0.0,0.0,0.0,0.0,0.71,63.393
Madagascar,2008,MDG,20923842.0,28762450059.0,0.7,59.322,,,0.0,0.0,0.0,0.0,0.69,58.475
Madagascar,2009,MDG,21547277.0,27725052410.0,0.74,62.185,,,0.0,0.0,0.0,0.0,0.73,61.345
Madagascar,2010,MDG,22183343.0,28122419419.0,0.71,54.615,,,0.0,0.0,0.0,0.0,0.7,53.846
Madagascar,2011,MDG,22822305.0,28843634595.0,0.7,47.619,,,0.0,0.0,0.0,0.0,0.68,46.259
Madagascar,2012,MDG,23462444.0,29712119552.0,0.77,49.359,,,0.0,0.0,0.0,0.0,0.75,48.077
Madagascar,2013,MDG,24109290.0,30395500923.0,0.83,50.303,,,0.01,0.606,0.0,0.0,0.8,48.485
Madagascar,2014,MDG,24764356.0,31410405446.0,0.91,52.907,,,0.01,0.581,0.0,0.0,0.88,51.163
Madagascar,2015,MDG,25426703.0,32394175176.0,0.97,54.19,,,0.02,1.117,0.0,0.0,0.93,51.955
Madagascar,2016,MDG,26099950.0,33687674194.0,0.92,48.421,,,0.02,1.053,0.0,0.0,0.88,46.316
Madagascar,2017,MDG,26788379.0,35012614968.0,0.83,41.919,,,0.02,1.01,0.0,0.0,0.78,39.394
Madagascar,2018,MDG,27494930.0,36130917975.0,1.03,43.277,,,0.04,1.681,0.0,0.0,0.96,40.336
Madagascar,2019,MDG,28219559.0,37724649896.0,0.95,38.462,,,0.04,1.619,0.0,0.0,0.89,36.032
Madagascar,2020,MDG,28953560.0,35031864099.0,0.88,40.741,,,0.04,1.852,0.0,0.0,0.82,37.963
Madagascar,2021,MDG,29691087.0,37042695870.0,0.84,33.202,,,0.04,1.581,0.0,0.0,0.77,30.435
Madagascar,2022,MDG,30437261.0,38602188321.0,0.93,35.227,,,0.08,3.03,0.0,0.0,0.82,31.061
Malawi,2000,MWI,11315947.0,11274206470.0,1.09,90.083,,,0.0,0.0,0.0,0.0,1.02,84.298
Malawi,2001,MWI,11593057.0,10808318915.0,1.11,90.984,,,0.0,0.0,0.0,0.0,1.04,85.246
Malawi,2002,MWI,11880443.0,10984271331.0,1.16,90.625,,,0.0,0.0,0.0,0.0,1.09,85.156
Malawi,2003,MWI,12181575.0,11581699921.0,1.21,92.366,,,0.0,0.0,0.0,0.0,1.14,87.023
Malawi,2004,MWI,12500736.0,12176822884.0,1.33,90.476,,,0.0,0.0,0.0,0.0,1.26,85.714
Malawi,2005,MWI,12840034.0,12535229211.0,1.37,89.542,,,0.0,0.0,0.0,0.0,1.31,85.621
Malawi,2006,MWI,13198699.0,13079496449.0,1.4,89.172,,,0.0,0.0,0.0,0.0,1.34,85.35
Malawi,2007,MWI,13576344.0,14282894527.0,1.43,90.506,,,0.0,0.0,0.0,0.0,1.37,86.709
Malawi,2008,MWI,13976415.0,15293785292.0,1.58,92.941,,,0.0,0.0,0.0,0.0,1.52,89.412
Malawi,2009,MWI,14395788.0,16486871191.0,1.55,92.814,,,0.0,0.0,0.0,0.0,1.49,89.222
Malawi,2010,MWI,14826466.0,17495879385.0,1.8,93.75,,,0.0,0.0,0.0,0.0,1.74,90.625
Malawi,2011,MWI,15265026.0,18220347468.0,1.85,93.909,,,0.0,0.0,0.0,0.0,1.79,90.863
Malawi,2012,MWI,15709577.0,18563980884.0,1.92,93.659,,,0.01,0.488,0.0,0.0,1.86,90.732
Malawi,2013,MWI,16161816.0,19529310978.0,1.92,93.659,,,0.01,0.488,0.0,0.0,1.86,90.732
Malawi,2014,MWI,16621534.0,20642483934.0,2.05,94.47,,,0.02,0.922,0.0,0.0,1.97,90.783
Malawi,2015,MWI,17085587.0,21251437245.0,2.04,94.009,,,0.03,1.382,0.0,0.0,1.96,90.323
Malawi,2016,MWI,17557741.0,21733841491.0,2.02,93.953,,,0.03,1.395,0.0,0.0,1.94,90.233
Malawi,2017,MWI,18039714.0,22603193649.0,1.91,100.0,,,0.04,2.094,0.0,0.0,1.82,95.288
Malawi,2018,MWI,18528086.0,23595927755.0,1.48,81.768,,,0.01,0.552,0.0,0.0,1.42,78.453
Malawi,2019,MWI,19025748.0,24881432457.0,1.73,96.111,,,0.01,0.556,0.0,0.0,1.67,92.778
Malawi,2020,MWI,19533885.0,25108605204.0,1.74,99.429,,,0.01,0.571,0.0,0.0,1.68,96.0
Malawi,2021,MWI,20047264.0,26255309111.0,1.75,95.628,,,0.01,0.546,0.0,0.0,1.69,92.35
Malawi,2022,MWI,20568731.0,26465351444.0,1.75,95.628,,,0.01,0.546,0.0,0.0,1.69,92.35
Malaysia,2000,MYS,22967817.0,305803211129.0,7.56,10.815,21.212,3.472,0.0,0.0,0.0,0.0,6.99,10.0
Malaysia,2001,MYS,23526535.0,309934494308.0,6.64,8.762,18.551,2.964,0.0,0.0,0.0,0.0,6.07,8.01
Malaysia,2002,MYS,24102477.0,329700338274.0,5.81,7.184,16.099,2.442,0.0,0.0,0.0,0.0,5.41,6.69
Malaysia,2003,MYS,24679604.0,350966698067.0,5.51,6.614,15.171,2.124,0.0,0.0,0.0,0.0,5.09,6.11
Malaysia,2004,MYS,25256773.0,377079435469.0,6.15,6.402,16.904,2.19,0.0,0.0,0.0,0.0,5.57,5.798
Malaysia,2005,MYS,25836075.0,399781035415.0,6.6,6.684,17.999,2.155,0.0,0.0,0.0,0.0,6.01,6.086
Malaysia,2006,MYS,26417909.0,426608936099.0,6.94,6.674,18.928,2.242,0.0,0.0,0.0,0.0,6.32,6.078
Malaysia,2007,MYS,26998383.0,458125848157.0,6.72,6.191,18.577,2.063,0.0,0.0,0.0,0.0,5.96,5.491
Malaysia,2008,MYS,27570052.0,485245105845.0,8.61,7.564,23.582,2.527,0.0,0.0,0.0,0.0,7.81,6.861
Malaysia,2009,MYS,28124779.0,483081319364.0,8.28,7.131,22.49,2.488,0.0,0.0,0.0,0.0,6.89,5.934
Malaysia,2010,MYS,28655772.0,525056610488.0,7.62,6.094,20.563,2.202,0.0,0.0,0.0,0.0,6.36,5.086
Malaysia,2011,MYS,29162034.0,557469657636.0,9.6,7.555,25.675,2.703,0.0,0.0,0.0,0.0,8.06,6.343
Malaysia,2012,MYS,29662835.0,587985572583.0,10.76,8.025,29.89,2.877,0.01,0.007,0.0,0.0,9.25,6.899
Malaysia,2013,MYS,30174269.0,615585637854.0,13.04,9.25,36.17,3.328,0.14,0.099,0.0,0.0,11.8,8.371
Malaysia,2014,MYS,30696133.0,652563833807.0,14.31,9.704,40.296,3.679,0.23,0.156,0.0,0.0,13.39,9.08
Malaysia,2015,MYS,31232796.0,685237676618.0,14.94,9.953,42.81,3.849,0.27,0.18,0.0,0.0,13.92,9.273
Malaysia,2016,MYS,31789692.0,715730748101.0,21.09,13.463,57.986,4.961,0.31,0.198,0.0,0.0,20.02,12.78
Malaysia,2017,MYS,32355642.0,757336192678.0,27.94,17.393,74.735,6.312,0.33,0.205,0.0,0.0,26.85,16.714
Malaysia,2018,MYS,32910963.0,794013962862.0,28.31,16.596,76.346,6.332,0.63,0.369,0.0,0.0,26.33,15.436
Malaysia,2019,MYS,33440590.0,829053844392.0,28.8,16.134,79.534,6.431,1.46,0.818,0.0,0.0,26.2,14.678
Malaysia,2020,MYS,33889554.0,783174020832.0,30.59,17.579,85.538,7.175,2.06,1.184,0.0,0.0,27.3,15.689
Malaysia,2021,MYS,34282404.0,807389756202.0,33.73,19.251,95.275,7.646,2.3,1.313,0.0,0.0,30.2,17.236
Malaysia,2022,MYS,34695494.0,877584198429.0,35.76,19.474,105.746,7.833,2.75,1.498,0.0,0.0,31.78,17.307
Malaysia,2023,MYS,35126295.0,,35.98,19.159,107.088,8.117,3.24,1.725,0.0,0.0,31.51,16.778
Malaysia,2024,MYS,35557670.0,,39.0,19.675,113.976,8.282,4.12,2.078,0.0,0.0,33.41,16.855
Maldives,2000,MDV,282025.0,,0.0,0.0,,,0.0,0.0,0.0,0.0,0.0,0.0
Maldives,2001,MDV,286778.0,,0.0,0.0,,,0.0,0.0,0.0,0.0,0.0,0.0
Maldives,2002,MDV,291631.0,,0.0,0.0,,,0.0,0.0,0.0,0.0,0.0,0.0
Maldives,2003,MDV,296497.0,,0.0,0.0,,,0.0,0.0,0.0,0.0,0.0,0.0
Maldives,2004,MDV,301416.0,,0.0,0.0,,,0.0,0.0,0.0,0.0,0.0,0.0
Maldives,2005,MDV,306429.0,,0.0,0.0,,,0.0,0.0,0.0,0.0,0.0,0.0
Maldives,2006,MDV,313866.0,,0.0,0.0,,,0.0,0.0,0.0,0.0,0.0,0.0
Maldives,2007,MDV,324489.0,,0.0,0.0,,,0.0,0.0,0.0,0.0,0.0,0.0
Maldives,2008,MDV,336178.0,,0.0,0.0,,,0.0,0.0,0.0,0.0,0.0,0.0
Maldives,2009,MDV,348282.0,,0.0,0.0,,,0.0,0.0,0.0,0.0,0.0,0.0
Maldives,2010,MDV,360802.0,,0.0,0.0,,,0.0,0.0,0.0,0.0,0.0,0.0
Maldives,2011,MDV,373683.0,,0.0,0.0,,,0.0,0.0,0.0,0.0,0.0,0.0
Maldives,2012,MDV,386821.0,,0.0,0.0,,,0.0,0.0,0.0,0.0,0.0,0.0
Maldives,2013,MDV,400077.0,,0.0,0.0,,,0.0,0.0,0.0,0.0,0.0,0.0
Maldives,2014,MDV,413623.0,,0.01,1.852,,,0.01,1.852,0.0,0.0,0.0,0.0
Maldives,2015,MDV,428165.0,,0.01,1.613,,,0.01,1.613,0.0,0.0,0.0,0.0
Maldives,2016,MDV,443316.0,,0.01,1.493,,,0.01,1.493,0.0,0.0,0.0,0.0
Maldives,2017,MDV,458297.0,,0.02,2.74,,,0.02,2.74,0.0,0.0,0.0,0.0
Maldives,2018,MDV,473106.0,,0.03,3.797,,,0.03,3.797,0.0,0.0,0.0,0.0
Maldives,2019,MDV,487737.0,,0.03,3.704,,,0.03,3.704,0.0,0.0,0.0,0.0
Maldives,2020,MDV,502127.0,,0.04,4.878,,,0.04,4.878,0.0,0.0,0.0,0.0
Maldives,2021,MDV,516163.0,,0.05,5.952,,,0.05,5.952,0.0,0.0,0.0,0.0
Maldives,2022,MDV,524116.0,,0.06,7.059,,,0.06,7.059,0.0,0.0,0.0,0.0
Maldives,2023,MDV,526009.0,,0.06,7.059,,,0.06,7.059,0.0,0.0,0.0,0.0
Mali,2000,MLI,11559291.0,12490372339.0,0.28,26.415,,,0.0,0.0,0.0,0.0,0.23,21.698
Mali,2001,MLI,11912162.0,14257391001.0,0.28,26.168,,,0.0,0.0,0.0,0.0,0.23,21.495
Mali,2002,MLI,12288051.0,14544531770.0,0.29,26.126,,,0.0,0.0,0.0,0.0,0.24,21.622
Mali,2003,MLI,12684951.0,15730792757.0,0.28,25.225,,,0.0,0.0,0.0,0.0,0.23,20.721
Mali,2004,MLI,13102415.0,15828925288.0,0.3,23.81,,,0.0,0.0,0.0,0.0,0.25,19.841
Mali,2005,MLI,13538648.0,16700213321.0,0.5,33.557,,,0.0,0.0,0.0,0.0,0.45,30.201
Mali,2006,MLI,13990143.0,17320423242.0,0.53,33.758,,,0.0,0.0,0.0,0.0,0.48,30.573
Mali,2007,MLI,14457776.0,17779653731.0,0.52,32.911,,,0.0,0.0,0.0,0.0,0.47,29.747
Mali,2008,MLI,14940786.0,18486110807.0,0.62,34.254,,,0.0,0.0,0.0,0.0,0.57,31.492
Mali,2009,MLI,15435536.0,19186286887.0,0.72,46.154,,,0.0,0.0,0.0,0.0,0.67,42.949
Mali,2010,MLI,15945201.0,20054729287.0,1.16,49.153,,,0.01,0.424,0.0,0.0,1.1,46.61
Mali,2011,MLI,16469054.0,20518694824.0,1.22,56.481,,,0.02,0.926,0.0,0.0,1.15,53.241
Mali,2012,MLI,16957039.0,20347159384.0,1.32,57.143,,,0.03,1.299,0.0,0.0,1.24,53.68
Mali,2013,MLI,17459619.0,20814126326.0,1.19,54.091,,,0.03,1.364,0.0,0.0,1.11,50.455
Mali,2014,MLI,18020267.0,22288805151.0,1.46,58.167,,,0.03,1.195,0.0,0.0,1.38,54.98
Mali,2015,MLI,18593022.0,23664472662.0,1.21,48.207,,,0.03,1.195,0.0,0.0,1.12,44.622
Mali,2016,MLI,19191298.0,25049317347.0,1.57,51.987,,,0.03,0.993,0.0,0.0,1.48,49.007
Mali,2017,MLI,19813016.0,26378184458.0,1.57,45.64,,,0.03,0.872,0.0,0.0,1.48,43.023
Mali,2018,MLI,20442031.0,27630093375.0,1.45,40.166,,,0.03,0.831,0.0,0.0,1.36,37.673
Mali,2019,MLI,21068405.0,28946666484.0,1.46,38.32,,,0.03,0.787,0.0,0.0,1.37,35.958
Mali,2020,MLI,21713837.0,28586570096.0,1.61,40.863,,,0.1,2.538,0.0,0.0,1.44,36.548
Mali,2021,MLI,22388637.0,29459890071.0,1.54,39.086,,,0.14,3.553,0.0,0.0,1.33,33.756
Mali,2022,MLI,23072641.0,30551085997.0,1.86,42.857,,,0.15,3.456,0.0,0.0,1.64,37.788
Mali,2023,MLI,23769130.0,,1.86,42.661,,,0.15,3.44,0.0,0.0,1.64,37.615
Malta,2000,MLT,399905.0,7963752394.0,0.0,0.0,,,0.0,0.0,,,0.0,0.0
Malta,2001,MLT,402788.0,8019470830.0,0.0,0.0,,,0.0,0.0,,,0.0,0.0
Malta,2002,MLT,405571.0,8259626928.0,0.0,0.0,,,0.0,0.0,,,0.0,0.0
Malta,2003,MLT,408236.0,8473515195.0,0.0,0.0,,,0.0,0.0,,,0.0,0.0
Malta,2004,MLT,410800.0,8512522890.0,0.0,0.0,,,0.0,0.0,,,0.0,0.0
Malta,2005,MLT,413324.0,8839849182.0,0.0,0.0,,,0.0,0.0,,,0.0,0.0
Malta,2006,MLT,415463.0,9004655302.0,0.0,0.0,,,0.0,0.0,,,0.0,0.0
Malta,2007,MLT,417201.0,9368888474.0,0.0,0.0,,,0.0,0.0,,,0.0,0.0
Malta,2008,MLT,418969.0,9685986656.0,0.0,0.0,,,0.0,0.0,,,0.0,0.0
Malta,2009,MLT,420800.0,9450779381.0,0.0,0.0,,,0.0,0.0,,,0.0,0.0
Malta,2010,MLT,422654.0,9788869399.0,0.0,0.0,,,0.0,0.0,,,0.0,0.0
Malta,2011,MLT,424635.0,9930574943.0,0.0,0.0,,,0.0,0.0,,,0.0,0.0
Malta,2012,MLT,426616.0,10339580228.0,0.03,1.304,,,0.02,0.87,0.0,0.0,0.0,0.0
Malta,2013,MLT,428457.0,10905471410.0,0.04,1.77,,,0.03,1.327,0.0,0.0,0.0,0.0
Malta,2014,MLT,434494.0,11737898948.0,0.08,3.556,,,0.07,3.111,0.0,0.0,0.0,0.0
Malta,2015,MLT,444978.0,12865695938.0,0.1,7.692,,,0.09,6.923,0.0,0.0,0.0,0.0
Malta,2016,MLT,455276.0,13300698899.0,0.14,16.279,,,0.13,15.116,0.0,0.0,0.0,0.0
Malta,2017,MLT,467902.0,14746505042.0,0.17,10.303,,,0.16,9.697,0.0,0.0,0.0,0.0
Malta,2018,MLT,484560.0,15659758064.0,0.2,10.152,,,0.19,9.645,0.0,0.0,0.0,0.0
Malta,2019,MLT,504017.0,16757308198.0,0.21,10.145,,,0.2,9.662,0.0,0.0,0.0,0.0
Malta,2020,MLT,518212.0,15314071319.0,0.25,11.628,,,0.24,11.163,0.0,0.0,0.0,0.0
Malta,2021,MLT,524383.0,17122043843.0,0.27,12.162,,,0.26,11.712,0.0,0.0,0.0,0.0
Malta,2022,MLT,528194.0,18295132993.0,0.3,13.043,,,0.29,12.609,0.0,0.0,0.0,0.0
Malta,2023,MLT,532964.0,,0.32,13.617,,,0.31,13.191,0.0,0.0,0.0,0.0
Malta,2024,MLT,539612.0,,0.34,15.525,,,0.33,15.068,0.0,0.0,0.0,0.0
Malta,2025,MLT,545406.0,,0.39,17.89,,,0.38,17.431,0.0,0.0,0.0,0.0
Martinique,2000,MTQ,421388.0,,0.0,0.0,,,,,,,,
Martinique,2001,MTQ,417157.0,,0.0,0.0,,,,,,,,
Martinique,2002,MTQ,412479.0,,0.01,0.741,,,,,,,,
Martinique,2003,MTQ,408417.0,,0.01,0.714,,,,,,,,
Martinique,2004,MTQ,405104.0,,0.01,0.694,,,,,0.0,0.0,,
Martinique,2005,MTQ,401849.0,,0.01,0.694,,,,,0.0,0.0,,
Martinique,2006,MTQ,400459.0,,0.01,0.68,,,0.0,0.0,0.0,0.0,,
Martinique,2007,MTQ,400812.0,,0.02,1.351,,,0.0,0.0,0.0,0.0,,
Martinique,2008,MTQ,400699.0,,0.03,1.961,,,0.01,0.654,0.0,0.0,,
Martinique,2009,MTQ,399527.0,,0.03,1.948,,,0.01,0.649,0.0,0.0,,
Martinique,2010,MTQ,397389.0,,0.03,1.863,,,0.02,1.242,0.0,0.0,,
Martinique,2011,MTQ,394576.0,,0.05,3.185,,,0.04,2.548,0.0,0.0,,
Martinique,2012,MTQ,391741.0,,0.09,5.66,,,0.08,5.031,0.0,0.0,,
Martinique,2013,MTQ,389470.0,,0.09,5.696,,,0.08,5.063,0.0,0.0,,
Martinique,2014,MTQ,387027.0,,0.09,5.806,,,0.08,5.161,0.0,0.0,,
Martinique,2015,MTQ,383737.0,,0.09,5.769,,,0.08,5.128,0.0,0.0,,
Martinique,2016,MTQ,378892.0,,0.09,5.696,,,0.08,5.063,0.0,0.0,,
Martinique,2017,MTQ,371510.0,,0.09,5.769,,,0.08,5.128,0.0,0.0,,
Martinique,2018,MTQ,364100.0,,0.18,11.688,,,0.08,5.195,0.01,0.649,,
Martinique,2019,MTQ,359621.0,,0.39,25.161,,,0.09,5.806,0.05,3.226,0.0,0.0
Martinique,2020,MTQ,356625.0,,0.34,22.667,,,0.08,5.333,0.04,2.667,0.0,0.0
Martinique,2021,MTQ,353286.0,,0.38,25.166,,,0.09,5.96,0.05,3.311,0.0,0.0
Martinique,2022,MTQ,349462.0,,0.39,26.174,,,0.09,6.04,0.04,2.685,0.0,0.0
Mauritania,2000,MRT,2613450.0,4838789905.0,0.03,7.143,,,0.0,0.0,0.0,0.0,0.03,7.143
Mauritania,2001,MRT,2678766.0,5040767611.0,0.03,6.383,,,0.0,0.0,0.0,0.0,0.03,6.383
Mauritania,2002,MRT,2738659.0,5178324094.0,0.03,5.66,,,0.0,0.0,0.0,0.0,0.03,5.66
Mauritania,2003,MRT,2802050.0,5603753283.0,0.04,8.0,,,0.0,0.0,0.0,0.0,0.04,8.0
Mauritania,2004,MRT,2868671.0,6050710140.0,0.04,7.407,,,0.0,0.0,0.0,0.0,0.04,7.407
Mauritania,2005,MRT,2939060.0,6728916707.0,0.05,9.434,,,0.0,0.0,0.0,0.0,0.05,9.434
Mauritania,2006,MRT,3013659.0,8166141817.0,0.05,8.065,,,0.0,0.0,0.0,0.0,0.05,8.065
Mauritania,2007,MRT,3093065.0,8570478345.0,0.05,7.813,,,0.0,0.0,0.0,0.0,0.05,7.813
Mauritania,2008,MRT,3183276.0,8846256694.0,0.06,8.333,,,0.0,0.0,0.0,0.0,0.06,8.333
Mauritania,2009,MRT,3284454.0,8935093258.0,0.11,14.286,,,0.0,0.0,0.0,0.0,0.11,14.286
Mauritania,2010,MRT,3390968.0,9559709837.0,0.12,14.118,,,0.0,0.0,0.0,0.0,0.12,14.118
Mauritania,2011,MRT,3502813.0,10187328000.0,0.13,14.943,,,0.0,0.0,0.0,0.0,0.13,14.943
Mauritania,2012,MRT,3619035.0,10792467000.0,0.14,14.583,,,0.0,0.0,0.0,0.0,0.14,14.583
Mauritania,2013,MRT,3734324.0,11410722000.0,0.21,21.429,,,0.03,3.061,0.01,1.02,0.17,17.347
Mauritania,2014,MRT,3848511.0,12165303000.0,0.22,21.359,,,0.03,2.913,0.01,0.971,0.18,17.476
Mauritania,2015,MRT,3965959.0,12316128000.0,0.32,27.586,,,0.03,2.586,0.1,8.621,0.19,16.379
Mauritania,2016,MRT,4086655.0,12416318727.0,0.29,25.0,,,0.06,5.172,0.1,8.621,0.13,11.207
Mauritania,2017,MRT,4210603.0,13137043588.0,0.33,24.444,,,0.06,4.444,0.1,7.407,0.17,12.593
Mauritania,2018,MRT,4337685.0,13699199188.0,0.44,30.137,,,0.15,10.274,0.1,6.849,0.19,13.014
Mauritania,2019,MRT,4467714.0,14424796068.0,0.47,29.936,,,0.15,9.554,0.12,7.643,0.2,12.739
Mauritania,2020,MRT,4600136.0,14289417678.0,0.47,28.834,,,0.14,8.589,0.12,7.362,0.21,12.883
Mauritania,2021,MRT,4734874.0,14638845766.0,0.45,28.481,,,0.14,8.861,0.1,6.329,0.21,13.291
Mauritania,2022,MRT,4875644.0,15674544913.0,0.45,27.439,,,0.14,8.537,0.1,6.098,0.21,12.805
Mauritius,2000,MUS,1216632.0,16933370565.0,0.52,29.379,,,0.0,0.0,0.0,0.0,0.09,5.085
Mauritius,2001,MUS,1225807.0,17203931989.0,0.55,28.646,,,0.0,0.0,0.0,0.0,0.07,3.646
Mauritius,2002,MUS,1234090.0,17186721600.0,0.54,27.551,,,0.0,0.0,0.0,0.0,0.09,4.592
Mauritius,2003,MUS,1242094.0,17869390349.0,0.57,27.273,,,0.0,0.0,0.0,0.0,0.12,5.742
Mauritius,2004,MUS,1249799.0,18313509621.0,0.59,27.315,,,0.0,0.0,0.0,0.0,0.12,5.556
Mauritius,2005,MUS,1257215.0,18306765429.0,0.56,24.779,,,0.0,0.0,0.0,0.0,0.11,4.867
Mauritius,2006,MUS,1263785.0,18846649433.0,0.53,22.458,,,0.0,0.0,0.0,0.0,0.08,3.39
Mauritius,2007,MUS,1269522.0,19573401107.0,0.55,22.358,,,0.0,0.0,0.0,0.0,0.08,3.252
Mauritius,2008,MUS,1274635.0,20249055784.0,0.6,23.438,,,0.0,0.0,0.0,0.0,0.11,4.297
Mauritius,2009,MUS,1278976.0,20448211941.0,0.61,23.735,,,0.0,0.0,0.0,0.0,0.12,4.669
Mauritius,2010,MUS,1282710.0,20850923367.0,0.65,24.164,,,0.0,0.0,0.0,0.0,0.1,3.717
Mauritius,2011,MUS,1286270.0,21190874379.0,0.54,19.78,,,0.0,0.0,0.0,0.0,0.05,1.832
Mauritius,2012,MUS,1289174.0,21931705213.0,0.57,20.43,,,0.0,0.0,0.0,0.0,0.07,2.509
Mauritius,2013,MUS,1290988.0,22668609990.0,0.58,20.28,,,0.0,0.0,0.0,0.0,0.09,3.147
Mauritius,2014,MUS,1292006.0,23536142578.0,0.6,20.408,,,0.03,1.02,0.0,0.0,0.09,3.061
Mauritius,2015,MUS,1292283.0,24404852680.0,0.68,22.742,,,0.03,1.003,0.0,0.0,0.12,4.013
Mauritius,2016,MUS,1291807.0,25347373765.0,0.67,21.967,,,0.03,0.984,0.02,0.656,0.1,3.279
Mauritius,2017,MUS,1290654.0,26345551590.0,0.62,19.936,,,0.04,1.286,0.01,0.322,0.09,2.894
Mauritius,2018,MUS,1288836.0,27401224769.0,0.64,20.513,,,0.05,1.603,0.01,0.321,0.12,3.846
Mauritius,2019,MUS,1286269.0,28193387492.0,0.7,21.672,,,0.13,4.025,0.01,0.31,0.1,3.096
Mauritius,2020,MUS,1283231.0,24077716198.0,0.7,24.138,,,0.15,5.172,0.02,0.69,0.12,4.138
Mauritius,2021,MUS,1279628.0,24920195118.0,0.64,21.405,,,0.15,5.017,0.01,0.334,0.11,3.679
Mauritius,2022,MUS,1276134.0,26988574640.0,0.61,19.551,,,0.16,5.128,0.02,0.641,0.13,4.167
Mauritius,2023,MUS,1273591.0,,0.57,17.431,,,0.15,4.587,0.01,0.306,0.09,2.752
Mexico,2000,MEX,98625553.0,1241194674661.0,39.46,19.379,112.726,6.665,0.01,0.005,0.02,0.01,33.07,16.241
Mexico,2001,MEX,100099101.0,1251502726420.0,34.72,16.516,99.071,5.91,0.01,0.005,0.02,0.01,28.44,13.529
Mexico,2002,MEX,101548627.0,1275458026881.0,30.96,14.351,88.033,5.125,0.01,0.005,0.02,0.009,24.86,11.524
Mexico,2003,MEX,102978517.0,1306677417369.0,26.83,11.93,76.741,4.41,0.01,0.004,0.02,0.009,19.85,8.826
Mexico,2004,MEX,104394131.0,1373060298988.0,32.47,13.794,91.874,4.989,0.01,0.004,0.02,0.008,25.18,10.697
Mexico,2005,MEX,105811504.0,1427140428046.0,35.88,14.469,100.962,5.005,0.01,0.004,0.02,0.008,27.71,11.175
Mexico,2006,MEX,107253666.0,1510732401129.0,38.0,14.829,105.942,5.178,0.01,0.004,0.05,0.02,30.45,11.883
Mexico,2007,MEX,108774356.0,1572479287017.0,35.85,13.618,100.126,4.846,0.01,0.004,0.25,0.095,27.34,10.385
Mexico,2008,MEX,110374286.0,1607479004533.0,47.39,17.598,129.874,6.043,0.02,0.007,0.25,0.093,39.22,14.564
Mexico,2009,MEX,111999720.0,1543820957956.0,34.9,13.034,96.418,4.559,0.03,0.011,0.6,0.224,26.72,9.979
Mexico,2010,MEX,113623898.0,1638271507559.0,46.47,16.863,126.283,5.953,0.03,0.011,1.24,0.45,37.2,13.499
Mexico,2011,MEX,115243503.0,1716088331953.0,45.93,15.721,124.256,5.602,0.04,0.014,1.65,0.565,36.27,12.415
Mexico,2012,MEX,116818208.0,1774999946047.0,43.06,14.528,116.248,5.194,0.07,0.024,3.69,1.245,31.85,10.746
Mexico,2013,MEX,118343572.0,1803059285337.0,40.12,13.503,108.269,4.834,0.11,0.037,4.18,1.407,27.96,9.41
Mexico,2014,MEX,119784265.0,1854551091374.0,53.64,17.684,143.018,6.426,0.22,0.073,6.43,2.12,38.89,12.821
Mexico,2015,MEX,121072310.0,1916008739051.0,48.24,15.543,129.053,5.862,0.2,0.064,8.75,2.819,30.89,9.953
Mexico,2016,MEX,122251344.0,1961906742138.0,48.98,15.29,130.223,5.731,0.25,0.078,10.38,3.24,30.03,9.374
Mexico,2017,MEX,123400052.0,2007719438156.0,50.78,15.43,134.188,5.77,1.19,0.362,10.62,3.227,30.88,9.383
Mexico,2018,MEX,124573713.0,2051539127317.0,55.24,15.815,144.553,6.343,3.21,0.919,12.44,3.562,32.23,9.227
Mexico,2019,MEX,125762978.0,2047701179708.0,57.5,16.687,149.725,6.641,9.96,2.891,16.73,4.855,23.6,6.849
Mexico,2020,MEX,126799053.0,1880176557054.0,69.37,21.297,178.82,8.668,15.84,4.863,19.7,6.048,26.82,8.234
Mexico,2021,MEX,127648151.0,1973141022977.0,82.09,24.983,208.781,9.538,20.19,6.144,21.07,6.412,34.72,10.566
Mexico,2022,MEX,128613116.0,2033437602787.0,83.13,24.439,211.437,9.243,20.34,5.98,20.53,6.036,35.56,10.454
Mexico,2023,MEX,129739761.0,,71.28,20.267,181.211,7.928,23.34,6.636,20.7,5.886,20.61,5.86
Mexico,2024,MEX,130861001.0,,75.0,21.116,189.901,8.251,25.72,7.241,19.75,5.561,23.54,6.628
Moldova,2000,MDA,4234969.0,12554043876.0,0.39,7.156,,,0.0,0.0,0.0,0.0,0.39,7.156
Moldova,2001,MDA,4189769.0,13087722618.0,0.36,6.154,,,0.0,0.0,0.0,0.0,0.36,6.154
Moldova,2002,MDA,4142937.0,13857813762.0,0.35,6.206,,,0.0,0.0,0.0,0.0,0.35,6.206
Moldova,2003,MDA,4095418.0,14513550202.0,0.36,6.239,,,0.0,0.0,0.0,0.0,0.36,6.239
Moldova,2004,MDA,4046672.0,15302841155.0,0.35,6.034,,,0.0,0.0,0.0,0.0,0.35,6.034
Moldova,2005,MDA,3988668.0,16157452511.0,0.36,6.03,,,0.0,0.0,0.0,0.0,0.36,6.03
Moldova,2006,MDA,3921320.0,16628252777.0,0.37,6.086,,,0.0,0.0,0.0,0.0,0.37,6.086
Moldova,2007,MDA,3851397.0,16819758019.0,0.35,5.963,,,0.0,0.0,0.0,0.0,0.35,5.963
Moldova,2008,MDA,3779503.0,17815141666.0,0.38,6.323,,,0.0,0.0,0.0,0.0,0.38,6.323
Moldova,2009,MDA,3706212.0,16449234621.0,0.35,5.654,,,0.0,0.0,0.0,0.0,0.35,5.654
Moldova,2010,MDA,3631990.0,17299250407.0,0.4,6.547,,,0.0,0.0,0.0,0.0,0.4,6.547
Moldova,2011,MDA,3557278.0,18145357193.0,0.35,6.055,,,0.0,0.0,0.0,0.0,0.35,6.055
Moldova,2012,MDA,3482629.0,18038303680.0,0.27,4.647,,,0.0,0.0,0.0,0.0,0.27,4.647
Moldova,2013,MDA,3408741.0,19669685322.0,0.31,6.874,,,0.0,0.0,0.0,0.0,0.31,6.874
Moldova,2014,MDA,3342715.0,20653170404.0,0.33,6.145,,,0.0,0.0,0.0,0.0,0.32,5.959
Moldova,2015,MDA,3287168.0,20583362405.0,0.27,4.47,,,0.0,0.0,0.0,0.0,0.26,4.305
Moldova,2016,MDA,3237798.0,21490882450.0,0.24,4.103,,,0.0,0.0,0.0,0.0,0.23,3.932
Moldova,2017,MDA,3193500.0,22393497127.0,0.31,6.25,,,0.0,0.0,0.01,0.202,0.28,5.645
Moldova,2018,MDA,3153779.0,23311634910.0,0.32,5.948,,,0.0,0.0,0.02,0.372,0.27,5.019
Moldova,2019,MDA,3112561.0,24150849841.0,0.37,6.503,,,0.0,0.0,0.04,0.703,0.3,5.272
Moldova,2020,MDA,3069135.0,22146328756.0,0.36,5.825,,,0.0,0.0,0.05,0.809,0.28,4.531
Moldova,2021,MDA,3023780.0,25234640526.0,0.44,6.607,,,0.01,0.15,0.08,1.201,0.32,4.805
Moldova,2022,MDA,3039986.0,23827554273.0,0.51,9.568,,,0.05,0.938,0.14,2.627,0.29,5.441
Moldova,2023,MDA,3067072.0,,0.61,12.079,,,0.09,1.782,0.19,3.762,0.32,6.337
Moldova,2024,MDA,3034967.0,,0.61,11.708,,,0.15,2.879,0.21,4.031,0.24,4.607
Mongolia,2000,MNG,2455182.0,7225650413.0,0.0,0.0,,,0.0,0.0,0.0,0.0,0.0,0.0
Mongolia,2001,MNG,2477704.0,7799420655.0,0.0,0.0,,,0.0,0.0,0.0,0.0,0.0,0.0
Mongolia,2002,MNG,2500074.0,8569503317.0,0.0,0.0,,,0.0,0.0,0.0,0.0,0.0,0.0
Mongolia,2003,MNG,2521809.0,9616040556.0,0.0,0.0,,,0.0,0.0,0.0,0.0,0.0,0.0
Mongolia,2004,MNG,2542801.0,11156311740.0,0.0,0.0,,,0.0,0.0,0.0,0.0,0.0,0.0
Mongolia,2005,MNG,2563466.0,12547451302.0,0.0,0.0,,,0.0,0.0,0.0,0.0,0.0,0.0
Mongolia,2006,MNG,2584761.0,14288905306.0,0.0,0.0,,,0.0,0.0,0.0,0.0,0.0,0.0
Mongolia,2007,MNG,2607976.0,16520107221.0,0.0,0.0,,,0.0,0.0,0.0,0.0,0.0,0.0
Mongolia,2008,MNG,2634431.0,18865759800.0,0.01,0.25,,,0.01,0.25,0.0,0.0,0.0,0.0
Mongolia,2009,MNG,2665333.0,19534582355.0,0.03,0.743,,,0.01,0.248,0.0,0.0,0.02,0.495
Mongolia,2010,MNG,2701739.0,21791068014.0,0.05,1.157,,,0.01,0.231,0.0,0.0,0.04,0.926
Mongolia,2011,MNG,2745183.0,26811268000.0,0.06,1.322,,,0.01,0.22,0.0,0.0,0.05,1.101
Mongolia,2012,MNG,2795463.0,30114910000.0,0.06,1.247,,,0.01,0.208,0.0,0.0,0.05,1.04
Mongolia,2013,MNG,2851887.0,33619040000.0,0.12,2.39,,,0.01,0.199,0.05,0.996,0.06,1.195
Mongolia,2014,MNG,2913041.0,36271699000.0,0.21,3.903,,,0.01,0.186,0.13,2.416,0.07,1.301
Mongolia,2015,MNG,2976528.0,37107214000.0,0.22,3.993,,,0.01,0.181,0.15,2.722,0.06,1.089
Mongolia,2016,MNG,3040815.0,37322351698.0,0.25,4.409,,,0.01,0.176,0.15,2.646,0.09,1.587
Mongolia,2017,MNG,3104371.0,39053686549.0,0.25,4.146,,,0.03,0.498,0.14,2.322,0.08,1.327
Mongolia,2018,MNG,3167714.0,41646694213.0,0.44,6.697,,,0.06,0.913,0.3,4.566,0.08,1.218
Mongolia,2019,MNG,3232118.0,43979841080.0,0.69,9.942,,,0.12,1.729,0.48,6.916,0.09,1.297
Mongolia,2020,MNG,3290786.0,41975349786.0,0.68,10.241,,,0.12,1.807,0.48,7.229,0.08,1.205
Mongolia,2021,MNG,3339676.0,42662390805.0,0.83,11.156,,,0.17,2.285,0.58,7.796,0.08,1.075
Mongolia,2022,MNG,3386015.0,44809463232.0,0.76,9.806,,,0.19,2.452,0.51,6.581,0.06,0.774
Mongolia,2023,MNG,3431938.0,,0.76,9.608,,,0.19,2.402,0.51,6.448,0.06,0.759
Mongolia,2024,MNG,3475541.0,,0.81,9.666,,,0.19,2.267,0.56,6.683,0.06,0.716
Montenegro,2005,MNE,634059.0,5587145362.0,1.87,65.157,,,0.0,0.0,,,1.87,65.157
Montenegro,2006,MNE,633876.0,6395709656.0,1.75,59.322,,,0.0,0.0,,,1.75,59.322
Montenegro,2007,MNE,633388.0,7462959925.0,1.28,59.813,,,0.0,0.0,,,1.28,59.813
Montenegro,2008,MNE,632855.0,8414771352.0,1.54,54.417,,,0.0,0.0,,,1.54,54.417
Montenegro,2009,MNE,632445.0,8371377925.0,2.07,75.0,,,0.0,0.0,,,2.07,75.0
Montenegro,2010,MNE,632088.0,9033097807.0,2.75,68.408,,,0.0,0.0,,,2.75,68.408
Montenegro,2011,MNE,632689.0,9801452189.0,1.2,45.283,,,0.0,0.0,,,1.2,45.283
Montenegro,2012,MNE,633546.0,9593079942.0,1.48,51.93,,,0.0,0.0,,,1.48,51.93
Montenegro,2013,MNE,633199.0,9985414363.0,2.5,63.452,,,0.0,0.0,,,2.5,63.452
Montenegro,2014,MNE,631377.0,10205667487.0,1.75,55.205,,,0.0,0.0,,,1.75,55.205
Montenegro,2015,MNE,628145.0,10689584516.0,1.49,49.667,,,0.0,0.0,,,1.49,49.667
Montenegro,2016,MNE,624246.0,10988665274.0,1.84,58.599,,,0.0,0.0,,,1.84,58.599
Montenegro,2017,MNE,620112.0,11487747356.0,1.12,45.161,,,0.0,0.0,0.1,4.032,1.02,41.129
Montenegro,2018,MNE,615798.0,12049855060.0,2.25,59.211,,,0.0,0.0,0.14,3.684,2.11,55.526
Montenegro,2019,MNE,611671.0,12539436047.0,1.93,56.268,,,0.0,0.0,0.3,8.746,1.63,47.522
Montenegro,2020,MNE,607934.0,10620037519.0,1.77,52.212,,,0.0,0.0,0.32,9.44,1.45,42.773
Montenegro,2021,MNE,603854.0,12005261164.0,2.33,61.804,,,0.0,0.0,0.32,8.488,2.01,53.316
Montenegro,2022,MNE,614649.0,12774399882.0,1.76,53.172,,,0.0,0.0,0.32,9.668,1.44,43.505
Montenegro,2023,MNE,633553.0,,2.58,61.137,,,0.02,0.474,0.34,8.057,2.22,52.607
Montenegro,2024,MNE,638481.0,,2.23,60.27,,,0.08,2.162,0.3,8.108,1.85,50.0
Montenegro,2025,MNE,632730.0,,2.0,75.758,,,0.17,6.439,0.31,11.742,1.52,57.576
Montserrat,2000,MSR,5053.0,,0.0,0.0,,,0.0,0.0,0.0,0.0,0.0,0.0
Montserrat,2001,MSR,4616.0,,0.0,0.0,,,0.0,0.0,0.0,0.0,0.0,0.0
Montserrat,2002,MSR,4500.0,,0.0,0.0,,,0.0,0.0,0.0,0.0,0.0,0.0
Montserrat,2003,MSR,4515.0,,0.0,0.0,,,0.0,0.0,0.0,0.0,0.0,0.0
Montserrat,2004,MSR,4541.0,,0.0,0.0,,,0.0,0.0,0.0,0.0,0.0,0.0
Montserrat,2005,MSR,4574.0,,0.0,0.0,,,0.0,0.0,0.0,0.0,0.0,0.0
Montserrat,2006,MSR,4606.0,,0.0,0.0,,,0.0,0.0,0.0,0.0,0.0,0.0
Montserrat,2007,MSR,4649.0,,0.0,0.0,,,0.0,0.0,0.0,0.0,0.0,0.0
Montserrat,2008,MSR,4700.0,,0.0,0.0,,,0.0,0.0,0.0,0.0,0.0,0.0
Montserrat,2009,MSR,4759.0,,0.0,0.0,,,0.0,0.0,0.0,0.0,0.0,0.0
Montserrat,2010,MSR,4819.0,,0.0,0.0,,,0.0,0.0,0.0,0.0,0.0,0.0
Montserrat,2011,MSR,4846.0,,0.0,0.0,,,0.0,0.0,0.0,0.0,0.0,0.0
Montserrat,2012,MSR,4822.0,,0.0,0.0,,,0.0,0.0,0.0,0.0,0.0,0.0
Montserrat,2013,MSR,4774.0,,0.0,0.0,,,0.0,0.0,0.0,0.0,0.0,0.0
Montserrat,2014,MSR,4738.0,,0.0,0.0,,,0.0,0.0,0.0,0.0,0.0,0.0
Montserrat,2015,MSR,4693.0,,0.0,0.0,,,0.0,0.0,0.0,0.0,0.0,0.0
Montserrat,2016,MSR,4665.0,,0.0,0.0,,,0.0,0.0,0.0,0.0,0.0,0.0
Montserrat,2017,MSR,4624.0,,0.0,0.0,,,0.0,0.0,0.0,0.0,0.0,0.0
Montserrat,2018,MSR,4595.0,,0.0,0.0,,,0.0,0.0,0.0,0.0,0.0,0.0
Montserrat,2019,MSR,4564.0,,0.0,0.0,,,0.0,0.0,0.0,0.0,0.0,0.0
Montserrat,2020,MSR,4532.0,,0.0,0.0,,,0.0,0.0,0.0,0.0,0.0,0.0
Montserrat,2021,MSR,4505.0,,0.0,0.0,,,0.0,0.0,0.0,0.0,0.0,0.0
Montserrat,2022,MSR,4476.0,,0.0,0.0,,,0.0,0.0,0.0,0.0,0.0,0.0
Morocco,2000,MAR,28423439.0,136639290851.0,0.77,5.62,2.172,1.851,0.0,0.0,0.06,0.438,0.71,5.182
Morocco,2001,MAR,28814646.0,146692867628.0,1.07,6.859,2.951,2.328,0.0,0.0,0.21,1.346,0.86,5.513
Morocco,2002,MAR,29198146.0,151385794465.0,1.03,6.821,2.838,2.185,0.0,0.0,0.19,1.258,0.84,5.563
Morocco,2003,MAR,29571415.0,160559931983.0,1.64,10.037,4.481,3.443,0.0,0.0,0.2,1.224,1.44,8.813
Morocco,2004,MAR,29953021.0,168466885680.0,1.79,10.246,4.852,3.273,0.0,0.0,0.2,1.145,1.59,9.101
Morocco,2005,MAR,30358145.0,174390745088.0,1.64,8.515,3.148,1.954,0.0,0.0,0.21,1.09,1.43,7.425
Morocco,2006,MAR,30771179.0,188101125607.0,1.78,8.958,3.117,1.895,0.0,0.0,0.18,0.906,1.6,8.052
Morocco,2007,MAR,31186468.0,195286744421.0,1.61,8.177,3.141,1.927,0.0,0.0,0.28,1.422,1.33,6.755
Morocco,2008,MAR,31606769.0,207385199268.0,1.67,8.206,3.203,1.78,0.0,0.0,0.3,1.474,1.37,6.732
Morocco,2009,MAR,32030779.0,216763299753.0,3.34,15.958,7.768,4.431,0.0,0.0,0.39,1.863,2.95,14.095
Morocco,2010,MAR,32467009.0,225643836837.0,4.29,18.775,10.747,5.532,0.0,0.0,0.66,2.888,3.63,15.886
Morocco,2011,MAR,32912585.0,238103276789.0,2.83,11.617,6.989,3.421,0.0,0.0,0.69,2.833,2.14,8.785
Morocco,2012,MAR,33355246.0,245270189355.0,2.55,9.619,6.08,2.923,0.0,0.0,0.73,2.754,1.82,6.865
Morocco,2013,MAR,33787573.0,256393198875.0,4.35,16.147,10.23,4.796,0.0,0.0,1.36,5.048,2.99,11.099
Morocco,2014,MAR,34204784.0,263251716082.0,3.96,14.103,9.062,4.187,0.0,0.0,1.92,6.838,2.03,7.229
Morocco,2015,MAR,34607590.0,274689990243.0,4.81,16.082,11.165,5.072,0.0,0.0,2.52,8.425,2.28,7.623
Morocco,2016,MAR,35023459.0,276121131010.0,5.09,16.489,11.702,5.258,0.4,1.296,3.02,9.783,1.66,5.377
Morocco,2017,MAR,35446395.0,290087315215.0,5.06,15.842,11.587,4.972,0.41,1.284,3.04,9.518,1.57,4.915
Morocco,2018,MAR,35839760.0,298981397583.0,6.85,19.821,16.13,6.699,0.95,2.749,3.86,11.169,2.0,5.787
Morocco,2019,MAR,36210907.0,307624970074.0,7.99,19.787,18.672,7.11,1.58,3.913,4.72,11.689,1.65,4.086
Morocco,2020,MAR,36584208.0,285515953096.0,7.44,19.175,17.233,7.142,1.52,3.918,4.59,11.83,1.29,3.325
Morocco,2021,MAR,36954443.0,308157391278.0,8.18,19.806,19.077,7.126,1.82,4.407,5.11,12.373,1.21,2.93
Morocco,2022,MAR,37329068.0,311654947615.0,7.53,18.184,17.577,6.616,1.45,3.502,5.36,12.944,0.68,1.642
Morocco,2023,MAR,37712516.0,,9.22,21.715,21.51,7.974,2.11,4.969,6.55,15.426,0.52,1.225
Morocco,2024,MAR,38081176.0,,11.63,26.504,23.843,8.673,1.59,3.624,9.33,21.263,0.67,1.527
Mozambique,2000,MOZ,18129652.0,20141918616.0,9.56,99.896,,,0.0,0.0,0.0,0.0,9.56,99.896
Mozambique,2001,MOZ,18537735.0,20943673338.0,11.72,99.66,,,0.0,0.0,0.0,0.0,11.72,99.66
Mozambique,2002,MOZ,18958338.0,21025370393.0,12.55,99.762,,,0.0,0.0,0.0,0.0,12.55,99.762
Mozambique,2003,MOZ,19392477.0,20673806269.0,10.76,99.722,,,0.0,0.0,0.0,0.0,10.76,99.722
Mozambique,2004,MOZ,19840312.0,20561725686.0,11.55,99.569,,,0.0,0.0,0.0,0.0,11.55,99.569
Mozambique,2005,MOZ,20304577.0,20658231192.0,13.13,99.848,,,0.0,0.0,0.0,0.0,13.13,99.848
Mozambique,2006,MOZ,20787088.0,20951970966.0,14.57,99.863,,,0.0,0.0,0.0,0.0,14.57,99.863
Mozambique,2007,MOZ,21287638.0,20803537606.0,15.9,99.937,,,0.0,0.0,0.0,0.0,15.9,99.937
Mozambique,2008,MOZ,21819037.0,20553356220.0,14.96,99.933,,,0.0,0.0,0.0,0.0,14.96,99.933
Mozambique,2009,MOZ,22391751.0,20249940482.0,16.78,99.94,,,0.0,0.0,0.0,0.0,16.78,99.94
Mozambique,2010,MOZ,22999234.0,20039610112.0,16.65,99.88,,,0.0,0.0,0.0,0.0,16.65,99.88
Mozambique,2011,MOZ,23649045.0,19919625683.0,16.48,99.337,,,0.0,0.0,0.0,0.0,16.48,99.337
Mozambique,2012,MOZ,24337849.0,21365393250.0,14.86,99.265,,,0.0,0.0,0.0,0.0,14.86,99.265
Mozambique,2013,MOZ,25051613.0,22853277292.0,14.66,98.588,,,0.0,0.0,0.0,0.0,14.66,98.588
Mozambique,2014,MOZ,25788473.0,24544192952.0,16.18,98.659,,,0.0,0.0,0.0,0.0,16.18,98.659
Mozambique,2015,MOZ,26547576.0,26194296097.0,17.09,92.982,,,0.0,0.0,0.0,0.0,17.09,92.982
Mozambique,2016,MOZ,27337107.0,27195969056.0,15.6,82.715,,,0.0,0.0,0.0,0.0,15.6,82.715
Mozambique,2017,MOZ,28166397.0,28213368238.0,14.2,80.499,,,0.0,0.0,0.0,0.0,14.06,79.705
Mozambique,2018,MOZ,29018647.0,29185036688.0,14.02,81.797,,,0.0,0.0,0.0,0.0,13.9,81.097
Mozambique,2019,MOZ,29884378.0,29860675429.0,15.07,79.358,,,0.03,0.158,0.0,0.0,14.93,78.62
Mozambique,2020,MOZ,30783685.0,29502646219.0,15.88,83.491,,,0.07,0.368,0.0,0.0,15.7,82.545
Mozambique,2021,MOZ,31707798.0,30189464161.0,15.65,82.98,,,0.07,0.371,0.0,0.0,15.47,82.025
Mozambique,2022,MOZ,32656242.0,31441725629.0,16.37,83.691,,,0.07,0.358,0.0,0.0,16.17,82.669
Mozambique,2023,MOZ,33635163.0,,16.37,83.691,,,0.07,0.358,0.0,0.0,16.17,82.669
Myanmar,2000,MMR,45290850.0,84093543935.0,1.87,36.667,,,0.0,0.0,0.0,0.0,1.87,36.667
Myanmar,2001,MMR,45771140.0,92175090616.0,1.8,38.544,,,0.0,0.0,0.0,0.0,1.8,38.544
Myanmar,2002,MMR,46232656.0,101591501239.0,2.11,41.617,,,0.0,0.0,0.0,0.0,2.11,41.617
Myanmar,2003,MMR,46667191.0,113781428684.0,2.08,38.376,,,0.0,0.0,0.0,0.0,2.08,38.376
Myanmar,2004,MMR,47068779.0,127115611447.0,2.41,42.959,,,0.0,0.0,0.0,0.0,2.41,42.959
Myanmar,2005,MMR,47438362.0,142039114248.0,3.0,49.834,,,0.0,0.0,0.0,0.0,3.0,49.834
Myanmar,2006,MMR,47785141.0,158028614076.0,3.33,53.883,,,0.0,0.0,0.0,0.0,3.33,53.883
Myanmar,2007,MMR,48125047.0,174123352808.0,3.62,56.562,,,0.0,0.0,0.0,0.0,3.62,56.562
Myanmar,2008,MMR,48390790.0,177512910900.0,4.07,61.48,,,0.0,0.0,0.0,0.0,4.07,61.48
Myanmar,2009,MMR,48660458.0,183291522878.0,5.26,75.466,,,0.0,0.0,0.0,0.0,5.26,75.466
Myanmar,2010,MMR,49024376.0,189724140707.0,6.19,71.81,,,0.0,0.0,0.0,0.0,6.19,71.81
Myanmar,2011,MMR,49419825.0,197359087812.0,7.52,72.1,,,0.0,0.0,0.0,0.0,7.52,72.1
Myanmar,2012,MMR,49837451.0,210159799971.0,7.96,71.326,,,0.0,0.0,0.0,0.0,7.77,69.624
Myanmar,2013,MMR,50262658.0,226760324221.0,9.04,72.552,,,0.01,0.08,0.0,0.0,8.82,70.787
Myanmar,2014,MMR,50681635.0,245354667120.0,9.06,62.96,,,0.01,0.069,0.0,0.0,8.83,61.362
Myanmar,2015,MMR,51089060.0,263690038660.0,9.64,59.506,,,0.03,0.185,0.0,0.0,9.4,58.025
Myanmar,2016,MMR,51495701.0,280587266112.0,10.0,55.188,,,0.05,0.276,0.0,0.0,9.74,53.753
Myanmar,2017,MMR,51894939.0,296721043920.0,11.22,53.327,,,0.06,0.285,0.0,0.0,10.93,51.949
Myanmar,2018,MMR,52272250.0,315726037240.0,12.59,58.179,,,0.07,0.323,0.0,0.0,12.27,56.701
Myanmar,2019,MMR,52640718.0,337037542855.0,10.87,56.263,,,0.09,0.466,0.0,0.0,10.52,54.451
Myanmar,2020,MMR,53016525.0,347785669977.0,9.14,48.669,,,0.08,0.426,0.0,0.0,8.8,46.858
Myanmar,2021,MMR,53387103.0,285399881185.0,9.86,49.349,,,0.09,0.45,0.0,0.0,9.51,47.598
Myanmar,2022,MMR,53756791.0,291025085135.0,9.5,40.86,,,0.16,0.688,0.0,0.0,9.07,39.011
Myanmar,2023,MMR,54133800.0,,9.81,38.186,,,0.11,0.428,0.0,0.0,9.43,36.707
Myanmar,2024,MMR,54500086.0,,9.93,40.235,,,0.13,0.527,0.0,0.0,9.53,38.614
Namibia,2000,NAM,1818650.0,11306497296.0,1.4,97.222,,,0.0,0.0,0.0,0.0,1.4,97.222
Namibia,2001,NAM,1857059.0,11455708939.0,1.21,100.0,,,0.0,0.0,0.0,0.0,1.21,100.0
Namibia,2002,NAM,1889976.0,12021866961.0,1.42,99.301,,,0.0,0.0,0.0,0.0,1.42,99.301
Namibia,2003,NAM,1917469.0,12213390181.0,1.42,99.301,,,0.0,0.0,0.0,0.0,1.42,99.301
Namibia,2004,NAM,1942087.0,13656396271.0,1.37,99.275,,,0.0,0.0,0.0,0.0,1.37,99.275
Namibia,2005,NAM,1966581.0,14023333339.0,1.66,98.225,,,0.0,0.0,0.0,0.0,1.66,98.225
Namibia,2006,NAM,1991890.0,15035738461.0,1.51,93.789,,,0.0,0.0,0.0,0.0,1.51,93.789
Namibia,2007,NAM,2018607.0,15866803390.0,1.54,98.089,,,0.0,0.0,0.0,0.0,1.54,98.089
Namibia,2008,NAM,2047059.0,16311345821.0,1.39,88.535,,,0.0,0.0,0.0,0.0,1.39,88.535
Namibia,2009,NAM,2077400.0,16383138236.0,1.42,94.667,,,0.01,0.667,0.0,0.0,1.41,94.0
Namibia,2010,NAM,2109815.0,17398594185.0,1.26,96.183,,,0.01,0.763,0.0,0.0,1.25,95.42
Namibia,2011,NAM,2146331.0,18309342330.0,1.41,97.241,,,0.01,0.69,0.0,0.0,1.4,96.552
Namibia,2012,NAM,2194656.0,19236166518.0,1.62,97.006,,,0.01,0.599,0.0,0.0,1.61,96.407
Namibia,2013,NAM,2252505.0,20316276333.0,1.29,95.556,,,0.02,1.481,0.0,0.0,1.27,94.074
Namibia,2014,NAM,2312143.0,21554146363.0,1.52,99.346,,,0.03,1.961,0.0,0.0,1.49,97.386
Namibia,2015,NAM,2374305.0,22473214767.0,1.54,97.468,,,0.04,2.532,0.0,0.0,1.5,94.937
Namibia,2016,NAM,2439219.0,22480856444.0,1.42,95.946,,,0.06,4.054,0.0,0.0,1.36,91.892
Namibia,2017,NAM,2506854.0,22249978012.0,1.7,96.045,,,0.11,6.215,0.0,0.0,1.59,89.831
Namibia,2018,NAM,2577327.0,22485828408.0,1.39,98.582,,,0.23,16.312,0.02,1.418,1.14,80.851
Namibia,2019,NAM,2650499.0,22297166631.0,1.33,96.377,,,0.36,26.087,0.02,1.449,0.95,68.841
Namibia,2020,NAM,2728760.0,20505368156.0,1.93,96.5,,,0.41,20.5,0.02,1.0,1.5,75.0
Namibia,2021,NAM,2810552.0,21049990407.0,1.47,97.351,,,0.48,31.788,0.02,1.325,0.97,64.238
Namibia,2022,NAM,2889668.0,21858730428.0,1.3,98.485,,,0.5,37.879,0.02,1.515,0.78,59.091
Namibia,2023,NAM,2963102.0,,1.85,97.884,,,0.51,26.984,0.02,1.058,1.32,69.841
Nauru,2000,NRU,10187.0,,0.0,0.0,,,0.0,0.0,0.0,0.0,0.0,0.0
Nauru,2001,NRU,10147.0,,0.0,0.0,,,0.0,0.0,0.0,0.0,0.0,0.0
Nauru,2002,NRU,10105.0,,0.0,0.0,,,0.0,0.0,0.0,0.0,0.0,0.0
Nauru,2003,NRU,10086.0,,0.0,0.0,,,0.0,0.0,0.0,0.0,0.0,0.0
Nauru,2004,NRU,10084.0,,0.0,0.0,,,0.0,0.0,0.0,0.0,0.0,0.0
Nauru,2005,NRU,10071.0,,0.0,0.0,,,0.0,0.0,0.0,0.0,0.0,0.0
Nauru,2006,NRU,10061.0,,0.0,0.0,,,0.0,0.0,0.0,0.0,0.0,0.0
Nauru,2007,NRU,10042.0,,0.0,0.0,,,0.0,0.0,0.0,0.0,0.0,0.0
Nauru,2008,NRU,10032.0,,0.0,0.0,,,0.0,0.0,0.0,0.0,0.0,0.0
Nauru,2009,NRU,10041.0,,0.0,0.0,,,0.0,0.0,0.0,0.0,0.0,0.0
Nauru,2010,NRU,10067.0,,0.0,0.0,,,0.0,0.0,0.0,0.0,0.0,0.0
Nauru,2011,NRU,10116.0,,0.0,0.0,,,0.0,0.0,0.0,0.0,0.0,0.0
Nauru,2012,NRU,10289.0,,0.0,0.0,,,0.0,0.0,0.0,0.0,0.0,0.0
Nauru,2013,NRU,10539.0,,0.0,0.0,,,0.0,0.0,0.0,0.0,0.0,0.0
Nauru,2014,NRU,10766.0,,0.0,0.0,,,0.0,0.0,0.0,0.0,0.0,0.0
Nauru,2015,NRU,10975.0,,0.0,0.0,,,0.0,0.0,0.0,0.0,0.0,0.0
Nauru,2016,NRU,11173.0,,0.0,0.0,,,0.0,0.0,0.0,0.0,0.0,0.0
Nauru,2017,NRU,11351.0,,0.0,0.0,,,0.0,0.0,0.0,0.0,0.0,0.0
Nauru,2018,NRU,11499.0,,0.0,0.0,,,0.0,0.0,0.0,0.0,0.0,0.0
Nauru,2019,NRU,11609.0,,0.0,0.0,,,0.0,0.0,0.0,0.0,0.0,0.0
Nauru,2020,NRU,11665.0,,0.0,0.0,,,0.0,0.0,0.0,0.0,0.0,0.0
Nauru,2021,NRU,11727.0,,0.0,0.0,,,0.0,0.0,0.0,0.0,0.0,0.0
Nauru,2022,NRU,11822.0,,0.0,0.0,,,0.0,0.0,0.0,0.0,0.0,0.0
Nauru,2023,NRU,11900.0,,0.0,0.0,,,0.0,0.0,0.0,0.0,0.0,0.0
Nepal,2000,NPL,24546509.0,39381724035.0,1.62,98.182,,,0.0,0.0,0.0,0.0,1.62,98.182
Nepal,2001,NPL,24946755.0,41523111510.0,1.83,98.919,,,0.0,0.0,0.0,0.0,1.83,98.919
Nepal,2002,NPL,25328989.0,41501458057.0,2.1,100.0,,,0.0,0.0,0.0,0.0,2.1,100.0
Nepal,2003,NPL,25688762.0,43073954586.0,2.26,100.0,,,0.0,0.0,0.0,0.0,2.26,100.0
Nepal,2004,NPL,26016652.0,45033771388.0,2.38,99.582,,,0.0,0.0,0.0,0.0,2.38,99.582
Nepal,2005,NPL,26309462.0,46375899545.0,2.49,99.203,,,0.0,0.0,0.0,0.0,2.49,99.203
Nepal,2006,NPL,26565430.0,48016624917.0,2.71,99.632,,,0.0,0.0,0.0,0.0,2.71,99.632
Nepal,2007,NPL,26788498.0,49595508764.0,2.76,99.639,,,0.0,0.0,0.0,0.0,2.76,99.639
Nepal,2008,NPL,26990036.0,52545963062.0,2.78,99.642,,,0.0,0.0,0.0,0.0,2.78,99.642
Nepal,2009,NPL,27173035.0,54837737569.0,3.07,99.675,,,0.0,0.0,0.0,0.0,3.07,99.675
Nepal,2010,NPL,27341955.0,57388251486.0,3.18,100.0,,,0.01,0.314,0.0,0.0,3.17,99.686
Nepal,2011,NPL,27464499.0,59280309000.0,3.46,100.0,,,0.01,0.289,0.0,0.0,3.45,99.711
Nepal,2012,NPL,27534916.0,62106290000.0,3.51,99.433,,,0.01,0.283,0.0,0.0,3.5,99.15
Nepal,2013,NPL,27589997.0,64655772000.0,3.49,99.714,,,0.02,0.571,0.0,0.0,3.47,99.143
Nepal,2014,NPL,27672373.0,68540931000.0,3.8,100.0,,,0.02,0.526,0.01,0.263,3.77,99.211
Nepal,2015,NPL,27823631.0,70404490000.0,3.46,100.0,,,0.02,0.578,0.01,0.289,3.43,99.133
Nepal,2016,NPL,27955471.0,70942615519.0,4.18,100.0,,,0.02,0.478,0.01,0.239,4.15,99.282
Nepal,2017,NPL,28011258.0,77349484140.0,4.58,100.0,,,0.08,1.747,0.01,0.218,4.49,98.035
Nepal,2018,NPL,28079688.0,83234791901.0,4.84,100.0,,,0.08,1.653,0.01,0.207,4.75,98.14
Nepal,2019,NPL,28414066.0,88775779267.0,6.15,100.0,,,0.08,1.301,0.01,0.163,6.06,98.537
Nepal,2020,NPL,28966580.0,86672124340.0,6.18,100.0,,,0.08,1.294,0.01,0.162,6.09,98.544
Nepal,2021,NPL,29475016.0,90865461899.0,9.63,100.0,,,0.09,0.935,0.01,0.104,9.53,98.962
Nepal,2022,NPL,29715435.0,95965910597.0,10.7,100.0,,,0.1,0.935,0.01,0.093,10.59,98.972
Netherlands,2000,NLD,16058757.0,603803040978.0,2.97,3.373,9.011,0.895,0.01,0.011,0.83,0.943,0.14,0.159
Netherlands,2001,NLD,16182705.0,620170874924.0,3.31,3.592,10.008,0.958,0.01,0.011,0.83,0.901,0.12,0.13
Netherlands,2002,NLD,16288060.0,624424625610.0,3.98,4.205,12.022,1.15,0.02,0.021,0.95,1.004,0.11,0.116
Netherlands,2003,NLD,16366914.0,629811489833.0,3.96,4.148,11.832,1.124,0.03,0.031,1.32,1.383,0.07,0.073
Netherlands,2004,NLD,16425562.0,646331449347.0,5.3,5.31,15.799,1.452,0.03,0.03,1.87,1.873,0.09,0.09
Netherlands,2005,NLD,16465707.0,664118269501.0,7.46,7.571,22.375,2.013,0.04,0.041,2.07,2.101,0.09,0.091
Netherlands,2006,NLD,16493851.0,691453801614.0,8.06,8.265,24.382,2.24,0.04,0.041,2.74,2.81,0.11,0.113
Netherlands,2007,NLD,16531360.0,721200009128.0,7.59,7.321,25.901,2.341,0.04,0.039,3.44,3.318,0.11,0.106
Netherlands,2008,NLD,16597259.0,737705013303.0,9.53,8.973,30.786,2.817,0.04,0.038,4.26,4.011,0.1,0.094
Netherlands,2009,NLD,16684148.0,713986817901.0,10.83,9.64,35.818,3.323,0.04,0.036,4.58,4.077,0.1,0.089
Netherlands,2010,NLD,16771232.0,728193221597.0,11.19,9.475,35.529,3.039,0.06,0.051,3.99,3.378,0.1,0.085
Netherlands,2011,NLD,16851061.0,744614396708.0,12.32,10.938,39.48,3.546,0.1,0.089,5.1,4.528,0.06,0.053
Netherlands,2012,NLD,16915191.0,736942199791.0,12.47,12.193,40.157,3.67,0.19,0.186,4.98,4.869,0.1,0.098
Netherlands,2013,NLD,16967066.0,735982982299.0,12.1,12.033,38.315,3.61,0.41,0.408,5.63,5.599,0.11,0.109
Netherlands,2014,NLD,17030085.0,746458868661.0,11.65,11.41,37.048,3.651,0.73,0.715,5.8,5.681,0.11,0.108
Netherlands,2015,NLD,17107429.0,761083250759.0,13.69,12.561,41.3,4.031,1.11,1.018,7.55,6.927,0.09,0.083
Netherlands,2016,NLD,17204693.0,777764090323.0,14.78,12.969,43.12,4.139,1.6,1.404,8.17,7.169,0.1,0.088
Netherlands,2017,NLD,17315376.0,800404023156.0,17.43,15.021,50.322,4.795,2.2,1.896,10.57,9.109,0.06,0.052
Netherlands,2018,NLD,17421285.0,819300805024.0,18.88,16.693,56.339,5.505,3.71,3.28,10.55,9.328,0.07,0.062
Netherlands,2019,NLD,17537505.0,835323029559.0,22.8,18.992,68.307,6.709,5.4,4.498,11.51,9.588,0.07,0.058
Netherlands,2020,NLD,17636732.0,802861622095.0,32.73,26.837,95.868,9.735,8.57,7.027,15.27,12.52,0.05,0.041
Netherlands,2021,NLD,17730565.0,841906706612.0,40.35,33.402,115.929,11.483,11.3,9.354,18.04,14.934,0.09,0.075
Netherlands,2022,NLD,17904421.0,879609110665.0,47.93,40.012,136.6,14.417,16.66,13.908,21.4,17.865,0.05,0.042
Netherlands,2023,NLD,18092526.0,,57.02,47.461,154.89,16.63,19.61,16.323,29.7,24.721,0.07,0.058
Netherlands,2024,NLD,18228740.0,,62.25,50.812,166.262,18.119,21.82,17.811,33.66,27.475,0.09,0.073
Netherlands,2025,NLD,18346823.0,,69.28,51.265,,,28.5,21.089,33.88,25.07,0.05,0.037
New Caledonia,2000,NCL,223110.0,,0.45,27.439,,,0.0,0.0,0.01,0.61,0.44,26.829
New Caledonia,2001,NCL,227714.0,,0.37,21.512,,,0.0,0.0,0.01,0.581,0.36,20.93
New Caledonia,2002,NCL,232239.0,,0.33,18.857,,,0.0,0.0,0.01,0.571,0.32,18.286
New Caledonia,2003,NCL,236684.0,,0.32,18.286,,,0.0,0.0,0.0,0.0,0.32,18.286
New Caledonia,2004,NCL,240865.0,,0.33,19.76,,,0.0,0.0,0.01,0.599,0.32,19.162
New Caledonia,2005,NCL,244391.0,,0.36,19.149,,,0.0,0.0,0.02,1.064,0.34,18.085
New Caledonia,2006,NCL,247557.0,,0.31,16.578,,,0.0,0.0,0.03,1.604,0.28,14.973
New Caledonia,2007,NCL,250730.0,,0.43,22.28,,,0.0,0.0,0.04,2.073,0.39,20.207
New Caledonia,2008,NCL,253831.0,,0.48,25.806,,,0.0,0.0,0.03,1.613,0.45,24.194
New Caledonia,2009,NCL,257261.0,,0.43,22.165,,,0.0,0.0,0.03,1.546,0.4,20.619
New Caledonia,2010,NCL,261580.0,,0.31,14.623,,,0.0,0.0,0.05,2.358,0.26,12.264
New Caledonia,2011,NCL,266550.0,,0.42,18.584,,,0.0,0.0,0.05,2.212,0.37,16.372
New Caledonia,2012,NCL,271640.0,,0.46,20.087,,,0.0,0.0,0.06,2.62,0.4,17.467
New Caledonia,2013,NCL,276832.0,,0.51,20.319,,,0.0,0.0,0.05,1.992,0.46,18.327
New Caledonia,2014,NCL,281233.0,,0.35,11.628,,,0.0,0.0,0.06,1.993,0.29,9.635
New Caledonia,2015,NCL,283179.0,,0.41,14.138,,,0.01,0.345,0.06,2.069,0.34,11.724
New Caledonia,2016,NCL,283432.0,,0.29,9.236,,,0.01,0.318,0.05,1.592,0.23,7.325
New Caledonia,2017,NCL,283554.0,,0.44,13.622,,,0.03,0.929,0.05,1.548,0.36,11.146
New Caledonia,2018,NCL,283551.0,,0.42,12.0,,,0.05,1.429,0.05,1.429,0.32,9.143
New Caledonia,2019,NCL,283616.0,,0.46,13.814,,,0.12,3.604,0.06,1.802,0.28,8.408
New Caledonia,2020,NCL,284187.0,,0.51,15.741,,,0.15,4.63,0.05,1.543,0.31,9.568
New Caledonia,2021,NCL,285227.0,,0.65,22.337,,,0.18,6.186,0.04,1.375,0.43,14.777
New Caledonia,2022,NCL,287130.0,,0.81,26.214,,,0.23,7.443,0.04,1.294,0.54,17.476
New Zealand,2000,NZL,3857576.0,104942102861.0,27.92,71.755,79.899,35.364,0.0,0.0,0.12,0.308,24.19,62.169
New Zealand,2001,NZL,3891763.0,107226686179.0,25.0,63.646,71.307,31.767,0.0,0.0,0.14,0.356,21.46,54.633
New Zealand,2002,NZL,3951116.0,112775904669.0,28.0,69.634,79.093,34.139,0.0,0.0,0.15,0.373,24.62,61.229
New Zealand,2003,NZL,4022585.0,118221542739.0,26.68,66.089,75.006,33.366,0.0,0.0,0.15,0.372,23.39,57.939
New Zealand,2004,NZL,4083912.0,123732222489.0,30.6,72.392,85.41,36.99,0.0,0.0,0.36,0.852,26.97,63.804
New Zealand,2005,NZL,4135002.0,127087212440.0,27.36,64.407,76.259,33.787,0.0,0.0,0.61,1.436,23.09,54.355
New Zealand,2006,NZL,4181943.0,130823651084.0,27.88,64.777,77.417,34.047,0.0,0.0,0.62,1.441,23.34,54.229
New Zealand,2007,NZL,4223270.0,136252900902.0,28.41,65.491,78.676,34.701,0.0,0.0,0.92,2.121,23.4,53.942
New Zealand,2008,NZL,4261819.0,135932629621.0,27.87,64.231,77.088,33.836,0.0,0.0,1.05,2.42,22.12,50.979
New Zealand,2009,NZL,4304304.0,136500728040.0,30.79,71.688,84.925,37.362,0.0,0.0,1.46,3.399,23.98,55.832
New Zealand,2010,NZL,4347766.0,139478805582.0,32.4,73.121,89.366,38.311,0.0,0.0,1.62,3.656,24.48,55.247
New Zealand,2011,NZL,4382699.0,142521900112.0,33.33,75.992,91.873,39.187,0.0,0.0,1.94,4.423,24.86,56.68
New Zealand,2012,NZL,4411682.0,146280651356.0,31.38,71.726,86.914,36.696,0.0,0.0,2.06,4.709,22.67,51.817
New Zealand,2013,NZL,4453857.0,149512485774.0,31.68,74.192,87.794,36.769,0.01,0.023,2.0,4.684,22.8,53.396
New Zealand,2014,NZL,4522976.0,154422989929.0,33.95,79.101,93.718,37.452,0.02,0.047,2.19,5.103,24.07,56.081
New Zealand,2015,NZL,4614035.0,160782215776.0,34.89,80.078,96.208,38.143,0.04,0.092,2.34,5.371,24.28,55.726
New Zealand,2016,NZL,4714768.0,167418113760.0,36.39,84.334,99.178,38.817,0.06,0.139,2.32,5.377,25.66,59.467
New Zealand,2017,NZL,4812749.0,174187918857.0,35.46,81.219,96.44,37.085,0.08,0.183,2.07,4.741,24.93,57.1
New Zealand,2018,NZL,4900840.0,181445758308.0,36.47,83.398,98.546,38.098,0.1,0.229,2.05,4.688,26.03,59.524
New Zealand,2019,NZL,4989410.0,187274507980.0,36.06,82.423,97.379,36.9,0.13,0.297,2.23,5.097,25.32,57.874
New Zealand,2020,NZL,5069895.0,184971347287.0,35.08,80.923,94.275,39.275,0.16,0.369,2.28,5.26,24.03,55.433
New Zealand,2021,NZL,5107694.0,196312458906.0,35.59,81.722,95.464,40.316,0.21,0.482,2.62,6.016,23.99,55.086
New Zealand,2022,NZL,5131731.0,200602760076.0,37.6,85.884,101.099,43.295,0.28,0.64,2.89,6.601,25.86,59.068
New Zealand,2023,NZL,5172837.0,,38.44,87.642,101.46,42.265,0.37,0.844,3.51,8.003,26.17,59.667
New Zealand,2024,NZL,5213942.0,,37.82,85.065,99.847,42.554,0.37,0.832,4.4,9.897,23.52,52.901
Nicaragua,2000,NIC,5022636.0,13909591678.0,0.49,21.491,,,0.0,0.0,0.0,0.0,0.21,9.211
Nicaragua,2001,NIC,5087827.0,14579899402.0,0.49,19.838,,,0.0,0.0,0.0,0.0,0.19,7.692
Nicaragua,2002,NIC,5149914.0,14954188068.0,0.64,25.098,,,0.0,0.0,0.0,0.0,0.3,11.765
Nicaragua,2003,NIC,5210970.0,15599450900.0,0.74,27.407,,,0.0,0.0,0.0,0.0,0.29,10.741
Nicaragua,2004,NIC,5272909.0,16722815302.0,0.79,28.114,,,0.0,0.0,0.0,0.0,0.32,11.388
Nicaragua,2005,NIC,5342108.0,17753885555.0,1.02,35.664,,,0.0,0.0,0.0,0.0,0.43,15.035
Nicaragua,2006,NIC,5418857.0,18819405708.0,0.94,30.032,,,0.0,0.0,0.0,0.0,0.31,9.904
Nicaragua,2007,NIC,5497247.0,20171035929.0,0.92,28.75,,,0.0,0.0,0.0,0.0,0.3,9.375
Nicaragua,2008,NIC,5576597.0,21118480099.0,1.19,35.417,,,0.0,0.0,0.0,0.0,0.53,15.774
Nicaragua,2009,NIC,5656602.0,20900358446.0,1.06,30.725,,,0.0,0.0,0.11,3.188,0.29,8.406
Nicaragua,2010,NIC,5737451.0,21950676457.0,1.34,36.712,,,0.0,0.0,0.16,4.384,0.5,13.699
Nicaragua,2011,NIC,5819051.0,23734874000.0,1.29,33.858,,,0.0,0.0,0.21,5.512,0.44,11.549
Nicaragua,2012,NIC,5901290.0,25065728000.0,1.72,42.68,,,0.0,0.0,0.33,8.189,0.42,10.422
Nicaragua,2013,NIC,5983852.0,26206803000.0,2.18,52.278,,,0.0,0.0,0.56,13.429,0.46,11.031
Nicaragua,2014,NIC,6066493.0,27402565000.0,2.4,53.812,,,0.0,0.0,0.85,19.058,0.4,8.969
Nicaragua,2015,NIC,6149417.0,28748328000.0,2.3,50.109,,,0.0,0.0,0.87,18.954,0.29,6.318
Nicaragua,2016,NIC,6232664.0,29929662026.0,2.4,52.288,,,0.0,0.0,0.73,15.904,0.43,9.368
Nicaragua,2017,NIC,6316235.0,31179621906.0,2.53,55.973,,,0.01,0.221,0.63,13.938,0.47,10.398
Nicaragua,2018,NIC,6400074.0,30002714290.0,2.73,58.71,,,0.02,0.43,0.8,17.204,0.41,8.817
Nicaragua,2019,NIC,6483660.0,29133575354.0,2.61,56.987,,,0.03,0.655,0.73,15.939,0.23,5.022
Nicaragua,2020,NIC,6565267.0,28619004754.0,2.65,69.921,,,0.03,0.792,0.55,14.512,0.57,15.04
Nicaragua,2021,NIC,6644745.0,31580275032.0,2.91,69.121,,,0.03,0.713,0.66,15.677,0.6,14.252
Nicaragua,2022,NIC,6730662.0,32764782125.0,2.77,64.12,,,0.03,0.694,0.56,12.963,0.6,13.889
Nicaragua,2023,NIC,6823619.0,,2.82,64.531,,,0.03,0.686,0.56,12.815,0.65,14.874
Niger,2000,NER,11509634.0,7478107136.0,0.0,0.0,,,0.0,0.0,0.0,0.0,0.0,0.0
Niger,2001,NER,11920648.0,8079568499.0,0.0,0.0,,,0.0,0.0,0.0,0.0,0.0,0.0
Niger,2002,NER,12349150.0,8506710068.0,0.0,0.0,,,0.0,0.0,0.0,0.0,0.0,0.0
Niger,2003,NER,12796979.0,9108500707.0,0.0,0.0,,,0.0,0.0,0.0,0.0,0.0,0.0
Niger,2004,NER,13265843.0,9044074242.0,0.0,0.0,,,0.0,0.0,0.0,0.0,0.0,0.0
Niger,2005,NER,13756192.0,9809322645.0,0.0,0.0,,,0.0,0.0,0.0,0.0,0.0,0.0
Niger,2006,NER,14268583.0,10382568329.0,0.0,0.0,,,0.0,0.0,0.0,0.0,0.0,0.0
Niger,2007,NER,14803604.0,10716181753.0,0.0,0.0,,,0.0,0.0,0.0,0.0,0.0,0.0
Niger,2008,NER,15361921.0,11762875984.0,0.0,0.0,,,0.0,0.0,0.0,0.0,0.0,0.0
Niger,2009,NER,15943673.0,11700248745.0,0.0,0.0,,,0.0,0.0,0.0,0.0,0.0,0.0
Niger,2010,NER,16548833.0,12694118605.0,0.0,0.0,,,0.0,0.0,0.0,0.0,0.0,0.0
Niger,2011,NER,17176286.0,12994344552.0,0.0,0.0,,,0.0,0.0,0.0,0.0,0.0,0.0
Niger,2012,NER,17836770.0,14364207370.0,0.0,0.0,,,0.0,0.0,0.0,0.0,0.0,0.0
Niger,2013,NER,18519899.0,15127089342.0,0.0,0.0,,,0.0,0.0,0.0,0.0,0.0,0.0
Niger,2014,NER,19215917.0,16132130068.0,0.01,2.222,,,0.01,2.222,0.0,0.0,0.0,0.0
Niger,2015,NER,19939496.0,16840818422.0,0.01,1.852,,,0.01,1.852,0.0,0.0,0.0,0.0
Niger,2016,NER,20685758.0,17807651308.0,0.01,1.429,,,0.01,1.429,0.0,0.0,0.0,0.0
Niger,2017,NER,21435449.0,18698209711.0,0.01,1.786,,,0.01,1.786,0.0,0.0,0.0,0.0
Niger,2018,NER,22188074.0,20008393727.0,0.01,1.887,,,0.01,1.887,0.0,0.0,0.0,0.0
Niger,2019,NER,22947765.0,21237507069.0,0.02,2.985,,,0.02,2.985,0.0,0.0,0.0,0.0
Niger,2020,NER,23717615.0,21991440513.0,0.02,2.985,,,0.02,2.985,0.0,0.0,0.0,0.0
Niger,2021,NER,24502145.0,22299096291.0,0.02,2.817,,,0.02,2.817,0.0,0.0,0.0,0.0
Niger,2022,NER,25311978.0,24776754234.0,0.02,2.532,,,0.02,2.532,0.0,0.0,0.0,0.0
Niger,2023,NER,26159863.0,,0.02,2.5,,,0.02,2.5,0.0,0.0,0.0,0.0
Nigeria,2000,NGA,126382490.0,268133056679.0,5.64,38.263,,,0.0,0.0,0.0,0.0,5.63,38.195
Nigeria,2001,NGA,129862594.0,293371700731.0,5.92,38.268,,,0.0,0.0,0.0,0.0,5.91,38.203
Nigeria,2002,NGA,133471995.0,344836483316.0,8.24,38.237,,,0.0,0.0,0.0,0.0,8.23,38.19
Nigeria,2003,NGA,137202646.0,387284228400.0,7.46,36.931,,,0.0,0.0,0.0,0.0,7.45,36.881
Nigeria,2004,NGA,141057045.0,438814816180.0,8.12,33.429,,,0.0,0.0,0.0,0.0,8.11,33.388
Nigeria,2005,NGA,145017256.0,481797619872.0,7.78,33.036,,,0.0,0.0,0.0,0.0,7.77,32.994
Nigeria,2006,NGA,149077335.0,527631752471.0,6.27,27.119,,,0.0,0.0,0.0,0.0,6.26,27.076
Nigeria,2007,NGA,153267254.0,581001445796.0,6.24,27.142,,,0.0,0.0,0.0,0.0,6.23,27.099
Nigeria,2008,NGA,157595014.0,638908028616.0,5.73,27.131,,,0.0,0.0,0.0,0.0,5.72,27.083
Nigeria,2009,NGA,162049466.0,709931188516.0,4.54,22.941,,,0.0,0.0,0.0,0.0,4.53,22.89
Nigeria,2010,NGA,166642888.0,809999411809.0,6.38,24.416,,,0.0,0.0,0.0,0.0,6.37,24.378
Nigeria,2011,NGA,171379602.0,871103799000.0,5.89,21.783,,,0.0,0.0,0.0,0.0,5.88,21.746
Nigeria,2012,NGA,176200627.0,908380661120.0,5.69,19.798,,,0.02,0.07,0.0,0.0,5.66,19.694
Nigeria,2013,NGA,181049440.0,957382666012.0,5.37,18.562,,,0.02,0.069,0.0,0.0,5.33,18.424
Nigeria,2014,NGA,185896917.0,1017790765613.0,5.39,16.698,,,0.02,0.062,0.0,0.0,5.35,16.574
Nigeria,2015,NGA,190671883.0,1044789628210.0,6.47,19.506,,,0.03,0.09,0.0,0.0,6.42,19.355
Nigeria,2016,NGA,195443698.0,1027896680223.0,8.21,22.469,,,0.03,0.082,0.0,0.0,8.15,22.304
Nigeria,2017,NGA,200254580.0,1036180414988.0,7.8,24.194,,,0.03,0.093,0.0,0.0,7.75,24.038
Nigeria,2018,NGA,204938752.0,1056103594567.0,7.77,21.166,,,0.04,0.109,0.0,0.0,7.7,20.975
Nigeria,2019,NGA,209485637.0,1079426893318.0,8.51,23.341,,,0.05,0.137,0.0,0.0,8.43,23.121
Nigeria,2020,NGA,213996185.0,1060059201469.0,7.81,20.553,,,0.08,0.211,0.0,0.0,7.69,20.237
Nigeria,2021,NGA,218529286.0,1098721596994.0,8.1,20.663,,,0.1,0.255,0.0,0.0,7.94,20.255
Nigeria,2022,NGA,223150906.0,1134448580250.0,9.39,24.711,,,0.1,0.263,0.0,0.0,9.23,24.289
Nigeria,2023,NGA,227882949.0,,9.73,22.889,,,0.1,0.235,0.0,0.0,9.57,22.512
Nigeria,2024,NGA,232679482.0,,9.24,23.025,,,0.1,0.249,0.0,0.0,9.08,22.626
Niue,2000,NIU,2068.0,,0.0,,,,0.0,,0.0,,0.0,
Niue,2001,NIU,2007.0,,0.0,,,,0.0,,0.0,,0.0,
Niue,2002,NIU,1965.0,,0.0,,,,0.0,,0.0,,0.0,
Niue,2003,NIU,1928.0,,0.0,,,,0.0,,0.0,,0.0,
Niue,2004,NIU,1891.0,,0.0,,,,0.0,,0.0,,0.0,
Niue,2005,NIU,1849.0,,0.0,,,,0.0,,0.0,,0.0,
Niue,2006,NIU,1818.0,,0.0,,,,0.0,,0.0,,0.0,
Niue,2007,NIU,1810.0,,0.0,,,,0.0,,0.0,,0.0,
Niue,2008,NIU,1805.0,,0.0,,,,0.0,,0.0,,0.0,
Niue,2009,NIU,1801.0,,0.0,,,,0.0,,0.0,,0.0,
Niue,2010,NIU,1786.0,,0.0,,,,0.0,,0.0,,0.0,
Niue,2011,NIU,1776.0,,0.0,,,,0.0,,0.0,,0.0,
Niue,2012,NIU,1784.0,,0.0,,,,0.0,,0.0,,0.0,
Niue,2013,NIU,1786.0,,0.0,,,,0.0,,0.0,,0.0,
Niue,2014,NIU,1792.0,,0.0,,,,0.0,,0.0,,0.0,
Niue,2015,NIU,1803.0,,0.0,,,,0.0,,0.0,,0.0,
Niue,2016,NIU,1806.0,,0.0,,,,0.0,,0.0,,0.0,
Niue,2017,NIU,1803.0,,0.0,,,,0.0,,0.0,,0.0,
Niue,2018,NIU,1805.0,,0.0,,,,0.0,,0.0,,0.0,
Niue,2019,NIU,1814.0,,0.0,,,,0.0,,0.0,,0.0,
Niue,2020,NIU,1822.0,,0.0,,,,0.0,,0.0,,0.0,
Niue,2021,NIU,1836.0,,0.0,,,,0.0,,0.0,,0.0,
Niue,2022,NIU,1844.0,,0.0,,,,0.0,,0.0,,0.0,
North Korea,2000,PRK,23665909.0,37758035363.0,10.1,52.332,,,0.0,0.0,0.0,0.0,10.1,52.332
North Korea,2001,PRK,23815364.0,39161385107.0,10.49,52.215,,,0.0,0.0,0.0,0.0,10.49,52.215
North Korea,2002,PRK,23943975.0,39634147135.0,10.51,53.459,,,0.0,0.0,0.0,0.0,10.51,53.459
North Korea,2003,PRK,24090382.0,40352082900.0,11.6,55.556,,,0.0,0.0,0.0,0.0,11.6,55.556
North Korea,2004,PRK,24254946.0,41171424607.0,12.38,56.633,,,0.0,0.0,0.0,0.0,12.38,56.633
North Korea,2005,PRK,24396434.0,42708227011.0,13.0,57.093,,,0.0,0.0,0.0,0.0,13.0,57.093
North Korea,2006,PRK,24524508.0,42264169568.0,12.49,55.984,,,0.0,0.0,0.0,0.0,12.49,55.984
North Korea,2007,PRK,24646384.0,41765545354.0,13.15,61.477,,,0.0,0.0,0.0,0.0,13.15,61.477
North Korea,2008,PRK,24764620.0,43163303891.0,13.93,60.408,,,0.0,0.0,0.0,0.0,13.93,60.408
North Korea,2009,PRK,24878338.0,42791212438.0,12.38,52.951,,,0.0,0.0,0.0,0.0,12.38,52.951
North Korea,2010,PRK,24987257.0,42605438930.0,13.27,56.3,,,0.0,0.0,0.0,0.0,13.27,56.3
North Korea,2011,PRK,25097877.0,42961431310.0,13.07,62.626,,,0.0,0.0,0.0,0.0,13.07,62.626
North Korea,2012,PRK,25211737.0,43545173971.0,13.36,62.547,,,0.0,0.0,0.0,0.0,13.36,62.547
North Korea,2013,PRK,25329456.0,44033758330.0,13.77,62.676,,,0.01,0.046,0.0,0.0,13.76,62.631
North Korea,2014,PRK,25451263.0,44518471841.0,12.88,59.963,,,0.01,0.047,0.0,0.0,12.87,59.916
North Korea,2015,PRK,25575355.0,44032955306.0,9.93,52.456,,,0.03,0.158,0.0,0.0,9.9,52.298
North Korea,2016,PRK,25698325.0,45739740287.0,12.71,53.381,,,0.04,0.168,0.0,0.0,12.67,53.213
North Korea,2017,PRK,25817710.0,44160501992.0,11.83,50.491,,,0.05,0.213,0.0,0.0,11.78,50.277
North Korea,2018,PRK,25931153.0,42349472757.0,12.73,51.269,,,0.06,0.242,0.0,0.0,12.67,51.027
North Korea,2019,PRK,26037633.0,42499100315.0,11.08,46.399,,,0.08,0.335,0.0,0.0,11.0,46.064
North Korea,2020,PRK,26136312.0,40572892149.0,12.9,53.527,,,0.1,0.415,0.0,0.0,12.8,53.112
North Korea,2021,PRK,26232530.0,40550428396.0,16.23,63.324,,,0.13,0.507,0.0,0.0,16.1,62.817
North Korea,2022,PRK,26328843.0,40488847458.0,16.75,63.089,,,0.15,0.565,0.0,0.0,16.6,62.524
North Macedonia,2000,MKD,2057254.0,16307994486.0,1.17,17.181,3.25,10.608,0.0,0.0,,,1.17,17.181
North Macedonia,2001,MKD,2066300.0,15872667390.0,0.63,9.89,1.729,5.981,0.0,0.0,,,0.63,9.89
North Macedonia,2002,MKD,2074482.0,16017432272.0,0.76,12.479,2.074,7.348,0.0,0.0,,,0.76,12.479
North Macedonia,2003,MKD,2081417.0,16466000239.0,1.37,20.357,3.744,11.797,0.0,0.0,,,1.37,20.357
North Macedonia,2004,MKD,2086581.0,17324217189.0,1.48,22.222,4.016,12.822,0.0,0.0,,,1.48,22.222
North Macedonia,2005,MKD,2089809.0,18219129334.0,1.49,21.47,4.011,12.409,0.0,0.0,,,1.49,21.47
North Macedonia,2006,MKD,2089232.0,19227779553.0,1.65,23.538,4.412,13.409,0.0,0.0,,,1.65,23.538
North Macedonia,2007,MKD,2081972.0,20547244002.0,1.01,15.538,2.686,8.212,0.0,0.0,,,1.01,15.538
North Macedonia,2008,MKD,2070837.0,21752220835.0,0.84,13.312,2.231,7.049,0.0,0.0,,,0.84,13.312
North Macedonia,2009,MKD,2060601.0,21758909955.0,1.27,18.622,3.355,10.849,0.0,0.0,,,1.27,18.622
North Macedonia,2010,MKD,2051510.0,22583127369.0,2.43,33.471,6.336,18.923,0.0,0.0,,,2.43,33.471
North Macedonia,2011,MKD,2040445.0,23201482935.0,1.43,21.154,3.719,11.084,0.0,0.0,,,1.43,21.154
North Macedonia,2012,MKD,2027288.0,23095684802.0,1.04,16.613,2.693,8.636,0.0,0.0,,,1.04,16.613
North Macedonia,2013,MKD,2013280.0,23771197646.0,1.59,26.108,4.085,13.683,0.01,0.164,,,1.58,25.944
North Macedonia,2014,MKD,1997842.0,24633991465.0,1.29,23.978,3.29,11.857,0.01,0.186,0.07,1.301,1.21,22.491
North Macedonia,2015,MKD,1980366.0,25583815729.0,2.03,35.929,5.152,17.673,0.02,0.354,0.12,2.124,1.87,33.097
North Macedonia,2016,MKD,1961268.0,26312536822.0,2.07,36.767,5.216,17.241,0.02,0.355,0.11,1.954,1.9,33.748
North Macedonia,2017,MKD,1940877.0,26597107306.0,1.29,23.036,3.274,11.201,0.02,0.357,0.11,1.964,1.11,19.821
North Macedonia,2018,MKD,1919730.0,27363281668.0,1.96,34.938,4.925,16.351,0.02,0.357,0.1,1.783,1.79,31.907
North Macedonia,2019,MKD,1897643.0,28433274864.0,1.34,22.828,3.363,10.903,0.02,0.341,0.1,1.704,1.16,19.761
North Macedonia,2020,MKD,1872021.0,27100243788.0,1.48,27.715,3.681,13.396,0.02,0.375,0.12,2.247,1.28,23.97
North Macedonia,2021,MKD,1851109.0,28165634846.0,1.65,29.837,4.125,14.348,0.05,0.904,0.1,1.808,1.45,26.221
North Macedonia,2022,MKD,1840236.0,28770256385.0,1.61,27.104,3.981,13.053,0.1,1.684,0.11,1.852,1.35,22.727
North Macedonia,2023,MKD,1831800.0,,2.23,32.272,5.416,16.833,0.36,5.21,0.18,2.605,1.62,23.444
North Macedonia,2024,MKD,1823011.0,,1.92,33.103,4.697,16.037,0.32,5.517,0.19,3.276,1.34,23.103
North Macedonia,2025,MKD,1813792.0,,2.15,36.503,,,0.54,9.168,0.22,3.735,1.33,22.581
Norway,2000,NOR,4490864.0,242751277829.0,142.11,99.712,394.84,70.793,0.0,0.0,0.03,0.021,141.82,99.509
Norway,2001,NOR,4513650.0,255455331302.0,120.74,99.522,333.657,66.998,0.0,0.0,0.03,0.025,120.46,99.291
Norway,2002,NOR,4538016.0,267081351259.0,129.7,99.585,355.445,68.324,0.0,0.0,0.08,0.061,129.37,99.332
Norway,2003,NOR,4564666.0,277856282106.0,106.03,99.4,289.054,62.65,0.0,0.0,0.22,0.206,105.48,98.884
Norway,2004,NOR,4591739.0,297743119876.0,109.39,99.355,296.621,63.413,0.0,0.0,0.25,0.227,108.78,98.801
Norway,2005,NOR,4623120.0,314940774381.0,136.52,99.468,367.151,68.685,0.0,0.0,0.5,0.364,135.69,98.863
Norway,2006,NOR,4660487.0,332457531096.0,120.4,99.324,322.121,65.662,0.0,0.0,0.64,0.528,119.37,98.474
Norway,2007,NOR,4709017.0,352692911227.0,134.94,99.14,359.384,67.798,0.0,0.0,0.89,0.654,133.66,98.2
Norway,2008,NOR,4768097.0,364943654963.0,140.35,99.405,371.452,69.317,0.0,0.0,0.91,0.645,139.04,98.477
Norway,2009,NOR,4828625.0,370113292846.0,126.48,96.572,333.207,67.628,0.0,0.0,0.97,0.741,125.28,95.655
Norway,2010,NOR,4889160.0,383760934305.0,117.96,95.793,308.765,64.629,0.0,0.0,0.87,0.707,116.74,94.803
Norway,2011,NOR,4952969.0,399420041611.0,121.91,96.808,317.353,65.624,0.0,0.0,1.29,1.024,120.28,95.513
Norway,2012,NOR,5018453.0,410276121127.0,143.59,98.228,371.847,69.202,0.0,0.0,1.54,1.053,141.72,96.949
Norway,2013,NOR,5080126.0,414445317738.0,130.42,97.957,335.291,66.873,0.0,0.0,1.88,1.412,128.14,96.245
Norway,2014,NOR,5137397.0,422933730082.0,137.94,97.913,352.653,67.914,0.0,0.0,2.22,1.576,135.47,96.16
Norway,2015,NOR,5189777.0,430788988142.0,140.07,97.951,356.444,67.676,0.0,0.0,2.52,1.762,137.3,96.014
Norway,2016,NOR,5235974.0,435806553454.0,145.15,98.054,368.554,69.046,0.0,0.0,2.11,1.425,142.81,96.474
Norway,2017,NOR,5276807.0,446543702505.0,145.48,98.118,369.764,68.894,0.0,0.0,2.85,1.922,142.37,96.021
Norway,2018,NOR,5311751.0,450245217440.0,143.05,98.02,360.424,68.132,0.0,0.0,3.87,2.652,138.98,95.231
Norway,2019,NOR,5347733.0,455304831150.0,131.07,97.938,330.294,66.741,0.01,0.007,5.52,4.125,125.29,93.619
Norway,2020,NOR,5379275.0,449485260525.0,152.03,98.516,377.977,70.963,0.08,0.052,9.91,6.422,141.8,91.887
Norway,2021,NOR,5408082.0,467007972731.0,156.06,99.319,388.789,71.305,0.11,0.07,11.76,7.484,143.97,91.625
Norway,2022,NOR,5456796.0,482328451592.0,143.45,98.645,356.634,69.648,0.17,0.117,14.8,10.177,128.24,88.186
Norway,2023,NOR,5519167.0,,151.18,98.469,373.262,70.758,0.36,0.234,13.86,9.028,136.71,89.044
Norway,2024,NOR,5576656.0,,153.61,98.392,382.426,71.812,0.36,0.231,14.5,9.288,138.5,88.714
Norway,2025,NOR,5623074.0,,157.89,98.792,,,0.36,0.225,13.46,8.422,143.72,89.926
Oman,2000,OMN,2282139.0,58124187550.0,0.0,0.0,0.0,0.0,0.0,0.0,0.0,0.0,0.0,0.0
Oman,2001,OMN,2310223.0,64949142360.0,0.0,0.0,0.0,0.0,0.0,0.0,0.0,0.0,0.0,0.0
Oman,2002,OMN,2337144.0,68131998222.0,0.0,0.0,0.0,0.0,0.0,0.0,0.0,0.0,0.0,0.0
Oman,2003,OMN,2363801.0,69978417960.0,0.0,0.0,0.0,0.0,0.0,0.0,0.0,0.0,0.0,0.0
Oman,2004,OMN,2404822.0,74745449481.0,0.0,0.0,0.0,0.0,0.0,0.0,0.0,0.0,0.0,0.0
Oman,2005,OMN,2459808.0,80936605625.0,0.0,0.0,0.0,0.0,0.0,0.0,0.0,0.0,0.0,0.0
Oman,2006,OMN,2514794.0,90553430362.0,0.0,0.0,0.0,0.0,0.0,0.0,0.0,0.0,0.0,0.0
Oman,2007,OMN,2570175.0,100681198254.0,0.0,0.0,0.0,0.0,0.0,0.0,0.0,0.0,0.0,0.0
Oman,2008,OMN,2626536.0,115217924982.0,0.0,0.0,0.0,0.0,0.0,0.0,0.0,0.0,0.0,0.0
Oman,2009,OMN,2684665.0,127016653137.0,0.0,0.0,0.0,0.0,0.0,0.0,0.0,0.0,0.0,0.0
Oman,2010,OMN,2757450.0,135198273857.0,0.0,0.0,0.0,0.0,0.0,0.0,0.0,0.0,0.0,0.0
Oman,2011,OMN,3076762.0,132756531310.0,0.0,0.0,0.0,0.0,0.0,0.0,0.0,0.0,0.0,0.0
Oman,2012,OMN,3547104.0,144522749866.0,0.0,0.0,0.0,0.0,0.0,0.0,0.0,0.0,0.0,0.0
Oman,2013,OMN,3833915.0,152076951430.0,0.0,0.0,0.003,0.001,0.0,0.0,0.0,0.0,0.0,0.0
Oman,2014,OMN,4002444.0,154041791696.0,0.0,0.0,0.003,0.001,0.0,0.0,0.0,0.0,0.0,0.0
Oman,2015,OMN,4184898.0,161770059399.0,0.0,0.0,0.009,0.003,0.0,0.0,0.0,0.0,0.0,0.0
Oman,2016,OMN,4390880.0,169932976616.0,0.0,0.0,0.011,0.003,0.0,0.0,0.0,0.0,0.0,0.0
Oman,2017,OMN,4537397.0,170449577065.0,0.02,0.055,0.039,0.011,0.02,0.055,0.0,0.0,0.0,0.0
Oman,2018,OMN,4597878.0,172643265345.0,0.05,0.132,0.039,0.01,0.05,0.132,0.0,0.0,0.0,0.0
Oman,2019,OMN,4591248.0,170692383655.0,0.06,0.154,0.063,0.017,0.05,0.129,0.01,0.026,0.0,0.0
Oman,2020,OMN,4522502.0,165230251016.0,0.31,0.802,0.395,0.109,0.21,0.543,0.1,0.259,0.0,0.0
Oman,2021,OMN,4500429.0,170025212745.0,0.8,1.913,1.977,0.496,0.68,1.626,0.12,0.287,0.0,0.0
Oman,2022,OMN,4730229.0,177355008173.0,1.67,3.785,4.819,1.136,1.55,3.513,0.12,0.272,0.0,0.0
Oman,2023,OMN,5049267.0,,1.82,4.044,4.966,1.142,1.7,3.777,0.12,0.267,0.0,0.0
Oman,2024,OMN,5281542.0,,1.82,4.198,4.98,1.115,1.7,3.922,0.12,0.277,0.0,0.0
Pakistan,2000,PAK,154879124.0,459798536606.0,17.19,25.854,51.669,10.753,0.0,0.0,0.0,0.0,17.19,25.854
Pakistan,2001,PAK,159270910.0,477964444881.0,18.94,26.265,53.255,10.829,0.0,0.0,0.0,0.0,18.94,26.265
Pakistan,2002,PAK,163222552.0,504824722487.0,22.35,29.497,58.941,11.551,0.0,0.0,0.0,0.0,22.35,29.497
Pakistan,2003,PAK,167110250.0,543920300431.0,28.14,34.284,70.277,12.784,0.0,0.0,0.0,0.0,26.94,32.822
Pakistan,2004,PAK,171285999.0,592025705114.0,26.87,31.259,74.41,12.115,0.0,0.0,0.0,0.0,25.67,29.863
Pakistan,2005,PAK,175453212.0,641139042718.0,31.86,33.693,82.526,12.98,0.0,0.0,0.0,0.0,30.86,32.635
Pakistan,2006,PAK,179682690.0,685965623310.0,33.01,33.166,80.885,11.995,0.0,0.0,0.0,0.0,31.95,32.101
Pakistan,2007,PAK,184493231.0,719253757580.0,29.96,31.16,84.252,11.84,0.0,0.0,0.0,0.0,28.71,29.86
Pakistan,2008,PAK,189499112.0,746912719652.0,29.06,31.244,72.139,10.105,0.0,0.0,0.0,0.0,27.78,29.868
Pakistan,2009,PAK,194376535.0,774880575078.0,29.1,30.278,75.473,10.194,0.0,0.0,0.01,0.01,28.09,29.227
Pakistan,2010,PAK,199239048.0,805491514683.0,32.82,34.715,77.665,10.436,0.01,0.011,0.01,0.011,31.81,33.647
Pakistan,2011,PAK,203746069.0,845096928750.0,29.68,31.298,79.33,10.606,0.03,0.032,0.02,0.021,28.52,30.075
Pakistan,2012,PAK,207667129.0,878485024934.0,31.11,31.713,27.916,3.989,0.07,0.071,0.01,0.01,29.86,30.438
Pakistan,2013,PAK,211073979.0,918328534363.0,33.76,32.189,81.284,10.559,0.14,0.133,0.4,0.381,31.87,30.387
Pakistan,2014,PAK,214264649.0,961516822345.0,35.43,32.833,83.786,10.733,0.24,0.222,0.8,0.741,32.47,30.09
Pakistan,2015,PAK,217290884.0,1010825281718.0,37.95,33.647,85.717,10.407,0.38,0.337,0.79,0.7,34.63,30.703
Pakistan,2016,PAK,220138863.0,1061146810870.0,35.85,29.17,91.974,10.286,0.68,0.553,1.33,1.082,32.18,26.184
Pakistan,2017,PAK,223273974.0,1117267177186.0,32.64,25.038,84.925,8.975,0.92,0.706,2.1,1.611,27.92,21.418
Pakistan,2018,PAK,226928893.0,1165406508457.0,33.13,25.678,85.395,8.879,0.92,0.713,3.16,2.449,27.34,21.191
Pakistan,2019,PAK,230800908.0,1172330212219.0,39.1,29.335,100.903,10.438,0.93,0.698,2.88,2.161,33.58,25.193
Pakistan,2020,PAK,235001745.0,1202026422230.0,40.6,28.105,109.215,11.468,2.4,1.661,2.9,2.007,33.55,23.224
Pakistan,2021,PAK,239477805.0,1278204948031.0,44.09,27.295,105.111,9.927,4.11,2.544,4.58,2.835,33.55,20.77
Pakistan,2022,PAK,243700667.0,1318834969356.0,48.87,28.039,102.741,10.571,6.04,3.465,6.34,3.638,34.58,19.84
Pakistan,2023,PAK,247504505.0,,51.91,28.982,109.902,12.266,9.67,5.399,6.34,3.54,34.0,18.983
Pakistan,2024,PAK,251269160.0,,59.92,32.905,110.151,12.507,18.15,9.967,5.45,2.993,34.37,18.874
Palestine,2000,PSE,3151800.0,16535485180.0,0.0,0.0,,,0.0,0.0,0.0,0.0,0.0,0.0
Palestine,2001,PSE,3242286.0,14595986667.0,0.0,0.0,,,0.0,0.0,0.0,0.0,0.0,0.0
Palestine,2002,PSE,3322369.0,12429343876.0,0.0,0.0,,,0.0,0.0,0.0,0.0,0.0,0.0
Palestine,2003,PSE,3398071.0,13784762233.0,0.0,0.0,,,0.0,0.0,0.0,0.0,0.0,0.0
Palestine,2004,PSE,3475178.0,14801525695.0,0.0,0.0,,,0.0,0.0,0.0,0.0,0.0,0.0
Palestine,2005,PSE,3557406.0,15962719146.0,0.0,0.0,,,0.0,0.0,0.0,0.0,0.0,0.0
Palestine,2006,PSE,3645096.0,14923434404.0,0.0,0.0,,,0.0,0.0,0.0,0.0,0.0,0.0
Palestine,2007,PSE,3736694.0,15482101098.0,0.0,0.0,,,0.0,0.0,0.0,0.0,0.0,0.0
Palestine,2008,PSE,3829039.0,15978427884.0,0.0,0.0,,,0.0,0.0,0.0,0.0,0.0,0.0
Palestine,2009,PSE,3921245.0,16895251586.0,0.0,0.0,,,0.0,0.0,0.0,0.0,0.0,0.0
Palestine,2010,PSE,4016918.0,17771111593.0,0.0,0.0,,,0.0,0.0,0.0,0.0,0.0,0.0
Palestine,2011,PSE,4115912.0,19437411000.0,0.0,0.0,,,0.0,0.0,0.0,0.0,0.0,0.0
Palestine,2012,PSE,4215318.0,20660752000.0,0.0,0.0,,,0.0,0.0,0.0,0.0,0.0,0.0
Palestine,2013,PSE,4315263.0,21115612000.0,0.0,0.0,,,0.0,0.0,0.0,0.0,0.0,0.0
Palestine,2014,PSE,4415887.0,21084591000.0,0.0,0.0,,,0.0,0.0,0.0,0.0,0.0,0.0
Palestine,2015,PSE,4521564.0,21808077000.0,0.01,1.923,,,0.01,1.923,0.0,0.0,0.0,0.0
Palestine,2016,PSE,4632743.0,23665914839.0,0.04,7.547,,,0.04,7.547,0.0,0.0,0.0,0.0
Palestine,2017,PSE,4742747.0,23886477912.0,0.05,9.091,,,0.05,9.091,0.0,0.0,0.0,0.0
Palestine,2018,PSE,4850593.0,24082206405.0,0.06,14.286,,,0.06,14.286,0.0,0.0,0.0,0.0
Palestine,2019,PSE,4957773.0,24410373377.0,0.12,14.815,,,0.12,14.815,0.0,0.0,0.0,0.0
Palestine,2020,PSE,5069692.0,21647493143.0,0.18,21.429,,,0.18,21.429,0.0,0.0,0.0,0.0
Palestine,2021,PSE,5185341.0,23165411997.0,0.22,24.176,,,0.22,24.176,0.0,0.0,0.0,0.0
Palestine,2022,PSE,5305274.0,24076501614.0,0.34,33.333,,,0.34,33.333,0.0,0.0,0.0,0.0
Panama,2000,PAN,3010376.0,28706485449.0,3.44,70.348,,,0.0,0.0,0.0,0.0,3.42,69.939
Panama,2001,PAN,3069545.0,28943056968.0,2.52,49.219,,,0.0,0.0,0.0,0.0,2.5,48.828
Panama,2002,PAN,3129343.0,29668000666.0,3.42,64.65,,,0.0,0.0,0.0,0.0,3.4,64.272
Panama,2003,PAN,3189813.0,31009621095.0,2.84,50.987,,,0.0,0.0,0.0,0.0,2.82,50.628
Panama,2004,PAN,3251158.0,33428600750.0,3.8,65.972,,,0.0,0.0,0.0,0.0,3.78,65.625
Panama,2005,PAN,3313024.0,35933065263.0,3.74,64.261,,,0.0,0.0,0.0,0.0,3.72,63.918
Panama,2006,PAN,3375024.0,39099565107.0,3.6,60.201,,,0.0,0.0,0.0,0.0,3.58,59.866
Panama,2007,PAN,3437490.0,43958183203.0,3.73,57.74,,,0.0,0.0,0.0,0.0,3.71,57.43
Panama,2008,PAN,3500646.0,47885663330.0,3.99,62.053,,,0.0,0.0,0.0,0.0,3.97,61.742
Panama,2009,PAN,3564383.0,48772972500.0,3.92,56.729,,,0.0,0.0,0.0,0.0,3.9,56.44
Panama,2010,PAN,3628537.0,51741885375.0,4.21,57.046,,,0.0,0.0,0.0,0.0,4.19,56.775
Panama,2011,PAN,3693509.0,57996520000.0,4.12,52.685,,,0.0,0.0,0.0,0.0,4.1,52.43
Panama,2012,PAN,3759261.0,63359010000.0,5.42,62.95,,,0.0,0.0,0.0,0.0,5.39,62.602
Panama,2013,PAN,3825333.0,67546261000.0,5.18,57.877,,,0.0,0.0,0.0,0.0,5.15,57.542
Panama,2014,PAN,3892100.0,71636840000.0,5.19,55.806,,,0.01,0.108,0.12,1.29,5.03,54.086
Panama,2015,PAN,3960034.0,75784011000.0,6.73,65.34,,,0.02,0.194,0.42,4.078,6.26,60.777
Panama,2016,PAN,4029085.0,79454188125.0,7.25,66.636,,,0.07,0.643,0.63,5.79,6.52,59.926
Panama,2017,PAN,4098704.0,83812229677.0,7.93,71.83,,,0.16,1.449,0.49,4.438,7.25,65.67
Panama,2018,PAN,4167860.0,86820962356.0,8.71,77.768,,,0.23,2.054,0.59,5.268,7.86,70.179
Panama,2019,PAN,4234698.0,89670319909.0,6.14,52.749,,,0.29,2.491,0.72,6.186,5.1,43.814
Panama,2020,PAN,4293258.0,73827064971.0,8.28,75.686,,,0.32,2.925,0.58,5.302,7.35,67.185
Panama,2021,PAN,4345410.0,85518149482.0,9.49,78.365,,,0.59,4.872,0.53,4.377,8.34,68.869
Panama,2022,PAN,4400775.0,94762119668.0,9.46,77.224,,,0.7,5.714,0.58,4.735,8.12,66.286
Panama,2023,PAN,4458758.0,,7.95,61.772,,,0.87,6.76,0.89,6.915,6.15,47.786
Papua New Guinea,2000,PNG,5537068.0,,0.92,42.396,,,0.0,0.0,0.0,0.0,0.92,42.396
Papua New Guinea,2001,PNG,5728444.0,,0.92,34.328,,,0.0,0.0,0.0,0.0,0.92,34.328
Papua New Guinea,2002,PNG,5924010.0,,0.92,32.056,,,0.0,0.0,0.0,0.0,0.92,32.056
Papua New Guinea,2003,PNG,6124005.0,,0.97,30.124,,,0.0,0.0,0.0,0.0,0.92,28.571
Papua New Guinea,2004,PNG,6328042.0,,0.94,26.781,,,0.0,0.0,0.0,0.0,0.89,25.356
Papua New Guinea,2005,PNG,6535905.0,,1.18,32.597,,,0.0,0.0,0.0,0.0,0.88,24.309
Papua New Guinea,2006,PNG,6747724.0,,1.15,33.824,,,0.0,0.0,0.0,0.0,0.85,25.0
Papua New Guinea,2007,PNG,6963353.0,,1.25,37.313,,,0.0,0.0,0.0,0.0,0.85,25.373
Papua New Guinea,2008,PNG,7183002.0,,1.25,36.657,,,0.0,0.0,0.0,0.0,0.85,24.927
Papua New Guinea,2009,PNG,7406442.0,,1.25,37.092,,,0.0,0.0,0.0,0.0,0.85,25.223
Papua New Guinea,2010,PNG,7633524.0,,1.25,35.613,,,0.0,0.0,0.0,0.0,0.85,24.217
Papua New Guinea,2011,PNG,7859349.0,,1.36,37.466,,,0.0,0.0,0.0,0.0,0.96,26.446
Papua New Guinea,2012,PNG,8081396.0,,1.37,36.729,,,0.0,0.0,0.0,0.0,0.97,26.005
Papua New Guinea,2013,PNG,8302700.0,,1.41,35.162,,,0.0,0.0,0.0,0.0,0.99,24.688
Papua New Guinea,2014,PNG,8523440.0,,1.43,33.411,,,0.0,0.0,0.0,0.0,1.01,23.598
Papua New Guinea,2015,PNG,8743247.0,,1.42,31.347,,,0.0,0.0,0.0,0.0,1.0,22.075
Papua New Guinea,2016,PNG,8961717.0,,1.42,29.769,,,0.0,0.0,0.0,0.0,1.0,20.964
Papua New Guinea,2017,PNG,9178717.0,,1.21,27.816,,,0.0,0.0,0.0,0.0,0.79,18.161
Papua New Guinea,2018,PNG,9394518.0,,1.0,22.936,,,0.0,0.0,0.0,0.0,0.85,19.495
Papua New Guinea,2019,PNG,9609014.0,,1.13,26.402,,,0.0,0.0,0.0,0.0,1.01,23.598
Papua New Guinea,2020,PNG,9815743.0,,1.12,27.317,,,0.0,0.0,0.0,0.0,1.01,24.634
Papua New Guinea,2021,PNG,10012898.0,,1.12,24.724,,,0.0,0.0,0.0,0.0,1.01,22.296
Papua New Guinea,2022,PNG,10203177.0,,0.97,21.133,,,0.01,0.218,0.0,0.0,0.85,18.519
Papua New Guinea,2023,PNG,10389638.0,,1.12,23.679,,,0.01,0.211,0.0,0.0,1.0,21.142
Paraguay,2000,PRY,5100875.0,26799187738.0,53.49,100.0,,,0.0,0.0,0.0,0.0,53.49,100.0
Paraguay,2001,PRY,5187690.0,27438613750.0,45.32,100.0,,,0.0,0.0,0.0,0.0,45.32,100.0
Paraguay,2002,PRY,5261334.0,31664872141.0,48.21,100.0,,,0.0,0.0,0.0,0.0,48.21,100.0
Paraguay,2003,PRY,5326437.0,33135448282.0,51.77,100.0,,,0.0,0.0,0.0,0.0,51.77,100.0
Paraguay,2004,PRY,5388181.0,34591080511.0,51.93,100.0,,,0.0,0.0,0.0,0.0,51.93,100.0
Paraguay,2005,PRY,5448100.0,35443580706.0,51.17,100.0,,,0.0,0.0,0.0,0.0,51.17,100.0
Paraguay,2006,PRY,5505145.0,37261533412.0,53.77,100.0,,,0.0,0.0,0.0,0.0,53.77,100.0
Paraguay,2007,PRY,5559385.0,39406021841.0,53.71,100.0,,,0.0,0.0,0.0,0.0,53.71,100.0
Paraguay,2008,PRY,5613577.0,42050621581.0,55.46,100.0,,,0.0,0.0,0.0,0.0,55.46,100.0
Paraguay,2009,PRY,5671243.0,40509009629.0,54.94,100.0,,,0.0,0.0,0.0,0.0,54.94,100.0
Paraguay,2010,PRY,5737973.0,45961696292.0,54.06,100.0,,,0.0,0.0,0.0,0.0,54.06,100.0
Paraguay,2011,PRY,5814632.0,48113309093.0,57.62,100.0,,,0.0,0.0,0.0,0.0,57.62,100.0
Paraguay,2012,PRY,5897011.0,47772664940.0,60.23,100.0,,,0.0,0.0,0.0,0.0,60.23,100.0
Paraguay,2013,PRY,5982447.0,51734453611.0,60.51,100.0,,,0.0,0.0,0.0,0.0,60.38,99.785
Paraguay,2014,PRY,6069819.0,54476893712.0,55.42,99.982,,,0.0,0.0,0.0,0.0,55.28,99.729
Paraguay,2015,PRY,6159106.0,56087783311.0,55.89,100.0,,,0.0,0.0,0.0,0.0,55.74,99.732
Paraguay,2016,PRY,6249129.0,58481604773.0,63.94,100.0,,,0.0,0.0,0.0,0.0,63.77,99.734
Paraguay,2017,PRY,6338658.0,61294571103.0,59.82,100.0,,,0.0,0.0,0.0,0.0,59.68,99.766
Paraguay,2018,PRY,6427382.0,63258456042.0,59.34,100.0,,,0.0,0.0,0.0,0.0,59.21,99.781
Paraguay,2019,PRY,6515059.0,63004153609.0,49.59,100.0,,,0.0,0.0,0.0,0.0,49.45,99.718
Paraguay,2020,PRY,6603741.0,62487519891.0,46.63,100.0,,,0.0,0.0,0.0,0.0,46.37,99.442
Paraguay,2021,PRY,6684184.0,64997640183.0,40.84,100.0,,,0.0,0.0,0.0,0.0,40.57,99.339
Paraguay,2022,PRY,6760460.0,65127634644.0,44.11,100.0,,,0.0,0.0,0.0,0.0,43.87,99.456
Paraguay,2023,PRY,6844150.0,,44.24,100.0,,,0.0,0.0,0.0,0.0,44.0,99.458
Peru,2000,PER,26598328.0,128561599053.0,16.33,81.978,45.43,31.45,0.0,0.0,0.0,0.0,16.17,81.175
Peru,2001,PER,26964610.0,130005019162.0,17.77,85.556,49.172,34.392,0.0,0.0,0.0,0.0,17.61,84.786
Peru,2002,PER,27288211.0,137911092694.0,18.23,82.901,50.182,34.293,0.0,0.0,0.0,0.0,18.04,82.037
Peru,2003,PER,27580485.0,144583674826.0,18.73,81.683,51.292,35.519,0.0,0.0,0.0,0.0,18.53,80.811
Peru,2004,PER,27852190.0,152840586065.0,17.67,72.866,48.091,31.152,0.0,0.0,0.0,0.0,17.52,72.247
Peru,2005,PER,28101175.0,163489485317.0,18.43,72.275,49.494,30.827,0.0,0.0,0.0,0.0,18.08,70.902
Peru,2006,PER,28324488.0,176775277493.0,20.05,73.282,54.391,33.532,0.0,0.0,0.0,0.0,19.7,72.003
Peru,2007,PER,28530704.0,192942634714.0,19.97,66.722,54.234,30.645,0.0,0.0,0.0,0.0,19.55,65.319
Peru,2008,PER,28719038.0,211009673563.0,19.5,60.13,52.823,27.606,0.0,0.0,0.0,0.0,19.04,58.711
Peru,2009,PER,28896819.0,212830474173.0,19.95,60.601,55.534,28.469,0.0,0.0,0.0,0.0,19.49,59.204
Peru,2010,PER,29086021.0,230353256282.0,20.71,57.704,56.59,25.513,0.0,0.0,0.0,0.0,20.04,55.837
Peru,2011,PER,29304083.0,244711917914.0,22.27,56.768,60.38,24.656,0.0,0.0,0.0,0.0,21.59,55.034
Peru,2012,PER,29550367.0,259737230567.0,22.08,55.255,62.824,24.827,0.06,0.15,0.0,0.0,21.35,53.428
Peru,2013,PER,29817908.0,274939626306.0,23.47,53.942,64.66,24.991,0.2,0.46,0.0,0.0,22.31,51.276
Peru,2014,PER,30115825.0,281488723310.0,23.95,52.373,65.648,24.772,0.2,0.437,0.26,0.569,22.2,48.546
Peru,2015,PER,30457598.0,290642734598.0,25.45,52.724,69.108,24.89,0.23,0.476,0.6,1.243,23.71,49.12
Peru,2016,PER,30866497.0,302131843581.0,26.02,50.397,69.438,23.56,0.24,0.465,1.06,2.053,24.16,46.794
Peru,2017,PER,31324639.0,309742529723.0,30.89,58.604,82.497,27.624,0.29,0.55,1.07,2.03,29.06,55.132
Peru,2018,PER,31897590.0,322061010919.0,33.39,61.131,88.46,28.247,0.75,1.373,1.5,2.746,30.72,56.243
Peru,2019,PER,32449302.0,329252610797.0,34.43,60.542,90.071,28.051,0.78,1.372,1.65,2.901,31.45,55.302
Peru,2020,PER,32838577.0,292988745490.0,33.64,63.484,87.938,31.113,0.79,1.491,1.81,3.416,30.5,57.558
Peru,2021,PER,33155883.0,332691638600.0,35.09,61.572,92.159,28.608,0.8,1.404,1.82,3.194,31.89,55.957
Peru,2022,PER,33475436.0,341677633395.0,33.09,55.242,87.133,26.155,0.84,1.402,1.93,3.222,29.73,49.633
Peru,2023,PER,33845616.0,,33.0,53.063,86.427,25.562,0.97,1.56,2.35,3.779,29.1,46.792
Peru,2024,PER,34217850.0,,37.85,59.28,98.304,26.656,1.29,2.02,3.9,6.108,32.04,50.18
Philippines,2000,PHL,79625401.0,327247671365.0,19.43,42.892,57.995,18.729,0.0,0.0,0.0,0.0,7.8,17.219
Philippines,2001,PHL,81401488.0,339580401272.0,17.54,37.279,52.256,17.257,0.0,0.0,0.0,0.0,7.1,15.09
Philippines,2002,PHL,83068889.0,354896572700.0,17.27,35.638,51.276,16.848,0.0,0.0,0.0,0.0,7.03,14.507
Philippines,2003,PHL,84731836.0,375676507230.0,17.69,33.415,52.139,16.612,0.0,0.0,0.0,0.0,7.87,14.866
Philippines,2004,PHL,86394510.0,404092179609.0,18.87,33.733,55.418,17.238,0.0,0.0,0.0,0.0,8.59,15.356
Philippines,2005,PHL,88015959.0,426864086040.0,18.31,32.367,53.558,16.653,0.0,0.0,0.02,0.035,8.39,14.831
Philippines,2006,PHL,89508992.0,452834616353.0,20.46,36.034,59.447,19.318,0.0,0.0,0.05,0.088,9.94,17.506
Philippines,2007,PHL,91075180.0,486739179739.0,18.84,31.6,55.415,17.341,0.0,0.0,0.06,0.101,8.56,14.358
Philippines,2008,PHL,92699091.0,511142140299.0,20.62,33.903,60.644,18.352,0.0,0.0,0.06,0.099,9.84,16.179
Philippines,2009,PHL,94384256.0,521163648845.0,20.17,32.574,59.905,17.917,0.0,0.0,0.06,0.097,9.79,15.811
Philippines,2010,PHL,96337127.0,565514808274.0,17.81,26.296,53.935,15.667,0.0,0.0,0.06,0.089,7.8,11.516
Philippines,2011,PHL,98248614.0,590943092007.0,19.82,28.662,59.217,16.874,0.0,0.0,0.09,0.13,9.7,14.027
Philippines,2012,PHL,100175511.0,631700459807.0,20.74,28.454,62.392,17.177,0.0,0.0,0.08,0.11,10.25,14.062
Philippines,2013,PHL,102076334.0,674346563689.0,19.87,26.412,60.254,15.493,0.0,0.0,0.07,0.093,10.02,13.319
Philippines,2014,PHL,103767127.0,717154029846.0,19.78,25.612,60.627,14.804,0.02,0.026,0.15,0.194,9.14,11.835
Philippines,2015,PHL,105312988.0,762678999551.0,20.94,25.413,64.522,14.375,0.14,0.17,0.75,0.91,8.66,10.51
Philippines,2016,PHL,106735721.0,817202925336.0,21.98,24.21,67.591,13.798,1.1,1.212,0.98,1.079,8.11,8.933
Philippines,2017,PHL,108119691.0,873843247356.0,23.17,24.555,70.595,13.161,1.2,1.272,1.09,1.155,9.61,10.184
Philippines,2018,PHL,109465284.0,929253628653.0,23.31,23.371,71.161,12.831,1.25,1.253,1.15,1.153,9.38,9.404
Philippines,2019,PHL,110804685.0,986114678778.0,22.04,20.787,68.341,11.974,1.25,1.179,1.04,0.981,8.03,7.573
Philippines,2020,PHL,112081270.0,892256290776.0,21.6,21.229,66.528,12.827,1.37,1.346,1.03,1.012,7.19,7.066
Philippines,2021,PHL,113100947.0,943141651518.0,23.4,22.128,71.183,12.948,1.47,1.39,1.27,1.201,9.19,8.69
Philippines,2022,PHL,113964343.0,1014811024029.0,24.69,22.14,74.99,13.032,1.82,1.632,1.03,0.924,10.09,9.048
Philippines,2023,PHL,114891199.0,,25.62,21.942,79.238,12.922,2.47,2.115,1.27,1.088,10.09,8.642
Philippines,2024,PHL,115843663.0,,27.35,21.73,84.178,12.818,3.68,2.924,1.23,0.977,10.87,8.637
Poland,2000,POL,38258077.0,488207682001.0,2.33,1.627,6.555,0.644,0.0,0.0,0.0,0.0,2.11,1.474
Poland,2001,POL,38247359.0,499086644170.0,2.78,1.934,7.849,0.777,0.0,0.0,0.01,0.007,2.33,1.621
Poland,2002,POL,38229407.0,514089670231.0,2.77,1.944,7.745,0.775,0.0,0.0,0.06,0.042,2.28,1.6
Poland,2003,POL,38203527.0,537330337680.0,2.25,1.5,6.64,0.642,0.0,0.0,0.12,0.08,1.67,1.113
Poland,2004,POL,38167568.0,570430122148.0,3.2,2.098,8.841,0.849,0.0,0.0,0.14,0.092,2.08,1.364
Poland,2005,POL,38124377.0,595958527688.0,3.85,2.479,11.55,1.088,0.0,0.0,0.14,0.09,2.2,1.417
Poland,2006,POL,38071169.0,638713864539.0,4.29,2.67,13.351,1.203,0.0,0.0,0.26,0.162,2.04,1.269
Poland,2007,POL,38020420.0,690249985288.0,5.43,3.425,16.72,1.515,0.0,0.0,0.52,0.328,2.35,1.482
Poland,2008,POL,37995902.0,726319216200.0,6.61,4.278,24.202,2.154,0.0,0.0,0.84,0.544,2.15,1.392
Poland,2009,POL,38002153.0,760579624624.0,8.69,5.76,31.695,2.923,0.0,0.0,1.08,0.716,2.38,1.578
Poland,2010,POL,38095356.0,795619859853.0,10.88,6.94,39.067,3.379,0.0,0.0,1.66,1.059,2.92,1.863
Poland,2011,POL,38208644.0,843236863910.0,13.13,8.062,45.976,3.959,0.0,0.0,3.2,1.965,2.33,1.431
Poland,2012,POL,38247867.0,856266755052.0,16.88,10.453,57.77,5.13,0.0,0.0,4.75,2.942,2.04,1.263
Poland,2013,POL,38259267.0,863601156195.0,17.06,10.416,57.048,5.052,0.0,0.0,6.0,3.663,2.44,1.49
Poland,2014,POL,38265113.0,896737189458.0,19.85,12.536,64.378,5.922,0.01,0.006,7.68,4.85,2.18,1.377
Poland,2015,POL,38266314.0,936043804062.0,22.69,13.81,70.274,6.387,0.06,0.037,10.86,6.61,1.83,1.114
Poland,2016,POL,38263260.0,963689941627.0,22.81,13.741,67.435,5.878,0.12,0.072,12.59,7.584,2.14,1.289
Poland,2017,POL,38254964.0,1013223736654.0,24.13,14.202,71.379,5.924,0.17,0.1,14.91,8.775,2.56,1.507
Poland,2018,POL,38241070.0,1073462064151.0,21.62,12.76,68.534,5.621,0.3,0.177,12.8,7.555,1.97,1.163
Poland,2019,POL,38225884.0,1121231497071.0,25.46,15.599,79.444,6.71,0.71,0.435,15.11,9.257,1.96,1.201
Poland,2020,POL,38171005.0,1098581305284.0,28.23,17.964,87.02,7.663,1.96,1.247,15.8,10.054,2.12,1.349
Poland,2021,POL,38040303.0,1173809548862.0,30.56,17.093,92.762,7.599,3.93,2.198,16.23,9.078,2.34,1.309
Poland,2022,POL,38385734.0,1231021338216.0,37.69,21.103,110.737,9.37,8.31,4.653,19.78,11.075,1.97,1.103
Poland,2023,POL,38762847.0,,44.79,27.236,132.366,11.752,11.11,6.756,23.11,14.053,2.41,1.465
Poland,2024,POL,38539209.0,,52.54,30.716,145.929,13.045,17.66,10.324,24.82,14.51,2.11,1.234
Poland,2025,POL,38140913.0,,53.52,31.082,,,19.55,11.354,23.55,13.677,1.7,0.987
Portugal,2000,PRT,10283196.0,238756377443.0,12.87,29.785,36.223,12.409,0.0,0.0,0.17,0.393,11.32,26.198
Portugal,2001,PRT,10354329.0,244348167969.0,15.74,34.173,44.011,14.858,0.0,0.0,0.26,0.564,14.03,30.46
Portugal,2002,PRT,10413045.0,247190712485.0,9.73,21.361,27.27,9.233,0.0,0.0,0.36,0.79,7.8,17.124
Portugal,2003,PRT,10454246.0,245847246169.0,17.7,38.155,48.838,16.157,0.0,0.0,0.5,1.078,15.72,33.887
Portugal,2004,PRT,10481386.0,251279602163.0,12.31,27.551,34.061,11.475,0.0,0.0,0.82,1.835,9.87,22.09
Portugal,2005,PRT,10502993.0,254196923131.0,8.25,17.931,22.875,7.701,0.0,0.0,1.77,3.847,4.73,10.28
Portugal,2006,PRT,10524123.0,259159946424.0,15.72,32.479,43.448,14.808,0.0,0.0,2.93,6.054,11.0,22.727
Portugal,2007,PRT,10546822.0,266663287450.0,16.21,34.703,45.547,15.435,0.02,0.043,4.04,8.649,10.09,21.601
Portugal,2008,PRT,10564086.0,268239264717.0,14.64,32.289,41.23,14.553,0.04,0.088,5.76,12.704,6.8,14.998
Portugal,2009,PRT,10576265.0,261270596745.0,18.29,37.039,51.767,18.133,0.16,0.324,7.58,15.35,8.28,16.768
Portugal,2010,PRT,10578659.0,267277408809.0,28.35,53.01,79.11,26.402,0.21,0.393,9.18,17.165,16.15,30.198
Portugal,2011,PRT,10557050.0,263425010810.0,24.11,46.562,67.716,23.66,0.28,0.541,9.16,17.69,11.54,22.287
Portugal,2012,PRT,10513155.0,252737143203.0,19.37,42.628,54.858,20.965,0.39,0.858,10.26,22.579,5.62,12.368
Portugal,2013,PRT,10458287.0,250405237435.0,29.47,58.53,80.419,28.202,0.48,0.953,12.01,23.853,13.73,27.269
Portugal,2014,PRT,10406203.0,252388910611.0,31.57,60.946,85.419,29.761,0.63,1.216,12.11,23.378,15.57,30.058
Portugal,2015,PRT,10370264.0,256911888409.0,24.36,47.634,67.745,23.685,0.8,1.564,11.6,22.683,8.66,16.934
Portugal,2016,PRT,10346377.0,262100101273.0,32.3,54.699,86.212,28.268,0.87,1.473,12.47,21.118,15.72,26.622
Portugal,2017,PRT,10330838.0,271290329012.0,22.58,39.208,61.549,20.606,0.99,1.719,12.25,21.271,5.9,10.245
Portugal,2018,PRT,10325355.0,279020275961.0,29.41,50.403,78.575,26.2,1.01,1.731,12.62,21.628,12.39,21.234
Portugal,2019,PRT,10343218.0,286505655767.0,27.41,53.12,73.342,25.366,1.34,2.597,13.67,26.492,8.82,17.093
Portugal,2020,PRT,10370519.0,262724232089.0,30.11,58.591,79.964,30.635,1.72,3.347,12.3,23.935,12.08,23.507
Portugal,2021,PRT,10390957.0,277181288542.0,31.54,64.08,84.396,32.197,2.24,4.551,13.21,26.839,11.91,24.197
Portugal,2022,PRT,10417074.0,295712910456.0,27.61,59.594,74.449,28.753,3.52,7.598,13.25,28.599,6.54,14.116
Portugal,2023,PRT,10430735.0,,34.41,74.497,90.499,34.67,5.16,11.171,13.2,28.578,12.04,26.066
Portugal,2024,PRT,10425291.0,,40.32,85.207,105.193,39.741,7.09,14.983,14.39,30.41,14.89,31.467
Portugal,2025,PRT,10411831.0,,41.42,80.962,,,8.84,17.279,13.72,26.818,15.18,29.672
Puerto Rico,2000,PRI,3809868.0,104392661189.0,0.15,0.686,,,0.0,0.0,0.0,0.0,0.15,0.686
Puerto Rico,2001,PRI,3813009.0,112725609474.0,0.13,0.583,,,0.0,0.0,0.0,0.0,0.13,0.583
Puerto Rico,2002,PRI,3810715.0,115553684281.0,0.11,0.475,,,0.0,0.0,0.0,0.0,0.11,0.475
Puerto Rico,2003,PRI,3806043.0,117412676578.0,0.1,0.418,,,0.0,0.0,0.0,0.0,0.1,0.418
Puerto Rico,2004,PRI,3798659.0,122888176607.0,0.14,0.58,,,0.0,0.0,0.0,0.0,0.14,0.58
Puerto Rico,2005,PRI,3788412.0,122355753761.0,0.14,0.561,,,0.0,0.0,0.0,0.0,0.14,0.561
Puerto Rico,2006,PRI,3776220.0,122502584394.0,0.14,0.561,,,0.0,0.0,0.0,0.0,0.14,0.561
Puerto Rico,2007,PRI,3763089.0,122989548931.0,0.16,0.648,,,0.0,0.0,0.0,0.0,0.16,0.648
Puerto Rico,2008,PRI,3749130.0,122623981902.0,0.16,0.688,,,0.0,0.0,0.0,0.0,0.16,0.688
Puerto Rico,2009,PRI,3735014.0,122136555251.0,0.17,0.738,,,0.0,0.0,0.0,0.0,0.17,0.738
Puerto Rico,2010,PRI,3714834.0,123553432914.0,0.16,0.688,,,0.0,0.0,0.0,0.0,0.16,0.688
Puerto Rico,2011,PRI,3683711.0,125016099000.0,0.15,0.674,,,0.0,0.0,0.0,0.0,0.15,0.674
Puerto Rico,2012,PRI,3646423.0,125060220000.0,0.12,0.538,,,0.02,0.09,0.01,0.045,0.09,0.404
Puerto Rico,2013,PRI,3606773.0,124667504000.0,0.29,1.35,,,0.04,0.186,0.17,0.791,0.08,0.372
Puerto Rico,2014,PRI,3565367.0,122937258000.0,0.35,1.662,,,0.05,0.237,0.22,1.045,0.08,0.38
Puerto Rico,2015,PRI,3521811.0,122888632000.0,0.38,1.818,,,0.09,0.431,0.24,1.148,0.05,0.239
Puerto Rico,2016,PRI,3476008.0,121412919445.0,0.39,1.89,,,0.12,0.581,0.19,0.921,0.07,0.339
Puerto Rico,2017,PRI,3371878.0,118146530216.0,0.37,2.259,,,0.16,0.977,0.15,0.916,0.05,0.305
Puerto Rico,2018,PRI,3290068.0,112643622488.0,0.47,2.657,,,0.31,1.752,0.11,0.622,0.04,0.226
Puerto Rico,2019,PRI,3288027.0,114530476443.0,0.73,3.812,,,0.5,2.611,0.16,0.836,0.05,0.261
Puerto Rico,2020,PRI,3275800.0,109716979210.0,0.76,3.985,,,0.56,2.937,0.14,0.734,0.05,0.262
Puerto Rico,2021,PRI,3253210.0,110191669589.0,0.9,4.649,,,0.68,3.512,0.16,0.826,0.05,0.258
Puerto Rico,2022,PRI,3240972.0,113895186748.0,1.07,5.377,,,0.85,4.271,0.16,0.804,0.05,0.251
Puerto Rico,2023,PRI,3242022.0,,1.07,5.377,,,0.85,4.271,0.16,0.804,0.05,0.251
Puerto Rico,2024,PRI,3242212.0,,1.09,5.823,,,0.81,4.327,0.22,1.175,0.05,0.267
Qatar,2000,QAT,644993.0,30159719266.0,0.0,0.0,0.0,0.0,0.0,0.0,0.0,0.0,0.0,0.0
Qatar,2001,QAT,677934.0,34920337897.0,0.0,0.0,0.0,0.0,0.0,0.0,0.0,0.0,0.0,0.0
Qatar,2002,QAT,711215.0,41661485450.0,0.0,0.0,0.0,0.0,0.0,0.0,0.0,0.0,0.0,0.0
Qatar,2003,QAT,744690.0,47126236240.0,0.0,0.0,0.0,0.0,0.0,0.0,0.0,0.0,0.0,0.0
Qatar,2004,QAT,773341.0,63193934807.0,0.0,0.0,0.0,0.0,0.0,0.0,0.0,0.0,0.0,0.0
Qatar,2005,QAT,825419.0,76893678098.0,0.0,0.0,0.0,0.0,0.0,0.0,0.0,0.0,0.0,0.0
Qatar,2006,QAT,972841.0,103895902583.0,0.0,0.0,0.0,0.0,0.0,0.0,0.0,0.0,0.0,0.0
Qatar,2007,QAT,1208601.0,127834802409.0,0.0,0.0,0.0,0.0,0.0,0.0,0.0,0.0,0.0,0.0
Qatar,2008,QAT,1426942.0,156781224399.0,0.0,0.0,0.0,0.0,0.0,0.0,0.0,0.0,0.0,0.0
Qatar,2009,QAT,1586052.0,186164264424.0,0.0,0.0,0.0,0.0,0.0,0.0,0.0,0.0,0.0,0.0
Qatar,2010,QAT,1709238.0,238648100494.0,0.0,0.0,0.0,0.0,0.0,0.0,0.0,0.0,0.0,0.0
Qatar,2011,QAT,1810960.0,296148824653.0,0.0,0.0,0.033,0.008,0.0,0.0,0.0,0.0,0.0,0.0
Qatar,2012,QAT,1907122.0,310156648715.0,0.01,0.029,0.033,0.007,0.0,0.0,0.0,0.0,0.0,0.0
Qatar,2013,QAT,2032650.0,327388964338.0,0.08,0.23,0.249,0.051,0.0,0.0,0.0,0.0,0.0,0.0
Qatar,2014,QAT,2218378.0,344851898869.0,0.11,0.284,0.335,0.065,0.01,0.026,0.0,0.0,0.0,0.0
Qatar,2015,QAT,2427340.0,361242719905.0,0.13,0.312,0.389,0.065,0.01,0.024,0.0,0.0,0.0,0.0
Qatar,2016,QAT,2599382.0,372311173588.0,0.13,0.306,0.405,0.069,0.01,0.024,0.0,0.0,0.0,0.0
Qatar,2017,QAT,2706716.0,366733973367.0,0.14,0.306,0.424,0.075,0.01,0.022,0.0,0.0,0.0,0.0
Qatar,2018,QAT,2761144.0,371263146890.0,0.15,0.312,0.441,0.077,0.01,0.021,0.0,0.0,0.0,0.0
Qatar,2019,QAT,2797927.0,373817411294.0,0.13,0.26,0.388,0.066,0.01,0.02,0.0,0.0,0.0,0.0
Qatar,2020,QAT,2803375.0,360517012801.0,0.14,0.283,0.441,0.086,0.01,0.02,0.0,0.0,0.0,0.0
Qatar,2021,QAT,2814988.0,366245595916.0,0.15,0.29,0.439,0.081,0.01,0.019,0.0,0.0,0.0,0.0
Qatar,2022,QAT,2892466.0,381778107010.0,0.14,0.258,1.087,0.192,0.01,0.018,0.0,0.0,0.0,0.0
Qatar,2023,QAT,2979086.0,,0.14,0.254,5.054,0.816,0.01,0.018,0.0,0.0,0.0,0.0
Qatar,2024,QAT,3048429.0,,0.14,0.239,5.299,0.811,0.01,0.017,0.0,0.0,0.0,0.0
Reunion,2000,REU,763148.0,,0.82,46.591,,,,,,,0.56,31.818
Reunion,2001,REU,772242.0,,0.75,40.541,,,,,,,0.5,27.027
Reunion,2002,REU,781307.0,,0.83,43.005,,,,,,,0.59,30.57
Reunion,2003,REU,790570.0,,0.86,41.346,,,,,,,0.63,30.288
Reunion,2004,REU,797012.0,,0.87,39.726,,,0.0,0.0,0.0,0.0,0.58,26.484
Reunion,2005,REU,800227.0,,0.77,33.921,,,0.0,0.0,0.0,0.0,0.51,22.467
Reunion,2006,REU,806686.0,,0.85,36.017,,,0.0,0.0,0.0,0.0,0.58,24.576
Reunion,2007,REU,818729.0,,0.91,36.992,,,0.0,0.0,0.01,0.407,0.66,26.829
Reunion,2008,REU,830496.0,,0.91,35.827,,,0.0,0.0,0.01,0.394,0.63,24.803
Reunion,2009,REU,838473.0,,0.85,32.443,,,0.02,0.763,0.02,0.763,0.53,20.229
Reunion,2010,REU,844480.0,,0.92,34.074,,,0.08,2.963,0.02,0.741,0.54,20.0
Reunion,2011,REU,846790.0,,0.83,30.182,,,0.14,5.091,0.01,0.364,0.4,14.545
Reunion,2012,REU,845062.0,,0.98,34.752,,,0.19,6.738,0.02,0.709,0.49,17.376
Reunion,2013,REU,847600.0,,1.07,37.943,,,0.22,7.801,0.02,0.709,0.56,19.858
Reunion,2014,REU,858677.0,,0.95,33.217,,,0.24,8.392,0.02,0.699,0.43,15.035
Reunion,2015,REU,865016.0,,1.05,36.207,,,0.24,8.276,0.02,0.69,0.5,17.241
Reunion,2016,REU,862861.0,,1.0,34.014,,,0.26,8.844,0.02,0.68,0.46,15.646
Reunion,2017,REU,858761.0,,0.96,32.215,,,0.26,8.725,0.01,0.336,0.42,14.094
Reunion,2018,REU,856946.0,,1.07,36.271,,,0.25,8.475,0.01,0.339,0.6,20.339
Reunion,2019,REU,857327.0,,0.95,31.148,,,0.26,8.525,0.01,0.328,0.42,13.77
Reunion,2020,REU,861452.0,,0.93,24.538,,,0.26,6.86,0.01,0.264,0.42,11.082
Reunion,2021,REU,868085.0,,0.87,28.155,,,0.27,8.738,0.0,0.0,0.36,11.65
Reunion,2022,REU,871543.0,,1.15,34.125,,,0.27,8.012,0.0,0.0,0.63,18.694
Romania,2000,ROU,22046264.0,157839292272.0,14.78,28.666,41.05,9.836,0.0,0.0,,,14.78,28.666
Romania,2001,ROU,21919916.0,173763436827.0,14.92,27.862,41.224,9.765,0.0,0.0,,,14.92,27.862
Romania,2002,ROU,21770020.0,190219311781.0,16.05,29.493,43.971,10.037,0.0,0.0,,,16.05,29.493
Romania,2003,ROU,21593448.0,204513401651.0,13.26,24.179,36.137,8.239,0.0,0.0,,,13.26,24.179
Romania,2004,ROU,21403215.0,228570981481.0,16.51,29.237,44.763,9.814,0.0,0.0,,,16.51,29.237
Romania,2005,ROU,21213395.0,244044803180.0,20.22,34.081,54.339,11.901,0.0,0.0,0.0,0.0,20.21,34.064
Romania,2006,ROU,21035732.0,274969703969.0,18.36,29.348,49.095,10.578,0.0,0.0,0.0,0.0,18.36,29.348
Romania,2007,ROU,20870714.0,304650701380.0,16.01,26.007,43.053,9.612,0.0,0.0,0.0,0.0,15.97,25.942
Romania,2008,ROU,20718745.0,339689310169.0,17.22,26.549,46.033,10.317,0.0,0.0,0.0,0.0,17.2,26.519
Romania,2009,ROU,20576922.0,326954238767.0,15.55,27.001,41.301,10.621,0.0,0.0,0.01,0.017,15.53,26.966
Romania,2010,ROU,20432575.0,335489566640.0,20.3,33.598,54.252,13.83,0.0,0.0,0.31,0.513,19.88,32.903
Romania,2011,ROU,20282009.0,350086824382.0,16.32,26.408,44.535,10.997,0.0,0.0,1.39,2.249,14.73,23.835
Romania,2012,ROU,20158451.0,356825919340.0,14.93,25.504,40.606,10.404,0.01,0.017,2.64,4.51,12.07,20.618
Romania,2013,ROU,20062913.0,357789262640.0,20.15,34.628,53.035,14.507,0.42,0.722,4.52,7.768,14.96,25.709
Romania,2014,ROU,19968179.0,372532510801.0,27.12,41.774,65.569,17.513,1.62,2.495,6.2,9.55,18.8,28.959
Romania,2015,ROU,19871018.0,384306463712.0,26.19,39.887,68.48,18.196,1.98,3.016,7.06,10.752,16.63,25.327
Romania,2016,ROU,19777049.0,395288226514.0,26.97,41.996,70.954,18.867,1.82,2.834,6.59,10.262,18.03,28.075
Romania,2017,ROU,19689405.0,456012361225.0,24.29,38.228,64.221,16.748,1.86,2.927,7.41,11.662,14.49,22.805
Romania,2018,ROU,19597874.0,473122658487.0,26.19,40.877,68.848,17.773,1.77,2.763,6.32,9.864,17.66,27.564
Romania,2019,ROU,19501542.0,456564507688.0,24.63,41.916,65.608,17.297,1.78,3.029,6.77,11.521,15.58,26.515
Romania,2020,ROU,19392467.0,483499378450.0,24.61,44.575,66.143,18.117,1.73,3.133,6.95,12.588,15.38,27.857
Romania,2021,ROU,19248159.0,505119539256.0,26.34,44.98,69.975,18.153,1.7,2.903,6.58,11.236,17.41,29.73
Romania,2022,ROU,19166776.0,504741667296.0,23.62,43.149,63.34,17.783,1.99,3.635,7.0,12.788,13.98,25.539
Romania,2023,ROU,19118482.0,,28.36,49.798,74.08,20.908,2.23,3.916,7.55,13.257,18.14,31.853
Romania,2024,ROU,19015096.0,,24.52,46.51,67.132,19.112,3.42,6.487,6.43,12.197,14.19,26.916
Romania,2025,ROU,18908655.0,,23.43,47.039,,,4.88,9.797,5.97,11.986,12.09,24.272
Russia,2000,RUS,146717784.0,1547057523527.0,164.16,18.702,456.019,6.354,0.0,0.0,0.0,0.0,164.08,18.693
Russia,2001,RUS,146117290.0,1662886727147.0,174.01,19.524,480.749,6.595,0.0,0.0,0.0,0.0,173.9,19.511
Russia,2002,RUS,145939502.0,1781424730851.0,162.35,18.215,444.871,6.127,0.0,0.0,0.01,0.001,162.17,18.195
Russia,2003,RUS,145794230.0,1955875991276.0,156.05,17.031,425.335,5.738,0.0,0.0,0.01,0.001,155.67,16.989
Russia,2004,RUS,145180091.0,2143914665541.0,176.14,18.901,477.514,6.387,0.0,0.0,0.01,0.001,175.68,18.852
Russia,2005,RUS,144597886.0,2331247104465.0,173.07,18.139,465.437,6.235,0.0,0.0,0.01,0.001,172.61,18.091
Russia,2006,RUS,144102948.0,2576148450528.0,173.81,17.519,464.923,5.962,0.0,0.0,0.01,0.001,173.29,17.467
Russia,2007,RUS,143859767.0,2858759376272.0,177.53,17.427,472.396,6.025,0.0,0.0,0.01,0.001,177.04,17.379
Russia,2008,RUS,143811837.0,3078094367564.0,165.28,15.892,436.317,5.539,0.0,0.0,0.01,0.001,164.78,15.844
Russia,2009,RUS,143869128.0,2903690263125.0,174.7,17.591,458.78,6.13,0.0,0.0,0.0,0.0,174.2,17.541
Russia,2010,RUS,143934468.0,3105249267337.0,167.02,16.09,435.24,5.597,0.0,0.0,0.0,0.0,166.48,16.038
Russia,2011,RUS,144043751.0,3306765993750.0,163.62,15.511,424.181,5.274,0.0,0.0,0.01,0.001,163.05,15.457
Russia,2012,RUS,144291025.0,3439833075673.0,163.96,15.334,422.87,5.226,0.0,0.0,0.01,0.001,163.45,15.286
Russia,2013,RUS,144604105.0,3500216789791.0,181.64,17.151,464.846,5.816,0.01,0.001,0.0,0.0,181.15,17.104
Russia,2014,RUS,144925639.0,3525987597216.0,174.21,16.37,443.592,5.531,0.16,0.015,0.1,0.009,173.4,16.294
Russia,2015,RUS,145307612.0,3456429719677.0,168.96,15.827,428.028,5.423,0.34,0.032,0.15,0.014,167.99,15.736
Russia,2016,RUS,145778668.0,3463123938280.0,185.68,17.02,467.186,5.807,0.47,0.043,0.15,0.014,184.61,16.922
Russia,2017,RUS,146186798.0,3526353842599.0,186.36,17.079,467.004,5.769,0.54,0.049,0.14,0.013,185.16,16.969
Russia,2018,RUS,146430146.0,3625347362801.0,192.0,17.31,479.074,5.709,0.62,0.056,0.24,0.022,190.64,17.187
Russia,2019,RUS,146533063.0,3705035583500.0,196.22,17.548,487.594,5.855,0.99,0.089,0.31,0.028,194.38,17.384
Russia,2020,RUS,146371295.0,3606716578675.0,216.25,19.923,536.377,6.679,1.86,0.171,1.14,0.105,212.44,19.572
Russia,2021,RUS,145836172.0,3809571453737.0,220.24,19.034,545.825,6.586,2.31,0.2,2.58,0.223,214.53,18.541
Russia,2022,RUS,145579889.0,3731440829579.0,205.11,17.577,508.351,5.92,2.4,0.206,4.2,0.36,197.67,16.939
Russia,2023,RUS,145440502.0,,209.1,17.747,515.432,5.913,2.63,0.223,4.75,0.403,200.87,17.048
Russia,2024,RUS,144820421.0,,218.86,18.098,540.379,5.999,2.92,0.241,4.57,0.378,210.54,17.41
Rwanda,2000,RWA,8213936.0,8053572290.0,0.1,62.5,,,0.0,0.0,0.0,0.0,0.1,62.5
Rwanda,2001,RWA,8287091.0,8517814124.0,0.09,60.0,,,0.0,0.0,0.0,0.0,0.09,60.0
Rwanda,2002,RWA,8400185.0,9398566544.0,0.1,58.824,,,0.0,0.0,0.0,0.0,0.1,58.824
Rwanda,2003,RWA,8586878.0,9366054447.0,0.12,66.667,,,0.0,0.0,0.0,0.0,0.12,66.667
Rwanda,2004,RWA,8816849.0,9814510529.0,0.08,57.143,,,0.0,0.0,0.0,0.0,0.08,57.143
Rwanda,2005,RWA,9054532.0,10465323107.0,0.1,52.632,,,0.0,0.0,0.0,0.0,0.1,52.632
Rwanda,2006,RWA,9299251.0,11146496514.0,0.13,48.148,,,0.0,0.0,0.0,0.0,0.13,48.148
Rwanda,2007,RWA,9549940.0,11698650639.0,0.12,48.0,,,0.0,0.0,0.0,0.0,0.12,48.0
Rwanda,2008,RWA,9804268.0,12678494332.0,0.16,55.172,,,0.0,0.0,0.0,0.0,0.16,55.172
Rwanda,2009,RWA,10060438.0,13135703239.0,0.16,51.613,,,0.0,0.0,0.0,0.0,0.16,51.613
Rwanda,2010,RWA,10317560.0,13742192522.0,0.11,39.286,,,0.0,0.0,0.0,0.0,0.11,39.286
Rwanda,2011,RWA,10573742.0,14451195383.0,0.15,42.857,,,0.0,0.0,0.0,0.0,0.15,42.857
Rwanda,2012,RWA,10829904.0,15700063621.0,0.18,46.154,,,0.0,0.0,0.0,0.0,0.18,46.154
Rwanda,2013,RWA,11093340.0,16440168692.0,0.15,40.541,,,0.0,0.0,0.0,0.0,0.15,40.541
Rwanda,2014,RWA,11364758.0,17455015690.0,0.2,48.78,,,0.0,0.0,0.0,0.0,0.2,48.78
Rwanda,2015,RWA,11640026.0,19000488690.0,0.29,56.863,,,0.01,1.961,0.0,0.0,0.28,54.902
Rwanda,2016,RWA,11919183.0,20135193148.0,0.32,50.0,,,0.02,3.125,0.0,0.0,0.3,46.875
Rwanda,2017,RWA,12202062.0,20935170126.0,0.3,46.154,,,0.02,3.077,0.0,0.0,0.28,43.077
Rwanda,2018,RWA,12488000.0,22730987759.0,0.34,41.463,,,0.03,3.659,0.0,0.0,0.31,37.805
Rwanda,2019,RWA,12776102.0,24883378782.0,0.43,50.588,,,0.03,3.529,0.0,0.0,0.4,47.059
Rwanda,2020,RWA,13065838.0,24048043469.0,0.56,62.921,,,0.03,3.371,0.0,0.0,0.53,59.551
Rwanda,2021,RWA,13355260.0,26663035281.0,0.59,59.0,,,0.04,4.0,0.0,0.0,0.55,55.0
Rwanda,2022,RWA,13651025.0,28466253314.0,0.6,57.692,,,0.04,3.846,0.0,0.0,0.56,53.846
Rwanda,2023,RWA,13954473.0,,0.6,56.604,,,0.04,3.774,0.0,0.0,0.56,52.83
Saint Helena,2000,SHN,6045.0,,0.0,0.0,,,0.0,0.0,0.0,0.0,0.0,0.0
Saint Helena,2001,SHN,5963.0,,0.0,0.0,,,0.0,0.0,0.0,0.0,0.0,0.0
Saint Helena,2002,SHN,5879.0,,0.0,0.0,,,0.0,0.0,0.0,0.0,0.0,0.0
Saint Helena,2003,SHN,5775.0,,0.0,0.0,,,0.0,0.0,0.0,0.0,0.0,0.0
Saint Helena,2004,SHN,5678.0,,0.0,0.0,,,0.0,0.0,0.0,0.0,0.0,0.0
Saint Helena,2005,SHN,5570.0,,0.0,0.0,,,0.0,0.0,0.0,0.0,0.0,0.0
Saint Helena,2006,SHN,5457.0,,0.0,0.0,,,0.0,0.0,0.0,0.0,0.0,0.0
Saint Helena,2007,SHN,5346.0,,0.0,0.0,,,0.0,0.0,0.0,0.0,0.0,0.0
Saint Helena,2008,SHN,5295.0,,0.0,0.0,,,0.0,0.0,0.0,0.0,0.0,0.0
Saint Helena,2009,SHN,5320.0,,0.0,0.0,,,0.0,0.0,0.0,0.0,0.0,0.0
Saint Helena,2010,SHN,5352.0,,0.0,0.0,,,0.0,0.0,0.0,0.0,0.0,0.0
Saint Helena,2011,SHN,5385.0,,0.0,0.0,,,0.0,0.0,0.0,0.0,0.0,0.0
Saint Helena,2012,SHN,5428.0,,0.0,0.0,,,0.0,0.0,0.0,0.0,0.0,0.0
Saint Helena,2013,SHN,5462.0,,0.0,0.0,,,0.0,0.0,0.0,0.0,0.0,0.0
Saint Helena,2014,SHN,5493.0,,0.0,0.0,,,0.0,0.0,0.0,0.0,0.0,0.0
Saint Helena,2015,SHN,5529.0,,0.0,0.0,,,0.0,0.0,0.0,0.0,0.0,0.0
Saint Helena,2016,SHN,5544.0,,0.0,0.0,,,0.0,0.0,0.0,0.0,0.0,0.0
Saint Helena,2017,SHN,5528.0,,0.0,0.0,,,0.0,0.0,0.0,0.0,0.0,0.0
Saint Helena,2018,SHN,5507.0,,0.0,0.0,,,0.0,0.0,0.0,0.0,0.0,0.0
Saint Helena,2019,SHN,5485.0,,0.0,0.0,,,0.0,0.0,0.0,0.0,0.0,0.0
Saint Helena,2020,SHN,5451.0,,0.0,0.0,,,0.0,0.0,0.0,0.0,0.0,0.0
Saint Helena,2021,SHN,5415.0,,0.0,0.0,,,0.0,0.0,0.0,0.0,0.0,0.0
Saint Helena,2022,SHN,5369.0,,0.0,0.0,,,0.0,0.0,0.0,0.0,0.0,0.0
Saint Kitts and Nevis,2000,KNA,45272.0,,0.0,0.0,,,0.0,0.0,0.0,0.0,0.0,0.0
Saint Kitts and Nevis,2001,KNA,45785.0,,0.0,0.0,,,0.0,0.0,0.0,0.0,0.0,0.0
Saint Kitts and Nevis,2002,KNA,46048.0,,0.0,0.0,,,0.0,0.0,0.0,0.0,0.0,0.0
Saint Kitts and Nevis,2003,KNA,46200.0,,0.0,0.0,,,0.0,0.0,0.0,0.0,0.0,0.0
Saint Kitts and Nevis,2004,KNA,46337.0,,0.0,0.0,,,0.0,0.0,0.0,0.0,0.0,0.0
Saint Kitts and Nevis,2005,KNA,46459.0,,0.0,0.0,,,0.0,0.0,0.0,0.0,0.0,0.0
Saint Kitts and Nevis,2006,KNA,46592.0,,0.0,0.0,,,0.0,0.0,0.0,0.0,0.0,0.0
Saint Kitts and Nevis,2007,KNA,46734.0,,0.0,0.0,,,0.0,0.0,0.0,0.0,0.0,0.0
Saint Kitts and Nevis,2008,KNA,46857.0,,0.0,0.0,,,0.0,0.0,0.0,0.0,0.0,0.0
Saint Kitts and Nevis,2009,KNA,46941.0,,0.0,0.0,,,0.0,0.0,0.0,0.0,0.0,0.0
Saint Kitts and Nevis,2010,KNA,46871.0,,0.0,0.0,,,0.0,0.0,0.0,0.0,0.0,0.0
Saint Kitts and Nevis,2011,KNA,46917.0,,0.0,0.0,,,0.0,0.0,0.0,0.0,0.0,0.0
Saint Kitts and Nevis,2012,KNA,47056.0,,0.01,4.545,,,0.0,0.0,0.01,4.545,0.0,0.0
Saint Kitts and Nevis,2013,KNA,47092.0,,0.01,4.545,,,0.0,0.0,0.01,4.545,0.0,0.0
Saint Kitts and Nevis,2014,KNA,47112.0,,0.01,4.545,,,0.0,0.0,0.01,4.545,0.0,0.0
Saint Kitts and Nevis,2015,KNA,47108.0,,0.01,4.545,,,0.0,0.0,0.01,4.545,0.0,0.0
Saint Kitts and Nevis,2016,KNA,47099.0,,0.01,4.348,,,0.0,0.0,0.01,4.348,0.0,0.0
Saint Kitts and Nevis,2017,KNA,47075.0,,0.0,0.0,,,0.0,0.0,0.0,0.0,0.0,0.0
Saint Kitts and Nevis,2018,KNA,47032.0,,0.01,4.348,,,0.0,0.0,0.01,4.348,0.0,0.0
Saint Kitts and Nevis,2019,KNA,46976.0,,0.01,4.348,,,0.0,0.0,0.01,4.348,0.0,0.0
Saint Kitts and Nevis,2020,KNA,46896.0,,0.01,4.545,,,0.0,0.0,0.01,4.545,0.0,0.0
Saint Kitts and Nevis,2021,KNA,46786.0,,0.01,4.545,,,0.0,0.0,0.01,4.545,0.0,0.0
Saint Kitts and Nevis,2022,KNA,46732.0,,0.01,4.545,,,0.0,0.0,0.01,4.545,0.0,0.0
Saint Lucia,2000,LCA,158624.0,1100265060.0,0.0,0.0,,,0.0,0.0,0.0,0.0,0.0,0.0
Saint Lucia,2001,LCA,160247.0,1080200365.0,0.0,0.0,,,0.0,0.0,0.0,0.0,0.0,0.0
Saint Lucia,2002,LCA,161655.0,1106971931.0,0.0,0.0,,,0.0,0.0,0.0,0.0,0.0,0.0
Saint Lucia,2003,LCA,162985.0,1185932109.0,0.0,0.0,,,0.0,0.0,0.0,0.0,0.0,0.0
Saint Lucia,2004,LCA,164250.0,1306608275.0,0.0,0.0,,,0.0,0.0,0.0,0.0,0.0,0.0
Saint Lucia,2005,LCA,165460.0,1321769047.0,0.0,0.0,,,0.0,0.0,0.0,0.0,0.0,0.0
Saint Lucia,2006,LCA,166657.0,1443383695.0,0.0,0.0,,,0.0,0.0,0.0,0.0,0.0,0.0
Saint Lucia,2007,LCA,167766.0,1491085385.0,0.0,0.0,,,0.0,0.0,0.0,0.0,0.0,0.0
Saint Lucia,2008,LCA,168816.0,1589069531.0,0.0,0.0,,,0.0,0.0,0.0,0.0,0.0,0.0
Saint Lucia,2009,LCA,169880.0,1609861406.0,0.0,0.0,,,0.0,0.0,0.0,0.0,0.0,0.0
Saint Lucia,2010,LCA,170921.0,1619438310.0,0.0,0.0,,,0.0,0.0,0.0,0.0,0.0,0.0
Saint Lucia,2011,LCA,171814.0,1661310000.0,0.0,0.0,,,0.0,0.0,0.0,0.0,0.0,0.0
Saint Lucia,2012,LCA,172595.0,1630854000.0,0.0,0.0,,,0.0,0.0,0.0,0.0,0.0,0.0
Saint Lucia,2013,LCA,173380.0,1636031000.0,0.0,0.0,,,0.0,0.0,0.0,0.0,0.0,0.0
Saint Lucia,2014,LCA,174145.0,1635705000.0,0.0,0.0,,,0.0,0.0,0.0,0.0,0.0,0.0
Saint Lucia,2015,LCA,174919.0,1670340000.0,0.0,0.0,,,0.0,0.0,0.0,0.0,0.0,0.0
Saint Lucia,2016,LCA,175651.0,1719860632.0,0.0,0.0,,,0.0,0.0,0.0,0.0,0.0,0.0
Saint Lucia,2017,LCA,176352.0,1781316024.0,0.0,0.0,,,0.0,0.0,0.0,0.0,0.0,0.0
Saint Lucia,2018,LCA,177032.0,1830625072.0,0.01,2.439,,,0.01,2.439,0.0,0.0,0.0,0.0
Saint Lucia,2019,LCA,177675.0,1824037649.0,0.01,2.381,,,0.01,2.381,0.0,0.0,0.0,0.0
Saint Lucia,2020,LCA,178261.0,1361621707.0,0.01,2.632,,,0.01,2.632,0.0,0.0,0.0,0.0
Saint Lucia,2021,LCA,178540.0,1515672504.0,0.01,2.5,,,0.01,2.5,0.0,0.0,0.0,0.0
Saint Lucia,2022,LCA,178794.0,1749086152.0,0.01,2.5,,,0.01,2.5,0.0,0.0,0.0,0.0
Saint Pierre and Miquelon,2000,SPM,6317.0,,0.0,0.0,,,0.0,0.0,0.0,0.0,0.0,0.0
Saint Pierre and Miquelon,2001,SPM,6299.0,,0.0,0.0,,,0.0,0.0,0.0,0.0,0.0,0.0
Saint Pierre and Miquelon,2002,SPM,6273.0,,0.0,0.0,,,0.0,0.0,0.0,0.0,0.0,0.0
Saint Pierre and Miquelon,2003,SPM,6234.0,,0.0,0.0,,,0.0,0.0,0.0,0.0,0.0,0.0
Saint Pierre and Miquelon,2004,SPM,6191.0,,0.0,0.0,,,0.0,0.0,0.0,0.0,0.0,0.0
Saint Pierre and Miquelon,2005,SPM,6139.0,,0.0,0.0,,,0.0,0.0,0.0,0.0,0.0,0.0
Saint Pierre and Miquelon,2006,SPM,6094.0,,0.0,0.0,,,0.0,0.0,0.0,0.0,0.0,0.0
Saint Pierre and Miquelon,2007,SPM,6074.0,,0.0,0.0,,,0.0,0.0,0.0,0.0,0.0,0.0
Saint Pierre and Miquelon,2008,SPM,6063.0,,0.0,0.0,,,0.0,0.0,0.0,0.0,0.0,0.0
Saint Pierre and Miquelon,2009,SPM,6054.0,,0.0,0.0,,,0.0,0.0,0.0,0.0,0.0,0.0
Saint Pierre and Miquelon,2010,SPM,6047.0,,0.0,0.0,,,0.0,0.0,0.0,0.0,0.0,0.0
Saint Pierre and Miquelon,2011,SPM,6036.0,,0.0,0.0,,,0.0,0.0,0.0,0.0,0.0,0.0
Saint Pierre and Miquelon,2012,SPM,6019.0,,0.0,0.0,,,0.0,0.0,0.0,0.0,0.0,0.0
Saint Pierre and Miquelon,2013,SPM,5999.0,,0.0,0.0,,,0.0,0.0,0.0,0.0,0.0,0.0
Saint Pierre and Miquelon,2014,SPM,5984.0,,0.0,0.0,,,0.0,0.0,0.0,0.0,0.0,0.0
Saint Pierre and Miquelon,2015,SPM,5971.0,,0.0,0.0,,,0.0,0.0,0.0,0.0,0.0,0.0
Saint Pierre and Miquelon,2016,SPM,5957.0,,0.0,0.0,,,0.0,0.0,0.0,0.0,0.0,0.0
Saint Pierre and Miquelon,2017,SPM,5946.0,,0.0,0.0,,,0.0,0.0,0.0,0.0,0.0,0.0
Saint Pierre and Miquelon,2018,SPM,5932.0,,0.0,0.0,,,0.0,0.0,0.0,0.0,0.0,0.0
Saint Pierre and Miquelon,2019,SPM,5899.0,,0.0,0.0,,,0.0,0.0,0.0,0.0,0.0,0.0
Saint Pierre and Miquelon,2020,SPM,5852.0,,0.0,0.0,,,0.0,0.0,0.0,0.0,0.0,0.0
Saint Pierre and Miquelon,2021,SPM,5802.0,,0.0,0.0,,,0.0,0.0,0.0,0.0,0.0,0.0
Saint Pierre and Miquelon,2022,SPM,5760.0,,0.0,0.0,,,0.0,0.0,0.0,0.0,0.0,0.0
Saint Vincent and the Grenadines,2000,VCT,113561.0,,0.03,30.0,,,0.0,0.0,0.0,0.0,0.03,30.0
Saint Vincent and the Grenadines,2001,VCT,113506.0,,0.02,20.0,,,0.0,0.0,0.0,0.0,0.02,20.0
Saint Vincent and the Grenadines,2002,VCT,113365.0,,0.02,20.0,,,0.0,0.0,0.0,0.0,0.02,20.0
Saint Vincent and the Grenadines,2003,VCT,113149.0,,0.02,18.182,,,0.0,0.0,0.0,0.0,0.02,18.182
Saint Vincent and the Grenadines,2004,VCT,112856.0,,0.03,25.0,,,0.0,0.0,0.0,0.0,0.03,25.0
Saint Vincent and the Grenadines,2005,VCT,112465.0,,0.03,21.429,,,0.0,0.0,0.0,0.0,0.03,21.429
Saint Vincent and the Grenadines,2006,VCT,112027.0,,0.02,15.385,,,0.0,0.0,0.0,0.0,0.02,15.385
Saint Vincent and the Grenadines,2007,VCT,111544.0,,0.02,14.286,,,0.0,0.0,0.0,0.0,0.02,14.286
Saint Vincent and the Grenadines,2008,VCT,111047.0,,0.02,14.286,,,0.0,0.0,0.0,0.0,0.02,14.286
Saint Vincent and the Grenadines,2009,VCT,110521.0,,0.02,14.286,,,0.0,0.0,0.0,0.0,0.02,14.286
Saint Vincent and the Grenadines,2010,VCT,109974.0,,0.03,20.0,,,0.0,0.0,0.0,0.0,0.03,20.0
Saint Vincent and the Grenadines,2011,VCT,109367.0,,0.03,21.429,,,0.0,0.0,0.0,0.0,0.03,21.429
Saint Vincent and the Grenadines,2012,VCT,108753.0,,0.03,20.0,,,0.0,0.0,0.0,0.0,0.03,20.0
Saint Vincent and the Grenadines,2013,VCT,108156.0,,0.02,14.286,,,0.0,0.0,0.0,0.0,0.02,14.286
Saint Vincent and the Grenadines,2014,VCT,107555.0,,0.01,7.143,,,0.0,0.0,0.0,0.0,0.01,7.143
Saint Vincent and the Grenadines,2015,VCT,106975.0,,0.02,13.333,,,0.0,0.0,0.0,0.0,0.02,13.333
Saint Vincent and the Grenadines,2016,VCT,106365.0,,0.02,12.5,,,0.0,0.0,0.0,0.0,0.02,12.5
Saint Vincent and the Grenadines,2017,VCT,105674.0,,0.02,13.333,,,0.0,0.0,0.0,0.0,0.02,13.333
Saint Vincent and the Grenadines,2018,VCT,104939.0,,0.02,13.333,,,0.0,0.0,0.0,0.0,0.02,13.333
Saint Vincent and the Grenadines,2019,VCT,104183.0,,0.02,13.333,,,0.0,0.0,0.0,0.0,0.02,13.333
Saint Vincent and the Grenadines,2020,VCT,103540.0,,0.02,13.333,,,0.0,0.0,0.0,0.0,0.02,13.333
Saint Vincent and the Grenadines,2021,VCT,102848.0,,0.02,14.286,,,0.0,0.0,0.0,0.0,0.02,14.286
Saint Vincent and the Grenadines,2022,VCT,102063.0,,0.02,13.333,,,0.0,0.0,0.0,0.0,0.02,13.333
Saint Vincent and the Grenadines,2023,VCT,101331.0,,0.02,13.333,,,0.0,0.0,0.0,0.0,0.02,13.333
Samoa,2000,WSM,181695.0,,0.04,50.0,,,0.0,0.0,0.0,0.0,0.04,50.0
Samoa,2001,WSM,183174.0,,0.05,50.0,,,0.0,0.0,0.0,0.0,0.05,50.0
Samoa,2002,WSM,184482.0,,0.06,54.545,,,0.0,0.0,0.0,0.0,0.06,54.545
Samoa,2003,WSM,185447.0,,0.05,50.0,,,0.0,0.0,0.0,0.0,0.05,50.0
Samoa,2004,WSM,186265.0,,0.05,45.455,,,0.0,0.0,0.0,0.0,0.05,45.455
Samoa,2005,WSM,186993.0,,0.05,45.455,,,0.0,0.0,0.0,0.0,0.05,45.455
Samoa,2006,WSM,187724.0,,0.05,41.667,,,0.0,0.0,0.0,0.0,0.05,41.667
Samoa,2007,WSM,188766.0,,0.05,41.667,,,0.0,0.0,0.0,0.0,0.05,41.667
Samoa,2008,WSM,190117.0,,0.05,45.455,,,0.0,0.0,0.0,0.0,0.05,45.455
Samoa,2009,WSM,191530.0,,0.05,38.462,,,0.0,0.0,0.0,0.0,0.05,38.462
Samoa,2010,WSM,193035.0,,0.05,41.667,,,0.0,0.0,0.0,0.0,0.05,41.667
Samoa,2011,WSM,194726.0,,0.05,38.462,,,0.0,0.0,0.0,0.0,0.05,38.462
Samoa,2012,WSM,196518.0,,0.04,36.364,,,0.0,0.0,0.0,0.0,0.04,36.364
Samoa,2013,WSM,198284.0,,0.03,25.0,,,0.0,0.0,0.0,0.0,0.03,25.0
Samoa,2014,WSM,200051.0,,0.03,23.077,,,0.0,0.0,0.0,0.0,0.03,23.077
Samoa,2015,WSM,201794.0,,0.04,30.769,,,0.01,7.692,0.0,0.0,0.03,23.077
Samoa,2016,WSM,203509.0,,0.05,33.333,,,0.02,13.333,0.0,0.0,0.03,20.0
Samoa,2017,WSM,205423.0,,0.05,31.25,,,0.02,12.5,0.0,0.0,0.03,18.75
Samoa,2018,WSM,207595.0,,0.06,40.0,,,0.02,13.333,0.0,0.0,0.04,26.667
Samoa,2019,WSM,209794.0,,0.07,41.176,,,0.02,11.765,0.0,0.0,0.05,29.412
Samoa,2020,WSM,211957.0,,0.07,38.889,,,0.02,11.111,0.0,0.0,0.05,27.778
Samoa,2021,WSM,213792.0,,0.08,47.059,,,0.02,11.765,0.0,0.0,0.05,29.412
Samoa,2022,WSM,215270.0,,0.07,43.75,,,0.02,12.5,0.0,0.0,0.04,25.0
Samoa,2023,WSM,216673.0,,0.06,40.0,,,0.02,13.333,0.0,0.0,0.03,20.0
Sao Tome and Principe,2000,STP,144029.0,312853560.0,0.01,33.333,,,0.0,0.0,0.0,0.0,0.01,33.333
Sao Tome and Principe,2001,STP,146386.0,323367292.0,0.0,0.0,,,0.0,0.0,0.0,0.0,0.0,0.0
Sao Tome and Principe,2002,STP,149932.0,330763135.0,0.01,25.0,,,0.0,0.0,0.0,0.0,0.01,25.0
Sao Tome and Principe,2003,STP,153824.0,356840538.0,0.01,25.0,,,0.0,0.0,0.0,0.0,0.01,25.0
Sao Tome and Principe,2004,STP,157721.0,370949154.0,0.01,25.0,,,0.0,0.0,0.0,0.0,0.01,25.0
Sao Tome and Principe,2005,STP,161650.0,400193555.0,0.0,0.0,,,0.0,0.0,0.0,0.0,0.0,0.0
Sao Tome and Principe,2006,STP,165651.0,436915676.0,0.01,20.0,,,0.0,0.0,0.0,0.0,0.01,20.0
Sao Tome and Principe,2007,STP,169709.0,454094461.0,0.01,20.0,,,0.0,0.0,0.0,0.0,0.01,20.0
Sao Tome and Principe,2008,STP,173808.0,491548804.0,0.01,20.0,,,0.0,0.0,0.0,0.0,0.01,20.0
Sao Tome and Principe,2009,STP,177866.0,507380515.0,0.01,16.667,,,0.0,0.0,0.0,0.0,0.01,16.667
Sao Tome and Principe,2010,STP,181810.0,544428757.0,0.0,0.0,,,0.0,0.0,0.0,0.0,0.0,0.0
Sao Tome and Principe,2011,STP,185665.0,572220000.0,0.01,14.286,,,0.0,0.0,0.0,0.0,0.01,14.286
Sao Tome and Principe,2012,STP,189452.0,588711000.0,0.01,12.5,,,0.0,0.0,0.0,0.0,0.01,12.5
Sao Tome and Principe,2013,STP,193158.0,619718000.0,0.01,14.286,,,0.0,0.0,0.0,0.0,0.01,14.286
Sao Tome and Principe,2014,STP,196780.0,660060000.0,0.01,12.5,,,0.0,0.0,0.0,0.0,0.01,12.5
Sao Tome and Principe,2015,STP,200308.0,687730000.0,0.01,10.0,,,0.0,0.0,0.0,0.0,0.01,10.0
Sao Tome and Principe,2016,STP,203702.0,718608950.0,0.01,9.091,,,0.0,0.0,0.0,0.0,0.01,9.091
Sao Tome and Principe,2017,STP,206986.0,745271993.0,0.0,0.0,,,0.0,0.0,0.0,0.0,0.0,0.0
Sao Tome and Principe,2018,STP,210198.0,768095622.0,0.0,0.0,,,0.0,0.0,0.0,0.0,0.0,0.0
Sao Tome and Principe,2019,STP,213405.0,784993764.0,0.01,9.091,,,0.0,0.0,0.0,0.0,0.01,9.091
Sao Tome and Principe,2020,STP,217450.0,809328569.0,0.01,9.091,,,0.0,0.0,0.0,0.0,0.01,9.091
Sao Tome and Principe,2021,STP,221975.0,824700110.0,0.01,9.091,,,0.0,0.0,0.0,0.0,0.01,9.091
Sao Tome and Principe,2022,STP,226313.0,825238400.0,0.01,11.111,,,0.0,0.0,0.0,0.0,0.01,11.111
Saudi Arabia,2000,SAU,16177733.0,488272422255.0,0.0,0.0,0.0,0.0,0.0,0.0,0.0,0.0,,
Saudi Arabia,2001,SAU,17041405.0,506978101388.0,0.0,0.0,0.0,0.0,0.0,0.0,0.0,0.0,,
Saudi Arabia,2002,SAU,17910909.0,518347038548.0,0.0,0.0,0.0,0.0,0.0,0.0,0.0,0.0,,
Saudi Arabia,2003,SAU,18786771.0,607244594721.0,0.0,0.0,0.0,0.0,0.0,0.0,0.0,0.0,,
Saudi Arabia,2004,SAU,19669486.0,690846607941.0,0.0,0.0,0.0,0.0,0.0,0.0,0.0,0.0,,
Saudi Arabia,2005,SAU,20559886.0,768984265306.0,0.0,0.0,0.0,0.0,0.0,0.0,0.0,0.0,,
Saudi Arabia,2006,SAU,21459141.0,833723402383.0,0.0,0.0,0.0,0.0,0.0,0.0,0.0,0.0,,
Saudi Arabia,2007,SAU,22368313.0,896025266041.0,0.0,0.0,0.0,0.0,0.0,0.0,0.0,0.0,,
Saudi Arabia,2008,SAU,23287884.0,1005243539213.0,0.0,0.0,0.002,0.0,0.0,0.0,0.0,0.0,,
Saudi Arabia,2009,SAU,24217656.0,1040467027041.0,0.0,0.0,0.002,0.0,0.0,0.0,0.0,0.0,,
Saudi Arabia,2010,SAU,25157134.0,1156842077931.0,0.0,0.0,0.011,0.0,0.0,0.0,0.0,0.0,,
Saudi Arabia,2011,SAU,26105636.0,1347950226660.0,0.01,0.004,0.014,0.001,0.01,0.004,0.0,0.0,,
Saudi Arabia,2012,SAU,27062447.0,1421109142119.0,0.03,0.011,0.066,0.002,0.03,0.011,0.0,0.0,,
Saudi Arabia,2013,SAU,28026825.0,1461615692896.0,0.04,0.014,0.109,0.004,0.04,0.014,0.0,0.0,,
Saudi Arabia,2014,SAU,28998127.0,1520484201383.0,0.05,0.015,0.117,0.004,0.05,0.015,0.0,0.0,,
Saudi Arabia,2015,SAU,29974944.0,1591797027903.0,0.05,0.014,0.116,0.004,0.05,0.014,0.0,0.0,,
Saudi Arabia,2016,SAU,30717804.0,1629412617614.0,0.05,0.014,0.115,0.004,0.05,0.014,0.0,0.0,,
Saudi Arabia,2017,SAU,30782400.0,1628276592787.0,0.07,0.018,0.175,0.005,0.07,0.018,0.0,0.0,,
Saudi Arabia,2018,SAU,30365119.0,1673253984473.0,0.16,0.043,0.409,0.013,0.16,0.043,0.0,0.0,,
Saudi Arabia,2019,SAU,30472809.0,1687180073621.0,0.22,0.058,0.526,0.018,0.21,0.055,0.01,0.003,,
Saudi Arabia,2020,SAU,30991206.0,1613932868835.0,0.92,0.242,2.263,0.078,0.91,0.239,0.01,0.003,,
Saudi Arabia,2021,SAU,31328374.0,1677226744197.0,1.0,0.254,2.463,0.083,0.99,0.252,0.01,0.003,,
Saudi Arabia,2022,SAU,32175351.0,1823886192336.0,2.01,0.49,4.939,0.157,1.22,0.298,0.79,0.193,,
Saudi Arabia,2023,SAU,33264289.0,,4.72,1.1,11.498,0.359,3.13,0.729,1.59,0.37,,
Saudi Arabia,2024,SAU,33962751.0,,9.82,2.16,23.957,0.728,8.23,1.81,1.59,0.35,,
Senegal,2000,SEN,9968262.0,20439620643.0,0.05,3.356,,,0.0,0.0,0.0,0.0,0.0,0.0
Senegal,2001,SEN,10212941.0,21256566387.0,0.06,3.352,,,0.0,0.0,0.0,0.0,0.0,0.0
Senegal,2002,SEN,10466216.0,21289209696.0,0.26,12.5,,,0.0,0.0,0.0,0.0,0.19,9.135
Senegal,2003,SEN,10721176.0,22622569107.0,0.38,16.309,,,0.0,0.0,0.0,0.0,0.33,14.163
Senegal,2004,SEN,10975711.0,23858338191.0,0.33,13.808,,,0.0,0.0,0.0,0.0,0.29,12.134
Senegal,2005,SEN,11235473.0,25111741099.0,0.31,11.698,,,0.0,0.0,0.0,0.0,0.26,9.811
Senegal,2006,SEN,11500094.0,25681645040.0,0.28,10.606,,,0.0,0.0,0.0,0.0,0.23,8.712
Senegal,2007,SEN,11770348.0,26900866878.0,0.22,7.857,,,0.0,0.0,0.0,0.0,0.18,6.429
Senegal,2008,SEN,12048963.0,27862112568.0,0.27,9.122,,,0.0,0.0,0.0,0.0,0.23,7.77
Senegal,2009,SEN,12337390.0,28495333178.0,0.29,9.508,,,0.0,0.0,0.0,0.0,0.24,7.869
Senegal,2010,SEN,12635418.0,29674469620.0,0.32,9.907,,,0.0,0.0,0.0,0.0,0.25,7.74
Senegal,2011,SEN,12958902.0,30201416523.0,0.33,10.03,,,0.0,0.0,0.0,0.0,0.25,7.599
Senegal,2012,SEN,13310499.0,31410375400.0,0.34,9.392,,,0.0,0.0,0.0,0.0,0.29,8.011
Senegal,2013,SEN,13710857.0,32167998974.0,0.37,9.711,,,0.0,0.0,0.0,0.0,0.31,8.136
Senegal,2014,SEN,14152103.0,34170131826.0,0.38,9.091,,,0.0,0.0,0.0,0.0,0.31,7.416
Senegal,2015,SEN,14593335.0,36345743124.0,0.4,9.009,,,0.0,0.0,0.0,0.0,0.33,7.432
Senegal,2016,SEN,15034517.0,38655882471.0,0.43,8.996,,,0.01,0.209,0.0,0.0,0.36,7.531
Senegal,2017,SEN,15475001.0,41519118886.0,0.53,11.229,,,0.09,1.907,0.0,0.0,0.36,7.627
Senegal,2018,SEN,15914495.0,44097044770.0,0.7,14.17,,,0.25,5.061,0.0,0.0,0.36,7.287
Senegal,2019,SEN,16352926.0,46131678369.0,0.78,13.402,,,0.33,5.67,0.02,0.344,0.31,5.326
Senegal,2020,SEN,16789217.0,46743389453.0,1.02,16.832,,,0.38,6.271,0.22,3.63,0.31,5.116
Senegal,2021,SEN,17220866.0,49579310412.0,1.35,20.27,,,0.54,8.108,0.4,6.006,0.31,4.655
Senegal,2022,SEN,17651099.0,51913993763.0,1.75,23.333,,,0.59,7.867,0.74,9.867,0.31,4.133
Senegal,2023,SEN,18077573.0,,1.75,21.739,,,0.59,7.329,0.74,9.193,0.31,3.851
Serbia,2000,SRB,7694608.0,45972177454.0,9.82,30.736,,,0.0,0.0,,,9.82,30.736
Serbia,2001,SRB,7651927.0,49551965376.0,9.89,30.365,,,0.0,0.0,,,9.89,30.365
Serbia,2002,SRB,7616741.0,54169287385.0,9.93,29.874,,,0.0,0.0,,,9.93,29.874
Serbia,2003,SRB,7590946.0,57670215281.0,8.74,25.511,,,0.0,0.0,,,8.74,25.511
Serbia,2004,SRB,7565843.0,64122161308.0,10.62,28.556,,,0.0,0.0,,,10.62,28.556
Serbia,2005,SRB,7539139.0,69083768076.0,11.41,31.818,,,0.0,0.0,,,11.41,31.818
Serbia,2006,SRB,7511395.0,74079355840.0,10.35,28.854,,,0.0,0.0,,,10.35,28.854
Serbia,2007,SRB,7482996.0,80235729936.0,9.46,26.3,,,0.0,0.0,,,9.46,26.3
Serbia,2008,SRB,7454285.0,86433151884.0,9.56,25.964,,,0.0,0.0,,,9.56,25.964
Serbia,2009,SRB,7425346.0,85543117613.0,10.54,27.95,,,0.0,0.0,,,10.54,27.95
Serbia,2010,SRB,7395872.0,88047936265.0,11.89,31.774,,,0.0,0.0,,,11.89,31.774
Serbia,2011,SRB,7364858.0,91032746041.0,8.67,22.804,,,0.0,0.0,,,8.67,22.804
Serbia,2012,SRB,7324624.0,90412315334.0,9.3,25.698,,,0.0,0.0,0.0,0.0,9.29,25.67
Serbia,2013,SRB,7276183.0,93027618312.0,10.22,26.051,,,0.0,0.0,0.0,0.0,10.2,26.001
Serbia,2014,SRB,7227203.0,91548933459.0,11.03,32.984,,,0.01,0.03,0.0,0.0,11.0,32.895
Serbia,2015,SRB,7177257.0,93202353035.0,10.11,26.895,,,0.01,0.027,0.0,0.0,10.08,26.816
Serbia,2016,SRB,7126083.0,96313997829.0,10.86,28.127,,,0.01,0.026,0.03,0.078,10.79,27.946
Serbia,2017,SRB,7073507.0,98337716405.0,9.29,25.494,,,0.01,0.027,0.05,0.137,9.15,25.11
Serbia,2018,SRB,7020014.0,102758122729.0,10.9,29.725,,,0.01,0.027,0.15,0.409,10.64,29.016
Serbia,2019,SRB,6966155.0,107209329080.0,10.51,28.513,,,0.01,0.027,0.9,2.442,9.46,25.665
Serbia,2020,SRB,6907814.0,106240984752.0,10.16,27.327,,,0.01,0.027,0.98,2.636,8.98,24.153
Serbia,2021,SRB,6835429.0,114262090563.0,12.55,33.502,,,0.01,0.027,1.08,2.883,11.21,29.925
Serbia,2022,SRB,6791215.0,116834638171.0,9.82,28.186,,,0.02,0.057,0.95,2.727,8.6,24.684
Serbia,2023,SRB,6773204.0,,13.59,34.695,,,0.05,0.128,0.91,2.323,12.38,31.606
Serbia,2024,SRB,6736217.0,,11.7,31.233,,,0.05,0.133,1.09,2.91,10.3,27.496
Serbia,2025,SRB,6689038.0,,10.03,27.02,,,0.05,0.135,1.31,3.529,8.34,22.468
Seychelles,2000,SYC,83339.0,1136006730.0,0.0,0.0,,,0.0,0.0,0.0,0.0,0.0,0.0
Seychelles,2001,SYC,84621.0,1137693046.0,0.0,0.0,,,0.0,0.0,0.0,0.0,0.0,0.0
Seychelles,2002,SYC,85878.0,1181094301.0,0.0,0.0,,,0.0,0.0,0.0,0.0,0.0,0.0
Seychelles,2003,SYC,87056.0,1134551439.0,0.0,0.0,,,0.0,0.0,0.0,0.0,0.0,0.0
Seychelles,2004,SYC,88175.0,1140079489.0,0.0,0.0,,,0.0,0.0,0.0,0.0,0.0,0.0
Seychelles,2005,SYC,89288.0,1274495332.0,0.0,0.0,,,0.0,0.0,0.0,0.0,0.0,0.0
Seychelles,2006,SYC,90391.0,1430092128.0,0.0,0.0,,,0.0,0.0,0.0,0.0,0.0,0.0
Seychelles,2007,SYC,91483.0,1619623050.0,0.0,0.0,,,0.0,0.0,0.0,0.0,0.0,0.0
Seychelles,2008,SYC,92563.0,1625802984.0,0.0,0.0,,,0.0,0.0,0.0,0.0,0.0,0.0
Seychelles,2009,SYC,93644.0,1630727660.0,0.0,0.0,,,0.0,0.0,0.0,0.0,0.0,0.0
Seychelles,2010,SYC,94993.0,1772951640.0,0.0,0.0,,,0.0,0.0,0.0,0.0,0.0,0.0
Seychelles,2011,SYC,97041.0,1917505000.0,0.0,0.0,,,0.0,0.0,0.0,0.0,0.0,0.0
Seychelles,2012,SYC,99565.0,1991700000.0,0.0,0.0,,,0.0,0.0,0.0,0.0,0.0,0.0
Seychelles,2013,SYC,102108.0,2096276000.0,0.01,2.273,,,0.0,0.0,0.01,2.273,0.0,0.0
Seychelles,2014,SYC,104663.0,2231000000.0,0.01,2.222,,,0.0,0.0,0.01,2.222,0.0,0.0
Seychelles,2015,SYC,107247.0,2363480000.0,0.01,2.174,,,0.0,0.0,0.01,2.174,0.0,0.0
Seychelles,2016,SYC,109836.0,2658740126.0,0.01,2.0,,,0.0,0.0,0.01,2.0,0.0,0.0
Seychelles,2017,SYC,112443.0,2824383463.0,0.01,1.961,,,0.0,0.0,0.01,1.961,0.0,0.0
Seychelles,2018,SYC,115053.0,2983293782.0,0.01,1.923,,,0.0,0.0,0.01,1.923,0.0,0.0
Seychelles,2019,SYC,117662.0,3137071789.0,0.04,7.018,,,0.04,7.018,0.0,0.0,0.0,0.0
Seychelles,2020,SYC,120299.0,2871729130.0,0.07,11.864,,,0.06,10.169,0.01,1.695,0.0,0.0
Seychelles,2021,SYC,123000.0,2944095268.0,0.08,13.333,,,0.07,11.667,0.01,1.667,0.0,0.0
Seychelles,2022,SYC,125533.0,3053368129.0,0.09,14.516,,,0.08,12.903,0.01,1.613,0.0,0.0
Seychelles,2023,SYC,127961.0,,0.09,14.286,,,0.08,12.698,0.01,1.587,0.0,0.0
Sierra Leone,2000,SLE,4423615.0,3156875905.0,0.01,11.111,,,0.0,0.0,0.0,0.0,0.01,11.111
Sierra Leone,2001,SLE,4692715.0,3731874073.0,0.01,7.692,,,0.0,0.0,0.0,0.0,0.01,7.692
Sierra Leone,2002,SLE,4971435.0,4723203819.0,0.02,12.5,,,0.0,0.0,0.0,0.0,0.02,12.5
Sierra Leone,2003,SLE,5177686.0,5165014591.0,0.02,13.333,,,0.0,0.0,0.0,0.0,0.02,13.333
Sierra Leone,2004,SLE,5355715.0,5509297894.0,0.02,16.667,,,0.0,0.0,0.0,0.0,0.02,16.667
Sierra Leone,2005,SLE,5501707.0,5761186841.0,0.02,25.0,,,0.0,0.0,0.0,0.0,0.02,25.0
Sierra Leone,2006,SLE,5624464.0,6009264027.0,0.0,0.0,,,0.0,0.0,0.0,0.0,0.0,0.0
Sierra Leone,2007,SLE,5749353.0,6495486321.0,0.02,33.333,,,0.0,0.0,0.0,0.0,0.02,33.333
Sierra Leone,2008,SLE,5894728.0,6848797957.0,0.02,33.333,,,0.0,0.0,0.0,0.0,0.02,33.333
Sierra Leone,2009,SLE,6055655.0,7073732794.0,0.02,33.333,,,0.0,0.0,0.0,0.0,0.02,33.333
Sierra Leone,2010,SLE,6222715.0,7455363914.0,0.12,85.714,,,0.0,0.0,0.0,0.0,0.12,85.714
Sierra Leone,2011,SLE,6387258.0,7933356000.0,0.15,88.235,,,0.0,0.0,0.0,0.0,0.15,88.235
Sierra Leone,2012,SLE,6551078.0,9134190000.0,0.12,66.667,,,0.0,0.0,0.0,0.0,0.12,66.667
Sierra Leone,2013,SLE,6714057.0,11029545000.0,0.1,62.5,,,0.0,0.0,0.0,0.0,0.1,62.5
Sierra Leone,2014,SLE,6876385.0,11528208000.0,0.12,80.0,,,0.0,0.0,0.0,0.0,0.12,80.0
Sierra Leone,2015,SLE,7037660.0,9188877000.0,0.12,75.0,,,0.0,0.0,0.0,0.0,0.12,75.0
Sierra Leone,2016,SLE,7205339.0,9765347713.0,0.13,61.905,,,0.0,0.0,0.0,0.0,0.13,61.905
Sierra Leone,2017,SLE,7379300.0,10128155156.0,0.14,60.87,,,0.01,4.348,0.0,0.0,0.13,56.522
Sierra Leone,2018,SLE,7554568.0,10480967104.0,0.18,66.667,,,0.01,3.704,0.0,0.0,0.17,62.963
Sierra Leone,2019,SLE,7731994.0,11031662186.0,0.19,95.0,,,0.01,5.0,0.0,0.0,0.18,90.0
Sierra Leone,2020,SLE,7912557.0,10814455084.0,0.19,95.0,,,0.01,5.0,0.0,0.0,0.18,90.0
Sierra Leone,2021,SLE,8094603.0,11258356071.0,0.19,95.0,,,0.01,5.0,0.0,0.0,0.18,90.0
Sierra Leone,2022,SLE,8276809.0,11681270534.0,0.19,95.0,,,0.01,5.0,0.0,0.0,0.18,90.0
Sierra Leone,2023,SLE,8460523.0,,0.2,95.238,,,0.02,9.524,0.0,0.0,0.18,85.714
Singapore,2000,SGP,4035251.0,152153574500.0,0.49,1.547,0.766,0.173,0.0,0.0,,,,
Singapore,2001,SGP,4116169.0,152550774197.0,0.69,2.087,1.478,0.295,0.0,0.0,,,,
Singapore,2002,SGP,4146898.0,157982989858.0,0.77,2.222,1.478,0.307,0.0,0.0,,,,
Singapore,2003,SGP,4138241.0,160287778605.0,0.99,2.803,1.547,0.341,0.0,0.0,,,,
Singapore,2004,SGP,4172767.0,175483138246.0,0.96,2.607,1.497,0.292,0.0,0.0,,,,
Singapore,2005,SGP,4268363.0,190691514722.0,0.96,2.512,1.493,0.275,0.0,0.0,,,,
Singapore,2006,SGP,4407064.0,211578605777.0,0.95,2.406,1.481,0.247,0.0,0.0,,,,
Singapore,2007,SGP,4596516.0,237920174358.0,0.99,2.407,1.543,0.238,0.0,0.0,,,,
Singapore,2008,SGP,4806742.0,252508208683.0,1.04,2.496,1.629,0.236,0.0,0.0,,,,
Singapore,2009,SGP,4968574.0,256114472232.0,1.05,2.512,1.651,0.223,0.0,0.0,,,,
Singapore,2010,SGP,5077020.0,297586792174.0,1.18,2.601,1.843,0.233,0.0,0.0,,,,
Singapore,2011,SGP,5182242.0,319718127421.0,1.2,2.609,1.904,0.231,0.0,0.0,,,,
Singapore,2012,SGP,5293345.0,333899221028.0,1.27,2.706,2.008,0.242,0.0,0.0,,,,
Singapore,2013,SGP,5385589.0,349985256634.0,1.69,3.523,2.237,0.265,0.0,0.0,,,,
Singapore,2014,SGP,5457899.0,363759075569.0,1.38,2.799,2.386,0.277,0.0,0.0,,,,
Singapore,2015,SGP,5525343.0,374587437267.0,1.46,2.904,2.662,0.292,0.0,0.0,,,,
Singapore,2016,SGP,5577936.0,388078809982.0,1.5,2.908,2.727,0.284,0.09,0.174,,,,
Singapore,2017,SGP,5604087.0,405715948493.0,1.51,2.888,2.728,0.277,0.12,0.23,,,,
Singapore,2018,SGP,5634366.0,420221993120.0,1.49,2.813,2.719,0.274,0.14,0.264,,,,
Singapore,2019,SGP,5669562.0,425816263950.0,1.51,2.789,2.858,0.293,0.19,0.351,,,,
Singapore,2020,SGP,5620151.0,409204971045.0,1.49,2.808,2.869,0.314,0.3,0.565,,,,
Singapore,2021,SGP,5546291.0,445551993008.0,1.62,2.904,3.08,0.338,0.4,0.717,,,,
Singapore,2022,SGP,5649888.0,461801118473.0,2.33,4.093,4.668,0.521,0.67,1.177,,,,
Singapore,2023,SGP,5789092.0,,2.6,4.536,4.887,0.493,0.94,1.64,,,,
Singapore,2024,SGP,5832387.0,,2.94,4.932,5.745,0.545,1.28,2.147,,,,
Slovakia,2000,SVK,5380001.0,74595099937.0,4.61,14.977,12.819,5.923,0.0,0.0,,,4.61,14.977
Slovakia,2001,SVK,5379439.0,76744257548.0,5.08,15.965,14.431,6.48,0.0,0.0,,,4.93,15.493
Slovakia,2002,SVK,5377685.0,80059373942.0,5.42,16.843,14.939,6.658,0.0,0.0,,,5.27,16.377
Slovakia,2003,SVK,5376197.0,84281952821.0,3.58,11.556,9.818,4.499,0.0,0.0,0.0,0.0,3.48,11.233
Slovakia,2004,SVK,5376038.0,88594621302.0,4.13,13.559,11.2,5.248,0.0,0.0,0.01,0.033,4.1,13.46
Slovakia,2005,SVK,5376697.0,94444699022.0,4.68,14.933,12.697,5.658,0.0,0.0,0.01,0.032,4.64,14.805
Slovakia,2006,SVK,5376847.0,102275719553.0,4.81,15.392,13.49,6.177,0.0,0.0,0.01,0.032,4.4,14.08
Slovakia,2007,SVK,5376993.0,113160253049.0,4.93,17.702,14.031,6.844,0.0,0.0,0.01,0.036,4.45,15.978
Slovakia,2008,SVK,5379127.0,119380219073.0,4.57,15.923,13.131,6.238,0.0,0.0,0.01,0.035,4.04,14.077
Slovakia,2009,SVK,5385074.0,112760232233.0,4.92,18.974,14.137,7.41,0.0,0.0,0.01,0.039,4.37,16.853
Slovakia,2010,SVK,5391857.0,118344324253.0,5.95,21.668,16.934,8.314,0.02,0.073,0.01,0.036,5.26,19.155
Slovakia,2011,SVK,5398105.0,120554965758.0,5.0,17.68,14.724,7.51,0.4,1.414,0.0,0.0,3.78,13.366
Slovakia,2012,SVK,5404877.0,122144694992.0,5.47,19.329,15.717,8.349,0.42,1.484,0.01,0.035,4.1,14.488
Slovakia,2013,SVK,5410422.0,122917618179.0,6.36,22.316,17.951,9.315,0.59,2.07,0.01,0.035,4.85,17.018
Slovakia,2014,SVK,5415238.0,126232947119.0,6.24,23.0,18.253,10.176,0.6,2.212,0.01,0.037,4.21,15.518
Slovakia,2015,SVK,5420278.0,132755573802.0,6.05,22.727,18.012,9.931,0.51,1.916,0.01,0.038,3.87,14.538
Slovakia,2016,SVK,5427262.0,135336424966.0,6.63,24.739,19.355,10.577,0.53,1.978,0.01,0.037,4.36,16.269
Slovakia,2017,SVK,5435702.0,139312659832.0,6.54,23.851,19.088,9.896,0.51,1.86,0.01,0.036,4.32,15.755
Slovakia,2018,SVK,5443229.0,144927513498.0,5.81,21.793,17.168,9.047,0.58,2.176,0.01,0.038,3.59,13.466
Slovakia,2019,SVK,5450627.0,148579167627.0,6.65,23.573,19.316,10.549,0.59,2.091,0.01,0.035,4.36,15.456
Slovakia,2020,SVK,5455028.0,143565091421.0,6.85,24.027,19.806,11.039,0.66,2.315,0.0,0.0,4.52,15.854
Slovakia,2021,SVK,5442766.0,147892579134.0,6.77,22.795,19.772,10.213,0.67,2.256,0.0,0.0,4.26,14.343
Slovakia,2022,SVK,5473195.0,150360426456.0,5.82,21.929,17.259,9.672,0.65,2.449,0.0,0.0,3.68,13.866
Slovakia,2023,SVK,5518057.0,,6.71,22.723,19.25,10.553,0.61,2.066,0.0,0.0,4.69,15.882
Slovakia,2024,SVK,5506759.0,,7.1,24.051,20.255,11.295,0.69,2.337,0.0,0.0,4.83,16.362
Slovakia,2025,SVK,5474874.0,,5.45,18.729,,,0.7,2.405,0.0,0.0,3.16,10.859
Slovenia,2000,SVN,1986817.0,43078787444.0,3.9,28.655,10.869,14.026,0.0,0.0,,,3.83,28.141
Slovenia,2001,SVN,1989684.0,44148368411.0,3.87,26.727,10.711,13.181,0.0,0.0,,,3.8,26.243
Slovenia,2002,SVN,1991571.0,45659924240.0,3.41,23.356,9.395,11.619,0.0,0.0,,,3.31,22.671
Slovenia,2003,SVN,1992499.0,46758348275.0,3.08,22.27,8.438,10.627,0.0,0.0,,,2.96,21.403
Slovenia,2004,SVN,1993548.0,48578174459.0,4.21,27.57,11.476,13.64,0.0,0.0,,,4.09,26.785
Slovenia,2005,SVN,1996915.0,50309132737.0,3.57,23.627,9.648,11.438,0.0,0.0,,,3.46,22.899
Slovenia,2006,SVN,2003116.0,52944721543.0,3.7,24.487,9.962,11.735,0.0,0.0,,,3.59,23.759
Slovenia,2007,SVN,2014159.0,56590130937.0,3.38,22.473,9.173,10.853,0.0,0.0,,,3.27,21.742
Slovenia,2008,SVN,2025090.0,57981920900.0,4.31,26.264,11.8,12.746,0.0,0.0,,,4.02,24.497
Slovenia,2009,SVN,2035610.0,53266134006.0,4.9,29.896,13.34,15.641,0.0,0.0,,,4.71,28.737
Slovenia,2010,SVN,2044611.0,53649775101.0,4.75,29.213,13.01,15.228,0.01,0.062,,,4.52,27.798
Slovenia,2011,SVN,2048805.0,53761447942.0,3.88,24.372,10.601,12.763,0.07,0.44,,,3.56,22.362
Slovenia,2012,SVN,2053322.0,52342432631.0,4.33,27.846,11.897,14.747,0.16,1.029,,,3.9,25.08
Slovenia,2013,SVN,2056452.0,51803647300.0,5.11,32.342,13.898,17.451,0.22,1.392,0.0,0.0,4.63,29.304
Slovenia,2014,SVN,2058395.0,53237651266.0,6.6,38.484,17.463,21.441,0.26,1.516,0.0,0.0,6.09,35.51
Slovenia,2015,SVN,2059946.0,54414237086.0,4.35,29.392,11.518,15.619,0.27,1.824,0.01,0.068,3.81,25.743
Slovenia,2016,SVN,2061379.0,56151179265.0,5.06,31.177,13.094,16.631,0.27,1.664,0.01,0.062,4.5,27.726
Slovenia,2017,SVN,2062410.0,58855036945.0,4.44,27.664,11.595,14.55,0.28,1.745,0.01,0.062,3.87,24.112
Slovenia,2018,SVN,2069484.0,61476689663.0,5.22,32.382,14.045,17.278,0.25,1.551,0.01,0.062,4.7,29.156
Slovenia,2019,SVN,2083438.0,63598215879.0,5.04,31.718,13.753,17.43,0.3,1.888,0.01,0.063,4.48,28.194
Slovenia,2020,SVN,2102421.0,60849951865.0,5.58,33.037,15.055,19.778,0.37,2.191,0.01,0.059,4.93,29.189
Slovenia,2021,SVN,2113495.0,65846342756.0,5.44,34.894,14.805,19.61,0.45,2.886,0.01,0.064,4.71,30.212
Slovenia,2022,SVN,2115231.0,69385349463.0,4.07,30.464,11.1,15.912,0.65,4.865,0.01,0.075,3.15,23.578
Slovenia,2023,SVN,2118394.0,,6.3,40.514,16.691,23.026,0.98,6.302,0.01,0.064,5.02,32.283
Slovenia,2024,SVN,2118692.0,,6.87,41.113,19.247,24.736,1.27,7.6,0.01,0.06,5.34,31.957
Slovenia,2025,SVN,2117070.0,,5.92,39.785,,,1.58,10.618,0.01,0.067,4.04,27.151
Solomon Islands,2000,SLB,440481.0,,0.0,0.0,,,0.0,0.0,0.0,0.0,0.0,0.0
Solomon Islands,2001,SLB,449137.0,,0.0,0.0,,,0.0,0.0,0.0,0.0,0.0,0.0
Solomon Islands,2002,SLB,457676.0,,0.0,0.0,,,0.0,0.0,0.0,0.0,0.0,0.0
Solomon Islands,2003,SLB,466164.0,,0.0,0.0,,,0.0,0.0,0.0,0.0,0.0,0.0
Solomon Islands,2004,SLB,474618.0,,0.0,0.0,,,0.0,0.0,0.0,0.0,0.0,0.0
Solomon Islands,2005,SLB,483090.0,,0.0,0.0,,,0.0,0.0,0.0,0.0,0.0,0.0
Solomon Islands,2006,SLB,491602.0,,0.0,0.0,,,0.0,0.0,0.0,0.0,0.0,0.0
Solomon Islands,2007,SLB,500168.0,,0.0,0.0,,,0.0,0.0,0.0,0.0,0.0,0.0
Solomon Islands,2008,SLB,508802.0,,0.0,0.0,,,0.0,0.0,0.0,0.0,0.0,0.0
Solomon Islands,2009,SLB,518150.0,,0.0,0.0,,,0.0,0.0,0.0,0.0,0.0,0.0
Solomon Islands,2010,SLB,532976.0,,0.0,0.0,,,0.0,0.0,0.0,0.0,0.0,0.0
Solomon Islands,2011,SLB,552958.0,,0.0,0.0,,,0.0,0.0,0.0,0.0,0.0,0.0
Solomon Islands,2012,SLB,573623.0,,0.0,0.0,,,0.0,0.0,0.0,0.0,0.0,0.0
Solomon Islands,2013,SLB,594952.0,,0.0,0.0,,,0.0,0.0,0.0,0.0,0.0,0.0
Solomon Islands,2014,SLB,616915.0,,0.0,0.0,,,0.0,0.0,0.0,0.0,0.0,0.0
Solomon Islands,2015,SLB,639423.0,,0.0,0.0,,,0.0,0.0,0.0,0.0,0.0,0.0
Solomon Islands,2016,SLB,662387.0,,0.0,0.0,,,0.0,0.0,0.0,0.0,0.0,0.0
Solomon Islands,2017,SLB,685677.0,,0.0,0.0,,,0.0,0.0,0.0,0.0,0.0,0.0
Solomon Islands,2018,SLB,709109.0,,0.0,0.0,,,0.0,0.0,0.0,0.0,0.0,0.0
Solomon Islands,2019,SLB,728156.0,,0.0,0.0,,,0.0,0.0,0.0,0.0,0.0,0.0
Solomon Islands,2020,SLB,744505.0,,0.0,0.0,,,0.0,0.0,0.0,0.0,0.0,0.0
Solomon Islands,2021,SLB,762594.0,,0.0,0.0,,,0.0,0.0,0.0,0.0,0.0,0.0
Solomon Islands,2022,SLB,781075.0,,0.01,9.091,,,0.01,9.091,0.0,0.0,0.0,0.0
Solomon Islands,2023,SLB,800014.0,,0.01,9.091,,,0.01,9.091,0.0,0.0,0.0,0.0
Somalia,2000,SOM,8838714.0,,0.0,0.0,,,0.0,0.0,0.0,0.0,0.0,0.0
Somalia,2001,SOM,9198495.0,,0.0,0.0,,,0.0,0.0,0.0,0.0,0.0,0.0
Somalia,2002,SOM,9550069.0,,0.0,0.0,,,0.0,0.0,0.0,0.0,0.0,0.0
Somalia,2003,SOM,9909161.0,,0.0,0.0,,,0.0,0.0,0.0,0.0,0.0,0.0
Somalia,2004,SOM,10281001.0,,0.0,0.0,,,0.0,0.0,0.0,0.0,0.0,0.0
Somalia,2005,SOM,10644234.0,,0.0,0.0,,,0.0,0.0,0.0,0.0,0.0,0.0
Somalia,2006,SOM,10975502.0,,0.0,0.0,,,0.0,0.0,0.0,0.0,0.0,0.0
Somalia,2007,SOM,11322581.0,,0.0,0.0,,,0.0,0.0,0.0,0.0,0.0,0.0
Somalia,2008,SOM,11663090.0,,0.0,0.0,,,0.0,0.0,0.0,0.0,0.0,0.0
Somalia,2009,SOM,11961205.0,,0.0,0.0,,,0.0,0.0,0.0,0.0,0.0,0.0
Somalia,2010,SOM,12261761.0,,0.0,0.0,,,0.0,0.0,0.0,0.0,0.0,0.0
Somalia,2011,SOM,12348829.0,,0.0,0.0,,,0.0,0.0,0.0,0.0,0.0,0.0
Somalia,2012,SOM,12461163.0,,0.0,0.0,,,0.0,0.0,0.0,0.0,0.0,0.0
Somalia,2013,SOM,12869599.0,,0.0,0.0,,,0.0,0.0,0.0,0.0,0.0,0.0
Somalia,2014,SOM,13339497.0,,0.0,0.0,,,0.0,0.0,0.0,0.0,0.0,0.0
Somalia,2015,SOM,13806969.0,,0.0,0.0,,,0.0,0.0,0.0,0.0,0.0,0.0
Somalia,2016,SOM,14348741.0,,0.01,2.778,,,0.01,2.778,0.0,0.0,0.0,0.0
Somalia,2017,SOM,14916630.0,,0.02,5.405,,,0.01,2.703,0.01,2.703,0.0,0.0
Somalia,2018,SOM,15452489.0,,0.02,5.405,,,0.01,2.703,0.01,2.703,0.0,0.0
Somalia,2019,SOM,16030969.0,,0.02,5.405,,,0.01,2.703,0.01,2.703,0.0,0.0
Somalia,2020,SOM,16651200.0,,0.03,8.108,,,0.02,5.405,0.01,2.703,0.0,0.0
Somalia,2021,SOM,17271435.0,,0.04,10.526,,,0.03,7.895,0.01,2.632,0.0,0.0
Somalia,2022,SOM,17801895.0,,0.08,19.048,,,0.07,16.667,0.01,2.381,0.0,0.0
Somalia,2023,SOM,18358622.0,,0.08,19.048,,,0.07,16.667,0.01,2.381,0.0,0.0
South Africa,2000,ZAF,47159715.0,356072104365.0,1.59,0.755,4.576,0.386,0.01,0.005,0.0,0.0,1.1,0.522
South Africa,2001,ZAF,47566805.0,374889022813.0,2.15,1.023,6.106,0.513,0.01,0.005,0.0,0.0,1.72,0.819
South Africa,2002,ZAF,48019414.0,396137571619.0,2.55,1.156,7.673,0.661,0.01,0.005,0.0,0.0,2.08,0.943
South Africa,2003,ZAF,48500351.0,413710071358.0,1.26,0.538,4.127,0.328,0.01,0.004,0.01,0.004,0.83,0.354
South Africa,2004,ZAF,48991420.0,439265862379.0,1.36,0.556,4.48,0.327,0.02,0.008,0.01,0.004,0.95,0.388
South Africa,2005,ZAF,49490041.0,470188845104.0,1.79,0.731,4.988,0.384,0.02,0.008,0.01,0.004,1.33,0.543
South Africa,2006,ZAF,49998271.0,505574497707.0,3.34,1.316,9.169,0.692,0.02,0.008,0.01,0.004,2.9,1.143
South Africa,2007,ZAF,50528575.0,542976204451.0,3.33,1.264,9.837,0.723,0.02,0.008,0.01,0.004,2.87,1.089
South Africa,2008,ZAF,51114595.0,571660802378.0,1.76,0.681,5.443,0.373,0.02,0.008,0.02,0.008,1.26,0.488
South Africa,2009,ZAF,51728518.0,574768021657.0,1.95,0.781,5.657,0.39,0.02,0.008,0.03,0.012,1.45,0.581
South Africa,2010,ZAF,52344047.0,607601612432.0,1.6,0.616,4.534,0.31,0.03,0.012,0.03,0.012,1.14,0.439
South Africa,2011,ZAF,52995212.0,645388107070.0,3.59,1.367,9.997,0.692,0.08,0.03,0.04,0.015,3.06,1.166
South Africa,2012,ZAF,53782570.0,660853021773.0,1.57,0.609,5.09,0.358,0.09,0.035,0.04,0.016,1.02,0.395
South Africa,2013,ZAF,54678789.0,677278303675.0,1.86,0.726,5.677,0.397,0.24,0.094,0.04,0.016,1.1,0.429
South Africa,2014,ZAF,55594840.0,686853872664.0,4.3,1.688,11.72,0.81,1.07,0.42,1.07,0.42,1.8,0.707
South Africa,2015,ZAF,56723536.0,695933197143.0,6.87,2.744,18.241,1.29,2.75,1.098,3.07,1.226,0.73,0.292
South Africa,2016,ZAF,57259550.0,700558003750.0,8.43,3.331,21.906,1.482,3.27,1.292,4.21,1.664,0.62,0.245
South Africa,2017,ZAF,57635158.0,708670169977.0,12.43,4.866,31.805,2.16,4.24,1.66,7.02,2.748,0.78,0.305
South Africa,2018,ZAF,58613001.0,719458334697.0,12.51,4.88,32.227,2.29,4.57,1.783,6.41,2.501,1.1,0.429
South Africa,2019,ZAF,59587880.0,721641639539.0,12.7,5.028,32.905,2.24,4.9,1.94,6.63,2.625,0.74,0.293
South Africa,2020,ZAF,60562374.0,675871755463.0,13.99,5.842,36.073,2.582,5.7,2.38,6.41,2.677,1.47,0.614
South Africa,2021,ZAF,61502602.0,709077881289.0,17.86,7.308,45.54,3.247,6.78,2.774,8.65,3.539,2.02,0.827
South Africa,2022,ZAF,62378417.0,723559323969.0,23.29,9.751,48.99,3.648,10.13,4.241,9.7,4.061,3.1,1.298
South Africa,2023,ZAF,63212386.0,,29.64,12.682,51.261,3.757,15.57,6.662,11.6,4.963,2.0,0.856
South Africa,2024,ZAF,64007187.0,,32.52,13.057,48.347,3.557,19.85,7.97,11.1,4.457,1.1,0.442
South Korea,2000,KOR,46766660.0,1086261690312.0,4.12,1.418,11.446,0.508,0.01,0.003,0.02,0.007,4.01,1.381
South Korea,2001,KOR,47043467.0,1127616204375.0,2.44,0.787,6.763,0.293,0.01,0.003,0.01,0.003,2.33,0.752
South Korea,2002,KOR,47299118.0,1203066586464.0,3.43,1.033,9.476,0.393,0.01,0.003,0.01,0.003,3.23,0.973
South Korea,2003,KOR,47514158.0,1229830453921.0,5.11,1.469,13.989,0.562,0.01,0.003,0.02,0.006,4.89,1.406
South Korea,2004,KOR,47697076.0,1281243847324.0,4.66,1.266,12.754,0.499,0.01,0.003,0.05,0.014,4.31,1.171
South Korea,2005,KOR,47851646.0,1322354601142.0,4.07,1.045,11.074,0.421,0.01,0.003,0.13,0.033,3.67,0.942
South Korea,2006,KOR,48006518.0,1381281470156.0,3.98,0.988,11.247,0.42,0.03,0.007,0.24,0.06,3.47,0.861
South Korea,2007,KOR,48178122.0,1446721509093.0,4.46,1.048,13.152,0.477,0.07,0.016,0.38,0.089,3.63,0.853
South Korea,2008,KOR,48356485.0,1477425172333.0,4.44,1.003,14.101,0.502,0.28,0.063,0.44,0.099,3.07,0.694
South Korea,2009,KOR,48546690.0,1477640571750.0,4.61,1.019,15.389,0.545,0.57,0.126,0.69,0.153,2.81,0.621
South Korea,2010,KOR,48769329.0,1562822824921.0,5.69,1.149,19.187,0.63,0.77,0.156,0.82,0.166,3.68,0.743
South Korea,2011,KOR,49127640.0,1609219825000.0,7.4,1.428,23.758,0.743,0.92,0.178,0.86,0.166,4.6,0.888
South Korea,2012,KOR,49599580.0,1647889319531.0,8.17,1.538,26.377,0.816,1.13,0.213,0.91,0.171,3.97,0.747
South Korea,2013,KOR,50071168.0,1700045113031.0,10.23,1.904,32.286,0.999,1.67,0.311,1.15,0.214,4.29,0.799
South Korea,2014,KOR,50539055.0,1754480590300.0,12.89,2.385,41.046,1.259,2.69,0.498,1.15,0.213,2.75,0.509
South Korea,2015,KOR,50983909.0,1803763858886.0,15.2,2.775,48.042,1.451,4.23,0.772,1.34,0.245,2.15,0.392
South Korea,2016,KOR,51297836.0,1856920794289.0,18.13,3.232,56.572,1.65,5.52,0.984,1.68,0.299,2.85,0.508
South Korea,2017,KOR,51486268.0,1915599559593.0,22.33,3.874,68.386,1.971,7.74,1.343,2.17,0.376,2.81,0.488
South Korea,2018,KOR,51640894.0,1971285914824.0,27.8,4.689,84.679,2.384,10.17,1.715,2.46,0.415,3.36,0.567
South Korea,2019,KOR,51767844.0,2015521635585.0,33.01,5.625,98.352,2.807,14.19,2.418,2.68,0.457,2.79,0.475
South Korea,2020,KOR,51858481.0,2001231642062.0,40.4,7.0,117.038,3.466,19.34,3.351,3.15,0.546,3.88,0.672
South Korea,2021,KOR,51848401.0,2084182684453.0,48.1,7.914,138.026,3.877,24.72,4.067,3.18,0.523,3.05,0.502
South Korea,2022,KOR,51782515.0,2137558645699.0,55.49,8.913,156.18,4.333,30.73,4.936,3.37,0.541,3.54,0.569
South Korea,2023,KOR,51748744.0,,59.07,9.566,164.985,4.66,33.24,5.383,3.39,0.549,3.72,0.602
South Korea,2024,KOR,51717587.0,,60.72,9.709,170.953,4.748,32.72,5.232,3.36,0.537,4.3,0.688
South Sudan,2012,SSD,10756245.0,,0.0,0.0,,,0.0,0.0,0.0,0.0,0.0,0.0
South Sudan,2013,SSD,11166280.0,,0.0,0.0,,,0.0,0.0,0.0,0.0,0.0,0.0
South Sudan,2014,SSD,11235071.0,,0.0,0.0,,,0.0,0.0,0.0,0.0,0.0,0.0
South Sudan,2015,SSD,11107569.0,,0.0,0.0,,,0.0,0.0,0.0,0.0,0.0,0.0
South Sudan,2016,SSD,10830108.0,,0.0,0.0,,,0.0,0.0,0.0,0.0,0.0,0.0
South Sudan,2017,SSD,10259150.0,,0.0,0.0,,,0.0,0.0,0.0,0.0,0.0,0.0
South Sudan,2018,SSD,10122983.0,,0.01,1.818,,,0.01,1.818,0.0,0.0,0.0,0.0
South Sudan,2019,SSD,10423382.0,,0.01,1.786,,,0.01,1.786,0.0,0.0,0.0,0.0
South Sudan,2020,SSD,10698471.0,,0.01,1.786,,,0.01,1.786,0.0,0.0,0.0,0.0
South Sudan,2021,SSD,10865786.0,,0.02,3.448,,,0.02,3.448,0.0,0.0,0.0,0.0
South Sudan,2022,SSD,11021175.0,,0.04,7.407,,,0.04,7.407,0.0,0.0,0.0,0.0
South Sudan,2023,SSD,11483370.0,,0.04,6.78,,,0.04,6.78,0.0,0.0,0.0,0.0
Spain,2000,ESP,41019772.0,1094998702299.0,34.49,15.612,99.985,6.598,0.01,0.005,4.73,2.141,28.26,12.792
Spain,2001,ESP,41245602.0,1147959133197.0,49.3,21.152,137.169,8.709,0.02,0.009,6.76,2.9,40.89,17.544
Spain,2002,ESP,41755703.0,1191323484900.0,33.17,13.826,96.552,6.016,0.02,0.008,9.34,3.893,21.22,8.845
Spain,2003,ESP,42506540.0,1239651963472.0,55.75,21.667,154.827,9.207,0.02,0.008,12.07,4.691,40.48,15.733
Spain,2004,ESP,43234562.0,1289831715789.0,50.13,18.123,138.948,8.02,0.02,0.007,15.7,5.676,31.08,11.236
Spain,2005,ESP,43958883.0,1348839731490.0,42.27,14.603,113.369,6.442,0.05,0.017,21.18,7.317,18.39,6.353
Spain,2006,ESP,44695446.0,1415738502534.0,52.15,17.643,140.503,7.933,0.12,0.041,23.3,7.883,25.96,8.782
Spain,2007,ESP,45516501.0,1481143208580.0,58.3,19.314,161.062,8.869,0.52,0.172,27.57,9.133,27.31,9.047
Spain,2008,ESP,46235055.0,1510615290401.0,62.15,20.062,175.591,9.972,2.58,0.833,32.95,10.636,23.36,7.541
Spain,2009,ESP,46635182.0,1468765814163.0,74.08,25.482,211.402,12.913,6.06,2.084,38.12,13.112,26.41,9.084
Spain,2010,ESP,46840469.0,1480376411582.0,97.77,32.831,275.806,16.49,7.19,2.414,44.27,14.866,42.3,14.204
Spain,2011,ESP,46998040.0,1477187548437.0,87.53,30.023,252.015,15.329,9.4,3.224,42.92,14.722,30.6,10.496
Spain,2012,ESP,47018323.0,1433478645419.0,86.97,29.587,259.509,15.917,11.97,4.072,49.47,16.829,20.55,6.991
Spain,2013,ESP,46860394.0,1413362053623.0,111.41,39.583,300.382,19.29,13.1,4.654,55.64,19.768,36.87,13.1
Spain,2014,ESP,46720187.0,1433089409797.0,110.26,40.176,298.185,19.445,13.67,4.981,52.01,18.951,39.17,14.273
Spain,2015,ESP,46683683.0,1488098863146.0,97.08,35.025,264.0,16.977,13.86,5.001,49.32,17.794,28.14,10.153
Spain,2016,ESP,46732768.0,1533303930046.0,104.63,38.652,283.168,18.117,13.64,5.039,48.9,18.064,36.4,13.447
Spain,2017,ESP,46868594.0,1578931492849.0,87.93,32.282,242.857,15.319,14.4,5.287,49.13,18.037,18.32,6.726
Spain,2018,ESP,47092817.0,1615001473949.0,103.87,38.272,288.54,17.923,12.74,4.694,50.89,18.751,34.33,12.649
Spain,2019,ESP,47435121.0,1647042667976.0,100.99,37.332,267.171,17.063,15.1,5.582,55.65,20.571,24.65,9.112
Spain,2020,ESP,47679482.0,1460507935923.0,113.79,43.855,307.592,21.929,20.67,7.966,56.44,21.752,30.51,11.759
Spain,2021,ESP,47735670.0,1541121952313.0,125.75,46.445,336.409,22.272,27.1,10.009,62.06,22.922,29.63,10.944
Spain,2022,ESP,47828386.0,1625139888517.0,122.91,42.803,328.112,20.877,35.72,12.439,62.78,21.863,17.59,6.126
Spain,2023,ESP,47911583.0,,144.51,51.64,383.33,24.822,48.59,17.363,65.01,23.231,25.0,8.934
Spain,2024,ESP,47910533.0,,161.81,57.451,413.415,25.863,58.29,20.696,62.93,22.343,34.41,12.217
Spain,2025,ESP,47889960.0,,161.54,55.974,,,62.9,21.795,59.49,20.613,32.74,11.344
Sri Lanka,2000,LKA,19293056.0,114541758869.0,3.21,47.345,8.911,16.823,0.0,0.0,0.0,0.0,3.21,47.345
Sri Lanka,2001,LKA,19600361.0,111509565283.0,3.12,46.777,8.625,16.752,0.0,0.0,0.0,0.0,3.12,46.777
Sri Lanka,2002,LKA,19805750.0,114770992462.0,2.7,38.905,7.412,13.979,0.0,0.0,0.0,0.0,2.7,38.905
Sri Lanka,2003,LKA,19951521.0,121043287225.0,3.32,43.512,9.059,16.628,0.0,0.0,0.0,0.0,3.32,43.512
Sri Lanka,2004,LKA,20087608.0,127113013921.0,2.97,36.712,8.064,15.216,0.0,0.0,0.0,0.0,2.97,36.712
Sri Lanka,2005,LKA,20216531.0,134388316813.0,3.46,39.274,9.326,15.244,0.0,0.0,0.0,0.0,3.46,39.274
Sri Lanka,2006,LKA,20352416.0,144414690368.0,4.64,49.205,12.442,18.984,0.0,0.0,0.0,0.0,4.64,49.205
Sri Lanka,2007,LKA,20492546.0,153829219297.0,3.96,40.122,10.548,15.797,0.0,0.0,0.0,0.0,3.96,40.122
Sri Lanka,2008,LKA,20629377.0,162474916511.0,4.15,41.877,10.965,17.442,,,0.0,0.0,4.14,41.776
Sri Lanka,2009,LKA,20756438.0,167647716585.0,3.91,39.575,10.312,16.162,,,0.0,0.0,3.89,39.372
Sri Lanka,2010,LKA,20879092.0,180642805306.0,5.72,53.408,14.958,21.793,,,0.05,0.467,5.64,52.661
Sri Lanka,2011,LKA,21009054.0,195461606183.0,4.75,41.161,12.234,16.358,0.0,0.0,0.09,0.78,4.63,40.121
Sri Lanka,2012,LKA,21169461.0,212333854625.0,3.46,29.347,8.984,11.61,0.0,0.0,0.14,1.187,3.3,27.99
Sri Lanka,2013,LKA,21358829.0,220937614421.0,7.2,60.15,18.441,23.64,0.01,0.084,0.23,1.921,6.93,57.895
Sri Lanka,2014,LKA,21547454.0,235029015924.0,4.89,39.309,12.504,14.695,0.02,0.161,0.27,2.17,4.56,36.656
Sri Lanka,2015,LKA,21729975.0,244914328998.0,6.43,48.712,16.31,18.069,0.03,0.227,0.34,2.576,6.0,45.455
Sri Lanka,2016,LKA,21910763.0,257292293131.0,4.7,32.89,11.932,11.92,0.03,0.21,0.35,2.449,4.25,29.741
Sri Lanka,2017,LKA,22087525.0,273915973018.0,4.61,30.981,11.766,11.102,0.14,0.941,0.37,2.487,4.03,27.083
Sri Lanka,2018,LKA,22253116.0,280243422762.0,7.04,43.836,17.832,16.029,0.21,1.308,0.33,2.055,6.41,39.913
Sri Lanka,2019,LKA,22410552.0,279626891521.0,5.62,33.733,14.378,12.824,0.33,1.981,0.35,2.101,4.82,28.932
Sri Lanka,2020,LKA,22561808.0,269918239631.0,5.86,35.537,15.486,14.89,0.45,2.729,0.33,2.001,4.98,30.2
Sri Lanka,2021,LKA,22700377.0,278898406287.0,8.64,49.371,22.572,21.005,0.63,3.6,0.65,3.714,7.23,41.314
Sri Lanka,2022,LKA,22834965.0,254748598293.0,6.44,37.054,22.521,23.449,0.68,3.913,0.43,2.474,5.11,29.402
Sri Lanka,2023,LKA,22971615.0,,8.02,,20.706,20.969,0.98,,0.89,,6.06,
Sri Lanka,2024,LKA,23103561.0,,9.49,,25.527,23.25,1.29,,0.94,,7.09,
Sudan,2000,SDN,27816748.0,,1.27,50.0,,,0.0,0.0,0.0,0.0,1.17,46.063
Sudan,2001,SDN,28516774.0,,1.36,50.746,,,0.0,0.0,0.0,0.0,1.25,46.642
Sudan,2002,SDN,29228728.0,,1.39,46.333,,,0.0,0.0,0.0,0.0,1.27,42.333
Sudan,2003,SDN,29896038.0,,1.28,36.888,,,0.0,0.0,0.0,0.0,1.15,33.141
Sudan,2004,SDN,30556641.0,,1.24,34.444,,,0.0,0.0,0.0,0.0,1.1,30.556
Sudan,2005,SDN,31262447.0,,1.39,35.101,,,0.0,0.0,0.0,0.0,1.25,31.566
Sudan,2006,SDN,31992438.0,,1.5,32.258,,,0.0,0.0,0.0,0.0,1.36,29.247
Sudan,2007,SDN,32764139.0,,1.59,30.814,,,0.0,0.0,0.0,0.0,1.44,27.907
Sudan,2008,SDN,33623980.0,,1.6,28.369,,,0.0,0.0,0.0,0.0,1.45,25.709
Sudan,2009,SDN,34569114.0,,3.35,50.681,,,0.0,0.0,0.0,0.0,3.2,48.411
Sudan,2010,SDN,35414403.0,,6.28,82.85,,,0.0,0.0,0.0,0.0,6.14,81.003
Sudan,2011,SDN,36140808.0,,6.52,76.616,,,0.0,0.0,0.0,0.0,6.4,75.206
Sudan,2012,SDN,36923175.0,,6.68,70.316,,,0.01,0.105,0.0,0.0,6.55,68.947
Sudan,2013,SDN,37785852.0,,8.38,80.966,,,0.01,0.097,0.0,0.0,8.23,79.517
Sudan,2014,SDN,38823324.0,,8.95,78.44,,,0.01,0.088,0.0,0.0,8.82,77.301
Sudan,2015,SDN,40024433.0,,8.46,64.629,,,0.01,0.076,0.0,0.0,8.34,63.713
Sudan,2016,SDN,41259892.0,,8.19,56.211,,,0.02,0.137,0.0,0.0,8.05,55.251
Sudan,2017,SDN,42714311.0,,9.5,60.51,,,0.02,0.127,0.0,0.0,9.35,59.554
Sudan,2018,SDN,44230597.0,,9.8,59.756,,,0.02,0.122,0.0,0.0,9.66,58.902
Sudan,2019,SDN,45548179.0,,10.34,63.748,,,0.02,0.123,0.0,0.0,10.21,62.947
Sudan,2020,SDN,46789237.0,,11.15,64.826,,,0.03,0.174,0.0,0.0,11.01,64.012
Sudan,2021,SDN,48066930.0,,11.09,62.655,,,0.03,0.169,0.0,0.0,10.95,61.864
Sudan,2022,SDN,49383344.0,,12.04,71.752,,,0.13,0.775,0.0,0.0,11.8,70.322
Sudan,2023,SDN,50042800.0,,11.75,70.149,,,0.14,0.836,0.0,0.0,11.5,68.657
Suriname,2000,SUR,476647.0,,0.71,73.958,,,0.0,0.0,0.0,0.0,0.71,73.958
Suriname,2001,SUR,486566.0,,0.73,70.192,,,0.0,0.0,0.0,0.0,0.73,70.192
Suriname,2002,SUR,496566.0,,0.74,60.163,,,0.0,0.0,0.0,0.0,0.74,60.163
Suriname,2003,SUR,506421.0,,0.75,57.692,,,0.0,0.0,0.0,0.0,0.75,57.692
Suriname,2004,SUR,513928.0,,0.76,53.147,,,0.0,0.0,0.0,0.0,0.76,53.147
Suriname,2005,SUR,519321.0,,0.82,48.521,,,0.0,0.0,0.0,0.0,0.82,48.521
Suriname,2006,SUR,525003.0,,0.86,54.777,,,0.0,0.0,0.0,0.0,0.86,54.777
Suriname,2007,SUR,531026.0,,0.86,57.333,,,0.0,0.0,0.0,0.0,0.86,57.333
Suriname,2008,SUR,537252.0,,0.86,56.954,,,0.0,0.0,0.0,0.0,0.86,56.954
Suriname,2009,SUR,543580.0,,0.86,56.209,,,0.0,0.0,0.0,0.0,0.86,56.209
Suriname,2010,SUR,549931.0,,1.2,61.224,,,0.0,0.0,0.0,0.0,1.2,61.224
Suriname,2011,SUR,556279.0,,1.03,67.32,,,0.0,0.0,0.0,0.0,1.03,67.32
Suriname,2012,SUR,562640.0,,0.82,49.102,,,0.0,0.0,0.0,0.0,0.82,49.102
Suriname,2013,SUR,569024.0,,0.83,47.159,,,0.0,0.0,0.0,0.0,0.83,47.159
Suriname,2014,SUR,575380.0,,0.55,30.22,,,0.0,0.0,0.0,0.0,0.55,30.22
Suriname,2015,SUR,581634.0,,0.49,26.344,,,0.01,0.538,0.0,0.0,0.47,25.269
Suriname,2016,SUR,587765.0,,0.8,43.956,,,0.01,0.549,0.0,0.0,0.78,42.857
Suriname,2017,SUR,593720.0,,0.94,51.934,,,0.01,0.552,0.0,0.0,0.92,50.829
Suriname,2018,SUR,599519.0,,1.01,53.158,,,0.01,0.526,0.0,0.0,0.99,52.105
Suriname,2019,SUR,605779.0,,0.97,47.549,,,0.01,0.49,0.0,0.0,0.95,46.569
Suriname,2020,SUR,612320.0,,0.99,48.293,,,0.01,0.488,0.0,0.0,0.97,47.317
Suriname,2021,SUR,617905.0,,1.01,48.325,,,0.01,0.478,0.0,0.0,0.99,47.368
Suriname,2022,SUR,623172.0,,0.94,44.55,,,0.01,0.474,0.0,0.0,0.92,43.602
Suriname,2023,SUR,628892.0,,0.92,42.991,,,0.01,0.467,0.0,0.0,0.9,42.056
Sweden,2000,SWE,8872099.0,303452362920.0,83.14,57.247,232.367,36.656,0.0,0.0,0.46,0.317,78.58,54.107
Sweden,2001,SWE,8896018.0,308398096624.0,83.32,51.559,231.713,34.203,0.0,0.0,0.48,0.297,79.06,48.923
Sweden,2002,SWE,8925045.0,317463771012.0,71.15,48.5,196.894,31.103,0.0,0.0,0.61,0.416,66.36,45.235
Sweden,2003,SWE,8958434.0,326402407102.0,58.73,43.378,162.606,27.305,0.0,0.0,0.68,0.502,53.54,39.545
Sweden,2004,SWE,8993805.0,341901244849.0,68.18,44.985,190.474,29.336,0.0,0.0,0.86,0.567,60.12,39.667
Sweden,2005,SWE,9029771.0,354496929423.0,81.22,51.288,222.23,33.911,0.0,0.0,0.93,0.587,72.8,45.971
Sweden,2006,SWE,9080628.0,372234670461.0,71.06,49.595,195.787,31.833,0.0,0.0,0.98,0.684,61.72,43.076
Sweden,2007,SWE,9148280.0,387881844813.0,77.43,52.029,213.662,34.16,0.0,0.0,1.43,0.961,66.16,44.456
Sweden,2008,SWE,9219903.0,388980516356.0,81.41,54.31,224.197,36.048,0.0,0.0,2.0,1.334,69.07,46.077
Sweden,2009,SWE,9298738.0,373026350439.0,79.81,58.426,218.305,38.656,0.01,0.007,2.49,1.823,65.85,48.206
Sweden,2010,SWE,9378234.0,399838964466.0,82.09,55.298,226.233,37.37,0.01,0.007,3.49,2.351,66.4,44.729
Sweden,2011,SWE,9449263.0,397617949429.0,84.09,55.956,230.326,38.676,0.01,0.007,6.11,4.066,66.43,44.204
Sweden,2012,SWE,9519477.0,395278763366.0,98.31,59.066,265.426,42.346,0.02,0.012,7.17,4.308,78.93,47.422
Sweden,2013,SWE,9600620.0,399973749048.0,82.69,54.035,224.344,38.22,0.04,0.026,9.84,6.43,61.36,40.097
Sweden,2014,SWE,9696438.0,410604225974.0,85.75,55.841,231.919,39.703,0.05,0.033,11.24,7.32,63.76,41.521
Sweden,2015,SWE,9799483.0,429037422635.0,102.5,63.272,274.841,45.535,0.1,0.062,16.32,10.074,75.31,46.488
Sweden,2016,SWE,9923281.0,437921057919.0,89.13,57.175,242.278,40.906,0.14,0.09,15.48,9.93,62.02,39.784
Sweden,2017,SWE,10057864.0,449166531542.0,95.06,57.882,255.426,41.625,0.23,0.14,17.61,10.723,65.14,39.664
Sweden,2018,SWE,10175400.0,457925387676.0,91.15,55.797,246.462,41.607,0.41,0.251,16.62,10.174,62.21,38.082
Sweden,2019,SWE,10279120.0,467020665386.0,98.94,58.746,265.789,43.747,0.68,0.404,19.85,11.786,65.37,38.814
Sweden,2020,SWE,10353682.0,456885314424.0,112.14,68.47,296.72,51.056,1.05,0.641,27.52,16.803,72.39,44.2
Sweden,2021,SWE,10416134.0,481492421258.0,115.75,67.383,307.327,50.01,1.53,0.891,27.25,15.863,73.89,43.014
Sweden,2022,SWE,10487335.0,494214521158.0,118.23,68.321,316.034,52.434,1.98,1.144,33.25,19.214,69.87,40.376
Sweden,2023,SWE,10551493.0,,115.09,69.377,304.045,52.459,3.11,1.875,34.09,20.55,66.19,39.9
Sweden,2024,SWE,10606993.0,,119.24,69.33,303.155,51.318,4.16,2.419,40.29,23.426,64.61,37.566
Sweden,2025,SWE,10656636.0,,121.5,71.186,,,4.56,2.672,38.74,22.697,68.24,39.981
Switzerland,2000,CHE,7184003.0,315545366882.0,37.68,56.987,104.968,29.476,0.01,0.015,0.0,0.0,36.83,55.702
Switzerland,2001,CHE,7226391.0,325520166982.0,42.2,59.395,116.936,30.748,0.01,0.014,0.0,0.0,41.31,58.142
Switzerland,2002,CHE,7278744.0,331802188855.0,36.1,55.19,99.257,28.021,0.01,0.015,0.0,0.0,35.17,53.769
Switzerland,2003,CHE,7333451.0,337991874208.0,35.72,54.668,97.702,27.866,0.02,0.031,0.0,0.0,34.76,53.199
Switzerland,2004,CHE,7384196.0,353894703206.0,34.76,54.423,94.595,27.041,0.02,0.031,0.01,0.016,33.75,52.842
Switzerland,2005,CHE,7431824.0,371135459405.0,32.29,55.865,87.269,26.14,0.02,0.035,0.01,0.017,31.23,54.031
Switzerland,2006,CHE,7478514.0,393075108386.0,32.13,51.714,86.527,25.217,0.02,0.032,0.01,0.016,30.96,49.831
Switzerland,2007,CHE,7545386.0,416832821635.0,36.48,54.915,97.683,28.119,0.03,0.045,0.02,0.03,35.25,53.063
Switzerland,2008,CHE,7641730.0,433739216893.0,37.33,55.683,99.209,27.972,0.04,0.06,0.02,0.03,36.04,53.759
Switzerland,2009,CHE,7737644.0,431737407420.0,37.03,55.542,97.908,28.184,0.05,0.075,0.02,0.03,35.72,53.577
Switzerland,2010,CHE,7825750.0,451139715920.0,37.47,56.73,98.345,27.969,0.09,0.136,0.04,0.061,36.06,54.595
Switzerland,2011,CHE,7914379.0,467103594697.0,34.02,54.103,88.984,27.144,0.17,0.27,0.07,0.111,32.39,51.511
Switzerland,2012,CHE,7998927.0,472611933649.0,40.53,59.489,105.401,30.448,0.3,0.44,0.09,0.132,38.6,56.656
Switzerland,2013,CHE,8091199.0,481081829913.0,40.67,59.208,105.032,29.926,0.5,0.728,0.09,0.131,38.46,55.991
Switzerland,2014,CHE,8190238.0,492386642888.0,40.67,58.034,104.666,31.115,0.84,1.199,0.1,0.143,38.04,54.281
Switzerland,2015,CHE,8283940.0,500484653705.0,41.12,62.237,105.561,32.122,1.12,1.695,0.11,0.166,38.26,57.908
Switzerland,2016,CHE,8374903.0,510838097521.0,37.81,61.882,96.95,31.376,1.33,2.177,0.11,0.18,34.62,56.661
Switzerland,2017,CHE,8453630.0,517799793781.0,37.76,62.776,97.0,31.293,1.68,2.793,0.13,0.216,34.09,56.675
Switzerland,2018,CHE,8516341.0,532611137213.0,38.88,58.651,98.792,31.434,1.95,2.942,0.12,0.181,34.99,52.783
Switzerland,2019,CHE,8577525.0,538693495449.0,42.25,59.87,106.805,32.559,2.18,3.089,0.15,0.213,38.04,53.904
Switzerland,2020,CHE,8640582.0,525896489462.0,42.6,62.199,107.5,35.598,2.6,3.796,0.14,0.204,37.87,55.293
Switzerland,2021,CHE,8707019.0,548098275898.0,42.01,66.587,105.486,37.276,2.84,4.502,0.14,0.222,36.96,58.583
Switzerland,2022,CHE,8792180.0,559384947989.0,35.99,58.302,90.574,31.096,3.86,6.253,0.15,0.243,29.9,48.437
Switzerland,2023,CHE,8870564.0,,42.06,62.348,110.206,35.636,4.71,6.982,0.17,0.252,37.18,55.114
Switzerland,2024,CHE,8921979.0,,50.66,66.869,131.772,39.868,5.75,7.59,0.18,0.238,44.73,59.042
Switzerland,2025,CHE,8967413.0,,41.7,67.074,,,7.98,12.836,0.14,0.225,33.58,54.013
Syria,2000,SYR,16637884.0,125214242976.0,3.26,12.911,,,0.0,0.0,0.0,0.0,3.23,12.792
Syria,2001,SYR,17051337.0,125631935247.0,3.44,12.865,,,0.0,0.0,0.0,0.0,3.41,12.752
Syria,2002,SYR,17468335.0,128996142855.0,2.48,8.835,,,0.0,0.0,0.0,0.0,2.45,8.728
Syria,2003,SYR,17889297.0,122501642286.0,2.79,9.178,,,0.0,0.0,0.0,0.0,2.76,9.079
Syria,2004,SYR,18336879.0,126515329154.0,4.21,13.087,,,0.0,0.0,0.0,0.0,4.18,12.993
Syria,2005,SYR,18814092.0,129657010670.0,4.35,12.057,,,0.0,0.0,0.0,0.0,4.32,11.973
Syria,2006,SYR,19637016.0,132870748696.0,3.97,10.592,,,0.0,0.0,0.0,0.0,3.94,10.512
Syria,2007,SYR,20884136.0,138933398255.0,3.51,9.077,,,0.0,0.0,0.0,0.0,3.48,8.999
Syria,2008,SYR,21636566.0,140064268758.0,2.9,7.063,,,0.0,0.0,0.0,0.0,2.87,6.99
Syria,2009,SYR,21976971.0,141886525419.0,1.9,4.384,,,0.0,0.0,0.0,0.0,1.87,4.315
Syria,2010,SYR,22482417.0,143781004115.0,2.62,5.642,,,0.0,0.0,0.0,0.0,2.59,5.577
Syria,2011,SYR,22878104.0,134274046453.0,3.03,7.242,,,0.0,0.0,0.0,0.0,3.0,7.17
Syria,2012,SYR,22759763.0,98907693956.0,2.99,9.266,,,0.0,0.0,0.0,0.0,2.96,9.173
Syria,2013,SYR,21666921.0,72894799336.0,3.03,12.038,,,0.0,0.0,0.0,0.0,3.0,11.919
Syria,2014,SYR,20273661.0,65379097607.0,2.37,11.153,,,0.0,0.0,0.0,0.0,2.34,11.012
Syria,2015,SYR,19424615.0,63295273863.0,0.44,2.443,,,0.0,0.0,0.0,0.0,0.41,2.277
Syria,2016,SYR,19193835.0,59731474595.0,0.96,5.283,,,0.0,0.0,0.0,0.0,0.93,5.118
Syria,2017,SYR,19224671.0,59296820428.0,0.78,4.23,,,0.0,0.0,0.0,0.0,0.75,4.067
Syria,2018,SYR,19577849.0,60171975441.0,0.78,3.495,,,0.0,0.0,0.0,0.0,0.75,3.36
Syria,2019,SYR,20353536.0,62427096792.0,0.78,3.495,,,0.0,0.0,0.0,0.0,0.75,3.36
Syria,2020,SYR,21049431.0,55872251610.0,0.8,3.804,,,0.02,0.095,0.0,0.0,0.75,3.566
Syria,2021,SYR,21628837.0,54251957890.0,0.84,3.869,,,0.06,0.276,0.0,0.0,0.75,3.455
Syria,2022,SYR,22462170.0,52353139385.0,0.88,4.382,,,0.1,0.498,0.0,0.0,0.75,3.735
Taiwan,2000,TWN,22332873.0,591153923509.0,5.61,3.035,15.944,1.566,0.0,0.0,0.0,0.0,4.56,2.467
Taiwan,2001,TWN,22446254.0,582366336280.0,6.42,3.405,18.222,1.734,0.0,0.0,0.01,0.005,5.09,2.7
Taiwan,2002,TWN,22566898.0,612808812199.0,4.4,2.213,12.656,1.158,0.0,0.0,0.02,0.01,2.78,1.398
Taiwan,2003,TWN,22664130.0,636240085985.0,4.82,2.306,13.874,1.214,0.0,0.0,0.02,0.01,3.03,1.449
Taiwan,2004,TWN,22745432.0,675272430215.0,5.09,2.33,14.547,1.222,0.0,0.0,0.03,0.014,3.21,1.47
Taiwan,2005,TWN,22824932.0,709313986797.0,6.01,2.642,16.981,1.409,0.0,0.0,0.09,0.04,4.07,1.789
Taiwan,2006,TWN,22914644.0,745965982529.0,6.22,2.641,17.471,1.411,0.0,0.0,0.28,0.119,4.09,1.736
Taiwan,2007,TWN,23006921.0,791900583149.0,6.74,2.772,19.747,1.531,0.0,0.0,0.44,0.181,4.42,1.818
Taiwan,2008,TWN,23086238.0,794389614968.0,6.72,2.82,18.788,1.513,0.0,0.0,0.59,0.248,4.31,1.809
Taiwan,2009,TWN,23164353.0,779014502319.0,6.3,2.739,17.694,1.468,0.01,0.004,0.79,0.343,3.75,1.63
Taiwan,2010,TWN,23224049.0,859487483344.0,7.07,2.862,19.784,1.532,0.02,0.008,1.03,0.417,4.19,1.696
Taiwan,2011,TWN,23273078.0,888546864638.0,7.38,2.927,20.643,1.604,0.06,0.024,1.49,0.591,4.0,1.586
Taiwan,2012,TWN,23345963.0,908290377366.0,9.07,3.623,25.148,1.971,0.16,0.064,1.41,0.563,5.67,2.265
Taiwan,2013,TWN,23416870.0,930852328389.0,9.23,3.658,25.551,1.964,0.32,0.127,1.64,0.65,5.42,2.148
Taiwan,2014,TWN,23472811.0,974779255338.0,8.27,3.181,22.451,1.688,0.53,0.204,1.5,0.577,4.32,1.662
Taiwan,2015,TWN,23529260.0,989069527295.0,8.79,3.405,23.399,1.76,0.85,0.329,1.53,0.593,4.47,1.732
Taiwan,2016,TWN,23586140.0,1010482869589.0,11.04,4.18,28.894,2.162,1.11,0.42,1.46,0.553,6.56,2.484
Taiwan,2017,TWN,23632950.0,1043939947916.0,10.7,3.959,27.952,2.089,1.67,0.618,1.72,0.636,5.45,2.017
Taiwan,2018,TWN,23659308.0,1073034529603.0,10.86,3.941,28.299,2.094,2.7,0.98,1.71,0.621,4.48,1.626
Taiwan,2019,TWN,23674137.0,1105912366266.0,13.44,4.902,34.586,2.611,4.02,1.466,1.89,0.689,5.54,2.021
Taiwan,2020,TWN,23663461.0,1143369531447.0,13.4,4.786,34.401,2.676,6.07,2.168,2.31,0.825,3.02,1.079
Taiwan,2021,TWN,23558330.0,1218008773904.0,15.72,5.402,40.074,2.932,7.97,2.739,2.27,0.78,3.47,1.192
Taiwan,2022,TWN,23420107.0,1247874288934.0,22.09,7.665,55.589,4.235,10.68,3.706,3.58,1.242,5.84,2.026
Taiwan,2023,TWN,23317145.0,,25.12,8.899,62.644,5.005,12.91,4.573,6.24,2.211,3.96,1.403
Taiwan,2024,TWN,23213964.0,,31.51,10.92,78.277,6.268,14.9,5.164,10.33,3.58,4.21,1.459
Tajikistan,2000,TJK,6284737.0,10735320878.0,14.02,98.455,,,0.0,0.0,0.0,0.0,14.02,98.455
Tajikistan,2001,TJK,6407376.0,11697951502.0,14.21,98.749,,,0.0,0.0,0.0,0.0,14.21,98.749
Tajikistan,2002,TJK,6531674.0,12792791823.0,15.16,99.085,,,0.0,0.0,0.0,0.0,15.16,99.085
Tajikistan,2003,TJK,6658575.0,14027448844.0,16.34,98.97,,,0.0,0.0,0.0,0.0,16.34,98.97
Tajikistan,2004,TJK,6790555.0,15391086914.0,16.34,99.09,,,0.0,0.0,0.0,0.0,16.34,99.09
Tajikistan,2005,TJK,6924722.0,16469329106.0,16.97,99.298,,,0.0,0.0,0.0,0.0,16.97,99.298
Tajikistan,2006,TJK,7057566.0,17531184155.0,16.7,98.641,,,0.0,0.0,0.0,0.0,16.7,98.641
Tajikistan,2007,TJK,7194479.0,18731098417.0,17.11,97.827,,,0.0,0.0,0.0,0.0,17.11,97.827
Tajikistan,2008,TJK,7338402.0,20202934540.0,15.8,97.833,,,0.0,0.0,0.0,0.0,15.8,97.833
Tajikistan,2009,TJK,7490232.0,20969201626.0,15.9,98.635,,,0.0,0.0,0.0,0.0,15.9,98.635
Tajikistan,2010,TJK,7652144.0,22275913223.0,16.4,99.757,,,0.0,0.0,0.0,0.0,16.4,99.757
Tajikistan,2011,TJK,7824788.0,23719353153.0,16.2,99.754,,,0.0,0.0,0.0,0.0,16.2,99.754
Tajikistan,2012,TJK,8014087.0,25498307279.0,16.9,99.588,,,0.0,0.0,0.0,0.0,16.9,99.588
Tajikistan,2013,TJK,8216733.0,27385180748.0,17.07,99.766,,,0.0,0.0,0.0,0.0,17.07,99.766
Tajikistan,2014,TJK,8425559.0,29219994834.0,16.0,99.01,,,0.0,0.0,0.0,0.0,16.0,99.01
Tajikistan,2015,TJK,8643839.0,30973186706.0,17.0,99.068,,,0.0,0.0,0.0,0.0,17.0,99.068
Tajikistan,2016,TJK,8865623.0,33110336724.0,16.63,96.462,,,0.0,0.0,0.0,0.0,16.63,96.462
Tajikistan,2017,TJK,9085942.0,35461181351.0,17.13,94.589,,,0.0,0.0,0.0,0.0,17.13,94.589
Tajikistan,2018,TJK,9307345.0,38156222428.0,18.39,93.161,,,0.0,0.0,0.0,0.0,18.39,93.161
Tajikistan,2019,TJK,9529970.0,40979787244.0,19.17,91.46,,,0.0,0.0,0.0,0.0,19.17,91.46
Tajikistan,2020,TJK,9749312.0,42778793597.0,18.11,90.1,,,0.0,0.0,0.0,0.0,18.11,90.1
Tajikistan,2021,TJK,9966912.0,46800009054.0,18.66,90.058,,,0.0,0.0,0.0,0.0,18.66,90.058
Tajikistan,2022,TJK,10182228.0,50544013546.0,19.92,92.694,,,0.0,0.0,0.0,0.0,19.92,92.694
Tajikistan,2023,TJK,10389807.0,,20.0,92.593,,,0.0,0.0,0.0,0.0,20.0,92.593
Tajikistan,2024,TJK,10590930.0,,19.82,91.421,,,0.0,0.0,0.0,0.0,19.82,91.421
Tanzania,2000,TZA,34260142.0,39001698887.0,2.16,86.4,,,0.0,0.0,0.0,0.0,2.13,85.2
Tanzania,2001,TZA,35198303.0,42445346863.0,2.68,94.7,,,0.0,0.0,0.0,0.0,2.64,93.286
Tanzania,2002,TZA,36121301.0,46583070535.0,2.76,95.502,,,0.0,0.0,0.0,0.0,2.72,94.118
Tanzania,2003,TZA,37089555.0,50824600990.0,2.6,95.941,,,0.0,0.0,0.0,0.0,2.55,94.096
Tanzania,2004,TZA,38109666.0,55891196644.0,2.06,78.927,,,0.0,0.0,0.0,0.0,2.01,77.011
Tanzania,2005,TZA,39182083.0,61018758994.0,1.83,50.0,,,0.0,0.0,0.0,0.0,1.78,48.634
Tanzania,2006,TZA,40294900.0,65508013137.0,1.5,42.735,,,0.0,0.0,0.0,0.0,1.44,41.026
Tanzania,2007,TZA,41435508.0,72909539423.0,2.58,60.849,,,0.0,0.0,0.0,0.0,2.52,59.434
Tanzania,2008,TZA,42570728.0,78993514738.0,2.71,60.899,,,0.0,0.0,0.0,0.0,2.65,59.551
Tanzania,2009,TZA,43633975.0,85446168824.0,2.7,56.25,,,0.0,0.0,0.0,0.0,2.64,55.0
Tanzania,2010,TZA,44758491.0,93371216148.0,2.78,52.158,,,0.01,0.188,0.0,0.0,2.7,50.657
Tanzania,2011,TZA,46029371.0,103624510902.0,2.07,40.039,,,0.01,0.193,0.0,0.0,1.99,38.491
Tanzania,2012,TZA,47374261.0,108951852558.0,1.84,32.451,,,0.01,0.176,0.0,0.0,1.77,31.217
Tanzania,2013,TZA,48824134.0,116340969671.0,1.8,30.05,,,0.01,0.167,0.0,0.0,1.72,28.715
Tanzania,2014,TZA,50351506.0,124173043529.0,2.67,42.652,,,0.02,0.319,0.0,0.0,2.59,41.374
Tanzania,2015,TZA,52020958.0,131823350494.0,2.19,33.538,,,0.02,0.306,0.0,0.0,2.11,32.312
Tanzania,2016,TZA,53824012.0,140875654933.0,2.47,36.217,,,0.03,0.44,0.0,0.0,2.37,34.751
Tanzania,2017,TZA,55652888.0,150417154803.0,2.46,34.795,,,0.04,0.566,0.0,0.0,2.35,33.239
Tanzania,2018,TZA,57437134.0,160884699826.0,2.32,31.737,,,0.03,0.41,0.0,0.0,2.23,30.506
Tanzania,2019,TZA,59174889.0,172128919031.0,2.58,33.205,,,0.03,0.386,0.0,0.0,2.48,31.918
Tanzania,2020,TZA,60972803.0,180418650860.0,3.24,41.379,,,0.03,0.383,0.0,0.0,3.14,40.102
Tanzania,2021,TZA,62830410.0,189343959556.0,3.19,36.879,,,0.03,0.347,0.0,0.0,3.09,35.723
Tanzania,2022,TZA,64711822.0,198220407805.0,2.92,30.353,,,0.03,0.312,0.0,0.0,2.82,29.314
Tanzania,2023,TZA,66617607.0,,2.8,25.501,,,0.03,0.273,0.0,0.0,2.7,24.59
Thailand,2000,THA,63007815.0,579217712636.0,6.42,6.721,18.012,2.432,0.0,0.0,0.0,0.0,5.89,6.166
Thailand,2001,THA,63651137.0,596448007832.0,6.79,6.723,18.997,2.432,0.0,0.0,0.0,0.0,6.17,6.11
Thailand,2002,THA,64266433.0,630177413705.0,8.12,7.488,22.535,2.662,0.0,0.0,0.0,0.0,7.37,6.796
Thailand,2003,THA,64868164.0,672602585235.0,8.44,7.28,23.49,2.58,0.0,0.0,0.0,0.0,7.21,6.219
Thailand,2004,THA,65452049.0,712165919937.0,7.74,6.235,21.791,2.204,0.0,0.0,0.0,0.0,5.9,4.753
Thailand,2005,THA,66017415.0,739238460898.0,7.53,5.773,21.497,2.108,0.0,0.0,0.0,0.0,5.67,4.347
Thailand,2006,THA,66567685.0,773067090714.0,9.98,7.296,28.375,2.724,0.04,0.029,0.0,0.0,7.95,5.812
Thailand,2007,THA,67102388.0,811667437725.0,10.42,7.311,30.502,2.832,0.04,0.028,0.0,0.0,7.96,5.585
Thailand,2008,THA,67619835.0,822020817321.0,9.13,6.278,30.833,2.862,0.04,0.028,0.0,0.0,6.95,4.779
Thailand,2009,THA,68121077.0,812859746470.0,9.26,6.347,33.001,2.98,0.04,0.027,0.0,0.0,6.97,4.777
Thailand,2010,THA,68579443.0,870109340511.0,8.77,5.566,32.407,2.75,0.06,0.038,0.0,0.0,5.35,3.395
Thailand,2011,THA,69007212.0,873642799890.0,12.0,7.828,41.674,3.442,0.09,0.059,0.0,0.0,7.93,5.173
Thailand,2012,THA,69436091.0,936920832597.0,13.65,8.079,48.82,3.781,0.5,0.296,0.02,0.012,8.43,4.989
Thailand,2013,THA,69845112.0,962095812070.0,12.65,7.501,49.835,3.8,1.26,0.747,0.35,0.208,5.41,3.208
Thailand,2014,THA,70216362.0,971562808709.0,14.21,8.178,57.466,4.24,1.93,1.111,0.4,0.23,5.16,2.97
Thailand,2015,THA,70540787.0,1002011619070.0,13.81,7.766,57.81,4.202,2.38,1.338,0.33,0.186,3.76,2.114
Thailand,2016,THA,70859835.0,1036430730493.0,16.07,8.937,64.814,4.617,3.55,1.974,0.38,0.211,3.54,1.969
Thailand,2017,THA,71160183.0,1079732734924.0,19.63,11.107,76.063,5.318,4.54,2.569,1.11,0.628,4.69,2.654
Thailand,2018,THA,71376081.0,1125329902301.0,25.52,14.356,94.116,6.379,4.54,2.554,1.64,0.923,7.6,4.275
Thailand,2019,THA,71522264.0,1149130685920.0,27.72,14.862,102.623,6.951,5.15,2.761,3.67,1.968,6.31,3.383
Thailand,2020,THA,71641484.0,1078332670656.0,25.08,14.211,95.962,6.97,5.03,2.85,3.22,1.825,4.54,2.573
Thailand,2021,THA,71727338.0,1095187026392.0,26.47,15.009,97.35,7.034,4.99,2.829,3.53,2.002,4.54,2.574
Thailand,2022,THA,71735321.0,1124143758569.0,28.48,15.79,100.366,7.248,5.03,2.789,2.99,1.658,6.6,3.659
Thailand,2023,THA,71702436.0,,29.76,15.624,105.355,7.608,5.14,2.698,3.74,1.963,6.59,3.46
Thailand,2024,THA,71668010.0,,29.61,14.841,104.94,7.403,5.43,2.722,3.38,1.694,6.41,3.213
Togo,2000,TGO,5140046.0,5742626906.0,0.1,55.556,,,0.0,0.0,0.0,0.0,0.1,55.556
Togo,2001,TGO,5277386.0,5728350754.0,0.05,38.462,,,0.0,0.0,0.0,0.0,0.05,38.462
Togo,2002,TGO,5413279.0,5709447507.0,0.09,56.25,,,0.0,0.0,0.0,0.0,0.09,56.25
Togo,2003,TGO,5552169.0,6045966479.0,0.12,66.667,,,0.0,0.0,0.0,0.0,0.12,66.667
Togo,2004,TGO,5696513.0,6257433355.0,0.08,42.105,,,0.0,0.0,0.0,0.0,0.08,42.105
Togo,2005,TGO,5844637.0,6399681696.0,0.07,36.842,,,0.0,0.0,0.0,0.0,0.07,36.842
Togo,2006,TGO,6010673.0,6714729819.0,0.09,40.909,,,0.0,0.0,0.0,0.0,0.09,40.909
Togo,2007,TGO,6188350.0,6923652593.0,0.1,52.632,,,0.0,0.0,0.0,0.0,0.09,47.368
Togo,2008,TGO,6368820.0,7155226201.0,0.09,69.231,,,0.0,0.0,0.0,0.0,0.09,69.231
Togo,2009,TGO,6551868.0,7467517725.0,0.11,73.333,,,0.0,0.0,0.0,0.0,0.11,73.333
Togo,2010,TGO,6732596.0,7846071439.0,0.09,40.909,,,0.0,0.0,0.0,0.0,0.09,40.909
Togo,2011,TGO,6916478.0,8309244000.0,0.1,47.619,,,0.0,0.0,0.0,0.0,0.1,47.619
Togo,2012,TGO,7100743.0,8791743000.0,0.09,28.125,,,0.0,0.0,0.0,0.0,0.09,28.125
Togo,2013,TGO,7285448.0,9242968000.0,0.04,12.5,,,0.0,0.0,0.0,0.0,0.04,12.5
Togo,2014,TGO,7472457.0,9806234000.0,0.12,34.286,,,0.0,0.0,0.0,0.0,0.12,34.286
Togo,2015,TGO,7663199.0,10346240000.0,0.06,13.636,,,0.0,0.0,0.0,0.0,0.06,13.636
Togo,2016,TGO,7858297.0,10960546310.0,0.2,21.277,,,0.0,0.0,0.0,0.0,0.2,21.277
Togo,2017,TGO,8057138.0,11420230383.0,0.21,25.926,,,0.0,0.0,0.0,0.0,0.21,25.926
Togo,2018,TGO,8258782.0,11989462252.0,0.21,35.0,,,0.01,1.667,0.0,0.0,0.2,33.333
Togo,2019,TGO,8463070.0,12579682405.0,0.13,21.311,,,0.01,1.639,0.0,0.0,0.12,19.672
Togo,2020,TGO,8669721.0,12720130961.0,0.09,14.754,,,0.01,1.639,0.0,0.0,0.08,13.115
Togo,2021,TGO,8878382.0,13482266787.0,0.16,22.535,,,0.07,9.859,0.0,0.0,0.09,12.676
Togo,2022,TGO,9089742.0,14265660408.0,0.18,20.0,,,0.1,11.111,0.0,0.0,0.08,8.889
Togo,2023,TGO,9304346.0,,0.19,20.652,,,0.11,11.957,0.0,0.0,0.08,8.696
Tonga,2000,TON,102695.0,,0.0,0.0,,,0.0,0.0,0.0,0.0,0.0,0.0
Tonga,2001,TON,103305.0,,0.0,0.0,,,0.0,0.0,0.0,0.0,0.0,0.0
Tonga,2002,TON,103888.0,,0.0,0.0,,,0.0,0.0,0.0,0.0,0.0,0.0
Tonga,2003,TON,104481.0,,0.0,0.0,,,0.0,0.0,0.0,0.0,0.0,0.0
Tonga,2004,TON,105088.0,,0.0,0.0,,,0.0,0.0,0.0,0.0,0.0,0.0
Tonga,2005,TON,105684.0,,0.0,0.0,,,0.0,0.0,0.0,0.0,0.0,0.0
Tonga,2006,TON,106266.0,,0.0,0.0,,,0.0,0.0,0.0,0.0,0.0,0.0
Tonga,2007,TON,106744.0,,0.0,0.0,,,0.0,0.0,0.0,0.0,0.0,0.0
Tonga,2008,TON,107036.0,,0.0,0.0,,,0.0,0.0,0.0,0.0,0.0,0.0
Tonga,2009,TON,107219.0,,0.0,0.0,,,0.0,0.0,0.0,0.0,0.0,0.0
Tonga,2010,TON,107415.0,,0.0,0.0,,,0.0,0.0,0.0,0.0,0.0,0.0
Tonga,2011,TON,107584.0,,0.0,0.0,,,0.0,0.0,0.0,0.0,0.0,0.0
Tonga,2012,TON,107476.0,,0.0,0.0,,,0.0,0.0,0.0,0.0,0.0,0.0
Tonga,2013,TON,107093.0,,0.0,0.0,,,0.0,0.0,0.0,0.0,0.0,0.0
Tonga,2014,TON,106627.0,,0.0,0.0,,,0.0,0.0,0.0,0.0,0.0,0.0
Tonga,2015,TON,106110.0,,0.0,0.0,,,0.0,0.0,0.0,0.0,0.0,0.0
Tonga,2016,TON,105536.0,,0.0,0.0,,,0.0,0.0,0.0,0.0,0.0,0.0
Tonga,2017,TON,105373.0,,0.01,14.286,,,0.01,14.286,0.0,0.0,0.0,0.0
Tonga,2018,TON,105590.0,,0.01,14.286,,,0.01,14.286,0.0,0.0,0.0,0.0
Tonga,2019,TON,105688.0,,0.01,14.286,,,0.01,14.286,0.0,0.0,0.0,0.0
Tonga,2020,TON,105721.0,,0.01,14.286,,,0.01,14.286,0.0,0.0,0.0,0.0
Tonga,2021,TON,105504.0,,0.01,14.286,,,0.01,14.286,0.0,0.0,0.0,0.0
Tonga,2022,TON,105053.0,,0.01,12.5,,,0.01,12.5,0.0,0.0,0.0,0.0
Tonga,2023,TON,104613.0,,0.01,14.286,,,0.01,14.286,0.0,0.0,0.0,0.0
Trinidad and Tobago,2000,TTO,1319781.0,24996996038.0,0.02,0.366,0.064,0.054,0.0,0.0,0.0,0.0,0.0,0.0
Trinidad and Tobago,2001,TTO,1325573.0,25814786793.0,0.03,0.532,0.093,0.074,0.0,0.0,0.0,0.0,0.0,0.0
Trinidad and Tobago,2002,TTO,1332017.0,27665233734.0,0.03,0.532,0.085,0.06,0.0,0.0,0.0,0.0,0.0,0.0
Trinidad and Tobago,2003,TTO,1338718.0,31435997895.0,0.01,0.155,0.043,0.028,0.0,0.0,0.0,0.0,0.0,0.0
Trinidad and Tobago,2004,TTO,1345386.0,33689560531.0,0.02,0.311,0.079,0.046,0.0,0.0,0.0,0.0,0.0,0.0
Trinidad and Tobago,2005,TTO,1352040.0,35495977662.0,0.02,0.284,0.076,0.041,0.0,0.0,0.0,0.0,0.0,0.0
Trinidad and Tobago,2006,TTO,1358706.0,39852731106.0,0.03,0.418,0.09,0.041,0.0,0.0,0.0,0.0,0.0,0.0
Trinidad and Tobago,2007,TTO,1365381.0,41413662308.0,0.02,0.26,0.068,0.031,0.0,0.0,0.0,0.0,0.0,0.0
Trinidad and Tobago,2008,TTO,1372090.0,42494149374.0,0.02,0.259,0.072,0.033,0.0,0.0,0.0,0.0,0.0,0.0
Trinidad and Tobago,2009,TTO,1379056.0,40299152132.0,0.02,0.255,0.07,0.032,0.0,0.0,0.0,0.0,0.0,0.0
Trinidad and Tobago,2010,TTO,1386657.0,41285434067.0,0.0,0.0,0.011,0.005,0.0,0.0,0.0,0.0,0.0,0.0
Trinidad and Tobago,2011,TTO,1394990.0,40819362692.0,0.0,0.0,0.011,0.005,0.0,0.0,0.0,0.0,0.0,0.0
Trinidad and Tobago,2012,TTO,1403814.0,42669299120.0,0.0,0.0,0.016,0.007,0.0,0.0,0.0,0.0,0.0,0.0
Trinidad and Tobago,2013,TTO,1412658.0,44309506041.0,0.0,0.0,0.016,0.007,0.0,0.0,0.0,0.0,0.0,0.0
Trinidad and Tobago,2014,TTO,1421135.0,45781910542.0,0.0,0.0,0.016,0.007,0.0,0.0,0.0,0.0,0.0,0.0
Trinidad and Tobago,2015,TTO,1429190.0,45435797433.0,0.01,0.104,0.016,0.007,0.01,0.104,0.0,0.0,0.0,0.0
Trinidad and Tobago,2016,TTO,1437031.0,42362516644.0,0.01,0.106,0.016,0.008,0.01,0.106,0.0,0.0,0.0,0.0
Trinidad and Tobago,2017,TTO,1445265.0,40368511597.0,0.01,0.107,0.016,0.008,0.01,0.107,0.0,0.0,0.0,0.0
Trinidad and Tobago,2018,TTO,1470522.0,40016907555.0,0.01,0.108,0.016,0.008,0.01,0.108,0.0,0.0,0.0,0.0
Trinidad and Tobago,2019,TTO,1484898.0,40060922958.0,0.01,0.109,0.015,0.008,0.01,0.109,0.0,0.0,0.0,0.0
Trinidad and Tobago,2020,TTO,1481026.0,36985045051.0,0.01,0.108,0.015,0.009,0.01,0.108,0.0,0.0,0.0,0.0
Trinidad and Tobago,2021,TTO,1487715.0,36605213818.0,0.01,0.108,0.015,0.009,0.01,0.108,0.0,0.0,0.0,0.0
Trinidad and Tobago,2022,TTO,1495923.0,37513383973.0,0.01,0.105,0.015,0.009,0.01,0.105,0.0,0.0,0.0,0.0
Trinidad and Tobago,2023,TTO,1502938.0,,0.01,0.105,0.015,0.009,0.01,0.105,0.0,0.0,0.0,0.0
Tunisia,2000,TUN,9764940.0,71818861344.0,0.08,0.755,,,0.0,0.0,0.02,0.189,0.06,0.567
Tunisia,2001,TUN,9869679.0,75444595962.0,0.07,0.615,,,0.0,0.0,0.02,0.176,0.05,0.439
Tunisia,2002,TUN,9971521.0,76877531228.0,0.09,0.76,,,0.0,0.0,0.03,0.253,0.06,0.507
Tunisia,2003,TUN,10071638.0,81240064067.0,0.19,1.684,,,0.0,0.0,0.03,0.266,0.16,1.418
Tunisia,2004,TUN,10166170.0,86232298416.0,0.19,1.593,,,0.0,0.0,0.04,0.335,0.15,1.257
Tunisia,2005,TUN,10255474.0,89804282207.0,0.18,1.422,,,0.0,0.0,0.04,0.316,0.14,1.106
Tunisia,2006,TUN,10346408.0,95016289901.0,0.13,0.995,,,0.0,0.0,0.04,0.306,0.09,0.689
Tunisia,2007,TUN,10441705.0,101101822575.0,0.09,0.655,,,0.0,0.0,0.04,0.291,0.05,0.364
Tunisia,2008,TUN,10542637.0,105766317552.0,0.07,0.487,,,0.0,0.0,0.04,0.278,0.03,0.209
Tunisia,2009,TUN,10650682.0,109299724050.0,0.18,1.18,,,0.0,0.0,0.1,0.655,0.08,0.524
Tunisia,2010,TUN,10765984.0,112484995734.0,0.19,1.196,,,0.0,0.0,0.14,0.881,0.05,0.315
Tunisia,2011,TUN,10886041.0,110760053250.0,0.16,0.982,,,0.0,0.0,0.11,0.675,0.05,0.307
Tunisia,2012,TUN,11009649.0,115430801370.0,0.31,1.738,,,0.0,0.0,0.2,1.121,0.11,0.617
Tunisia,2013,TUN,11141365.0,118235775346.0,0.43,2.37,,,0.01,0.055,0.36,1.985,0.06,0.331
Tunisia,2014,TUN,11274295.0,121889250523.0,0.59,3.11,,,0.03,0.158,0.51,2.688,0.05,0.264
Tunisia,2015,TUN,11402270.0,123069138453.0,0.58,2.977,,,0.06,0.308,0.45,2.31,0.07,0.359
Tunisia,2016,TUN,11528676.0,124443824545.0,0.63,3.209,,,0.11,0.56,0.47,2.394,0.05,0.255
Tunisia,2017,TUN,11650504.0,127228891219.0,0.6,2.915,,,0.13,0.632,0.45,2.187,0.02,0.097
Tunisia,2018,TUN,11765515.0,130568635947.0,0.55,2.629,,,0.08,0.382,0.45,2.151,0.02,0.096
Tunisia,2019,TUN,11875084.0,132642060864.0,0.69,3.134,,,0.12,0.545,0.5,2.271,0.07,0.318
Tunisia,2020,TUN,11974058.0,120945694784.0,0.67,3.134,,,0.15,0.702,0.47,2.198,0.05,0.234
Tunisia,2021,TUN,12048625.0,126273349199.0,0.68,3.105,,,0.22,1.005,0.43,1.963,0.03,0.137
Tunisia,2022,TUN,12119338.0,129457959410.0,0.65,3.036,,,0.32,1.495,0.32,1.495,0.01,0.047
Tunisia,2023,TUN,12200434.0,,0.84,3.946,,,0.49,2.302,0.34,1.597,0.01,0.047
Tunisia,2024,TUN,12277103.0,,0.83,3.985,,,0.49,2.352,0.33,1.584,0.01,0.048
Turkey,2000,TUR,65425957.0,785054993224.0,31.16,25.052,86.621,10.096,0.0,0.0,0.03,0.024,30.88,24.827
Turkey,2001,TUR,66245125.0,732284634333.0,24.34,19.912,67.353,8.632,0.0,0.0,0.06,0.049,24.01,19.642
Turkey,2002,TUR,67048792.0,796073298321.0,33.96,26.436,93.149,10.918,0.0,0.0,0.05,0.039,33.68,26.218
Turkey,2003,TUR,67831735.0,848549642280.0,35.56,25.484,96.957,10.734,0.0,0.0,0.06,0.043,35.33,25.319
Turkey,2004,TUR,68592621.0,931152861082.0,46.31,30.925,125.573,13.0,0.0,0.0,0.06,0.04,46.08,30.771
Turkey,2005,TUR,69329557.0,1017383777200.0,39.74,24.587,106.905,10.807,0.0,0.0,0.06,0.037,39.56,24.476
Turkey,2006,TUR,70045351.0,1096826103018.0,44.52,25.26,119.337,10.874,0.0,0.0,0.13,0.074,44.24,25.101
Turkey,2007,TUR,70750593.0,1158406990670.0,36.46,19.037,97.222,8.326,0.0,0.0,0.36,0.188,35.85,18.719
Turkey,2008,TUR,71562343.0,1179868355277.0,34.42,17.351,91.146,7.784,0.0,0.0,0.85,0.428,33.27,16.772
Turkey,2009,TUR,72464846.0,1122756788420.0,38.15,19.583,100.529,8.472,0.0,0.0,1.5,0.77,35.96,18.459
Turkey,2010,TUR,73346766.0,1240496805446.0,55.72,26.385,145.686,11.71,0.0,0.0,2.92,1.383,51.8,24.529
Turkey,2011,TUR,74215203.0,1364782716000.0,58.09,25.324,151.262,11.392,0.0,0.0,4.72,2.058,52.34,22.817
Turkey,2012,TUR,75197196.0,1430132002360.0,65.21,27.229,169.754,12.031,0.0,0.0,5.86,2.447,57.86,24.16
Turkey,2013,TUR,76403032.0,1551491738617.0,69.22,28.824,182.671,13.033,0.0,0.0,7.56,3.148,59.42,24.743
Turkey,2014,TUR,78036154.0,1628131977724.0,52.62,20.885,137.518,9.501,0.02,0.008,8.52,3.382,40.64,16.13
Turkey,2015,TUR,80014222.0,1727192876718.0,83.65,31.956,215.766,13.673,0.19,0.073,11.65,4.45,67.15,25.652
Turkey,2016,TUR,81652087.0,1784590365590.0,90.24,32.886,231.891,13.986,1.04,0.379,15.52,5.656,67.23,24.501
Turkey,2017,TUR,83083667.0,1918472081554.0,87.24,29.345,224.584,12.632,2.89,0.972,17.9,6.021,58.22,19.584
Turkey,2018,TUR,84415966.0,1975637604336.0,96.82,32.257,251.254,14.13,7.8,2.599,19.86,6.617,59.75,19.907
Turkey,2019,TUR,85357670.0,1991116616493.0,131.47,43.797,337.335,18.384,9.57,3.188,21.63,7.206,88.64,29.529
Turkey,2020,TUR,86091691.0,2029749392174.0,127.33,42.162,327.603,18.103,11.2,3.709,24.61,8.149,77.86,25.781
Turkey,2021,TUR,86686254.0,2260196231771.0,116.07,35.4,304.751,15.696,13.28,4.05,31.02,9.461,55.51,16.93
Turkey,2022,TUR,87058469.0,2385996374127.0,134.35,41.911,353.075,18.036,15.16,4.729,34.69,10.822,66.66,20.795
Turkey,2023,TUR,87270502.0,,134.34,42.009,357.138,18.326,18.4,5.754,33.88,10.594,63.72,19.926
Turkey,2024,TUR,87473800.0,,155.65,45.614,411.239,19.786,25.67,7.523,36.53,10.705,74.57,21.853
Turkey,2025,TUR,87685427.0,,153.07,43.257,,,37.25,10.527,39.42,11.14,57.27,16.184
Turkmenistan,2000,TKM,4582675.0,18299208667.0,0.0,0.0,0.009,0.007,0.0,0.0,0.0,0.0,0.0,0.0
Turkmenistan,2001,TKM,4675416.0,22282743473.0,0.0,0.0,0.009,0.006,0.0,0.0,0.0,0.0,0.0,0.0
Turkmenistan,2002,TKM,4769473.0,26092440396.0,0.0,0.0,0.009,0.007,0.0,0.0,0.0,0.0,0.0,0.0
Turkmenistan,2003,TKM,4863871.0,30907677346.0,0.0,0.0,0.009,0.005,0.0,0.0,0.0,0.0,0.0,0.0
Turkmenistan,2004,TKM,4958091.0,35857575608.0,0.0,0.0,0.009,0.005,0.0,0.0,0.0,0.0,0.0,0.0
Turkmenistan,2005,TKM,5052260.0,41000508021.0,0.0,0.0,0.008,0.005,0.0,0.0,0.0,0.0,0.0,0.0
Turkmenistan,2006,TKM,5147103.0,46019998793.0,0.0,0.0,0.008,0.005,0.0,0.0,0.0,0.0,0.0,0.0
Turkmenistan,2007,TKM,5244047.0,51693703669.0,0.0,0.0,0.008,0.005,0.0,0.0,0.0,0.0,0.0,0.0
Turkmenistan,2008,TKM,5345033.0,60001295021.0,0.0,0.0,0.008,0.005,0.0,0.0,0.0,0.0,0.0,0.0
Turkmenistan,2009,TKM,5451597.0,64409212896.0,0.0,0.0,0.008,0.004,0.0,0.0,0.0,0.0,0.0,0.0
Turkmenistan,2010,TKM,5564356.0,71115148352.0,0.0,0.0,0.009,0.003,0.0,0.0,0.0,0.0,0.0,0.0
Turkmenistan,2011,TKM,5683413.0,82520290491.0,0.0,0.0,0.009,0.004,0.0,0.0,0.0,0.0,0.0,0.0
Turkmenistan,2012,TKM,5808548.0,87581261691.0,0.0,0.0,0.011,0.003,0.0,0.0,0.0,0.0,0.0,0.0
Turkmenistan,2013,TKM,5939348.0,87286119372.0,0.0,0.0,0.013,0.005,0.0,0.0,0.0,0.0,0.0,0.0
Turkmenistan,2014,TKM,6075286.0,90639646545.0,0.0,0.0,0.016,0.006,0.0,0.0,0.0,0.0,0.0,0.0
Turkmenistan,2015,TKM,6215773.0,93346148579.0,0.0,0.0,0.021,0.007,0.0,0.0,0.0,0.0,0.0,0.0
Turkmenistan,2016,TKM,6360041.0,92434154525.0,0.0,0.0,0.025,0.007,0.0,0.0,0.0,0.0,0.0,0.0
Turkmenistan,2017,TKM,6507065.0,96785037864.0,0.0,0.0,0.025,0.008,0.0,0.0,0.0,0.0,0.0,0.0
Turkmenistan,2018,TKM,6655523.0,97638670425.0,0.0,0.0,0.025,0.007,0.0,0.0,0.0,0.0,0.0,0.0
Turkmenistan,2019,TKM,6803943.0,94329707021.0,0.0,0.0,0.025,0.007,0.0,0.0,0.0,0.0,0.0,0.0
Turkmenistan,2020,TKM,6949915.0,91559235694.0,0.0,0.0,0.025,0.006,0.0,0.0,0.0,0.0,0.0,0.0
Turkmenistan,2021,TKM,7092042.0,95789282239.0,0.01,0.035,0.025,0.006,0.0,0.0,0.0,0.0,0.01,0.035
Turkmenistan,2022,TKM,7230197.0,97502944727.0,0.01,0.031,0.025,0.005,0.0,0.0,0.0,0.0,0.01,0.031
Turkmenistan,2023,TKM,7364437.0,,0.01,0.03,0.025,0.006,0.0,0.0,0.0,0.0,0.01,0.03
Turks and Caicos Islands,2000,TCA,18754.0,,0.0,0.0,,,0.0,0.0,0.0,0.0,0.0,0.0
Turks and Caicos Islands,2001,TCA,19603.0,,0.0,0.0,,,0.0,0.0,0.0,0.0,0.0,0.0
Turks and Caicos Islands,2002,TCA,20619.0,,0.0,0.0,,,0.0,0.0,0.0,0.0,0.0,0.0
Turks and Caicos Islands,2003,TCA,21749.0,,0.0,0.0,,,0.0,0.0,0.0,0.0,0.0,0.0
Turks and Caicos Islands,2004,TCA,22881.0,,0.0,0.0,,,0.0,0.0,0.0,0.0,0.0,0.0
Turks and Caicos Islands,2005,TCA,24011.0,,0.0,0.0,,,0.0,0.0,0.0,0.0,0.0,0.0
Turks and Caicos Islands,2006,TCA,25146.0,,0.0,0.0,,,0.0,0.0,0.0,0.0,0.0,0.0
Turks and Caicos Islands,2007,TCA,26290.0,,0.0,0.0,,,0.0,0.0,0.0,0.0,0.0,0.0
Turks and Caicos Islands,2008,TCA,27452.0,,0.0,0.0,,,0.0,0.0,0.0,0.0,0.0,0.0
Turks and Caicos Islands,2009,TCA,28610.0,,0.0,0.0,,,0.0,0.0,0.0,0.0,0.0,0.0
Turks and Caicos Islands,2010,TCA,29763.0,,0.0,0.0,,,0.0,0.0,0.0,0.0,0.0,0.0
Turks and Caicos Islands,2011,TCA,30870.0,,0.0,0.0,,,0.0,0.0,0.0,0.0,0.0,0.0
Turks and Caicos Islands,2012,TCA,32152.0,,0.0,0.0,,,0.0,0.0,0.0,0.0,0.0,0.0
Turks and Caicos Islands,2013,TCA,33675.0,,0.0,0.0,,,0.0,0.0,0.0,0.0,0.0,0.0
Turks and Caicos Islands,2014,TCA,35077.0,,0.0,0.0,,,0.0,0.0,0.0,0.0,0.0,0.0
Turks and Caicos Islands,2015,TCA,36632.0,,0.0,0.0,,,0.0,0.0,0.0,0.0,0.0,0.0
Turks and Caicos Islands,2016,TCA,38342.0,,0.0,0.0,,,0.0,0.0,0.0,0.0,0.0,0.0
Turks and Caicos Islands,2017,TCA,39931.0,,0.0,0.0,,,0.0,0.0,0.0,0.0,0.0,0.0
Turks and Caicos Islands,2018,TCA,41580.0,,0.0,0.0,,,0.0,0.0,0.0,0.0,0.0,0.0
Turks and Caicos Islands,2019,TCA,43191.0,,0.0,0.0,,,0.0,0.0,0.0,0.0,0.0,0.0
Turks and Caicos Islands,2020,TCA,44405.0,,0.0,0.0,,,0.0,0.0,0.0,0.0,0.0,0.0
Turks and Caicos Islands,2021,TCA,45262.0,,0.0,0.0,,,0.0,0.0,0.0,0.0,0.0,0.0
Turks and Caicos Islands,2022,TCA,45869.0,,0.0,0.0,,,0.0,0.0,0.0,0.0,0.0,0.0
Turks and Caicos Islands,2023,TCA,46221.0,,0.0,0.0,,,0.0,0.0,0.0,0.0,0.0,0.0
Uganda,2000,UGA,24000158.0,28839086120.0,1.58,99.371,,,0.0,0.0,0.0,0.0,1.55,97.484
Uganda,2001,UGA,24745678.0,31387264047.0,1.58,99.371,,,0.0,0.0,0.0,0.0,1.55,97.484
Uganda,2002,UGA,25532872.0,33626854165.0,1.71,99.419,,,0.0,0.0,0.0,0.0,1.67,97.093
Uganda,2003,UGA,26352124.0,35593796200.0,1.79,99.444,,,0.0,0.0,0.0,0.0,1.75,97.222
Uganda,2004,UGA,27154513.0,37411396915.0,1.94,100.0,,,0.0,0.0,0.0,0.0,1.89,97.423
Uganda,2005,UGA,27963287.0,40921116463.0,1.89,96.429,,,0.0,0.0,0.0,0.0,1.84,93.878
Uganda,2006,UGA,28794005.0,43572248099.0,1.22,76.25,,,0.01,0.625,0.0,0.0,1.16,72.5
Uganda,2007,UGA,29653437.0,46853864818.0,1.46,73.0,,,0.01,0.5,0.0,0.0,1.4,70.0
Uganda,2008,UGA,30539547.0,51468911832.0,1.73,74.249,,,0.02,0.858,0.0,0.0,1.63,69.957
Uganda,2009,UGA,31451147.0,55303695281.0,1.54,63.636,,,0.02,0.826,0.0,0.0,1.4,57.851
Uganda,2010,UGA,32390801.0,59228535712.0,1.63,59.489,,,0.02,0.73,0.0,0.0,1.49,54.38
Uganda,2011,UGA,33354541.0,62855840742.0,1.63,61.278,,,0.02,0.752,0.0,0.0,1.53,57.519
Uganda,2012,UGA,34337436.0,64322268140.0,2.61,90.0,,,0.03,1.034,0.0,0.0,2.45,84.483
Uganda,2013,UGA,35337050.0,66855286085.0,3.07,100.0,,,0.03,0.977,0.0,0.0,2.87,93.485
Uganda,2014,UGA,36395542.0,70696115682.0,3.14,97.214,,,0.03,0.929,0.0,0.0,2.87,88.854
Uganda,2015,UGA,37531444.0,76356053069.0,3.47,97.746,,,0.03,0.845,0.0,0.0,3.09,87.042
Uganda,2016,UGA,38799153.0,76477462940.0,3.7,98.143,,,0.04,1.061,0.0,0.0,3.3,87.533
Uganda,2017,UGA,40177384.0,81700865546.0,3.71,98.148,,,0.06,1.587,0.0,0.0,3.44,91.005
Uganda,2018,UGA,41565839.0,86196050499.0,3.99,92.791,,,0.07,1.628,0.0,0.0,3.64,84.651
Uganda,2019,UGA,42999636.0,92903828922.0,4.44,96.943,,,0.13,2.838,0.0,0.0,4.04,88.21
Uganda,2020,UGA,44457148.0,91695146192.0,4.48,97.391,,,0.14,3.043,0.0,0.0,4.08,88.696
Uganda,2021,UGA,45910931.0,97200521048.0,5.14,97.533,,,0.13,2.467,0.0,0.0,4.64,88.046
Uganda,2022,UGA,47312718.0,101995416951.0,5.6,97.391,,,0.15,2.609,0.0,0.0,4.98,86.609
Ukraine,2000,UKR,49556654.0,253196030608.0,11.28,6.564,31.333,1.985,0.0,0.0,0.01,0.006,11.27,6.558
Ukraine,2001,UKR,49106854.0,281110336028.0,12.05,6.953,33.282,2.138,0.0,0.0,0.02,0.012,12.03,6.942
Ukraine,2002,UKR,48677280.0,301087057315.0,9.65,5.545,26.436,1.709,0.0,0.0,0.02,0.011,9.63,5.534
Ukraine,2003,UKR,48315133.0,335257370240.0,9.27,5.133,25.256,1.593,0.0,0.0,0.03,0.017,9.24,5.117
Ukraine,2004,UKR,47979502.0,381078098070.0,11.78,6.457,31.94,2.023,0.0,0.0,0.03,0.016,11.75,6.44
Ukraine,2005,UKR,47585558.0,399366244154.0,12.4,6.653,33.336,2.086,0.0,0.0,0.04,0.021,12.36,6.631
Ukraine,2006,UKR,47278691.0,436786761547.0,12.93,6.678,34.548,2.136,0.0,0.0,0.04,0.021,12.89,6.658
Ukraine,2007,UKR,47062802.0,480580682697.0,10.47,5.335,27.974,1.736,0.0,0.0,0.05,0.025,10.14,5.167
Ukraine,2008,UKR,46819168.0,499592169886.0,11.82,6.138,31.318,2.014,0.0,0.0,0.05,0.026,11.51,5.977
Ukraine,2009,UKR,46623731.0,431074416655.0,12.12,6.981,31.875,2.408,0.0,0.0,0.04,0.023,11.94,6.877
Ukraine,2010,UKR,46455997.0,439429783004.0,13.39,7.091,34.968,2.464,0.0,0.0,0.05,0.026,13.15,6.964
Ukraine,2011,UKR,46307854.0,471221167316.0,11.19,5.74,29.08,1.981,0.03,0.015,0.09,0.046,10.94,5.612
Ukraine,2012,UKR,46210051.0,472276721174.0,11.23,5.647,29.027,2.021,0.33,0.166,0.29,0.146,10.48,5.27
Ukraine,2013,UKR,46126760.0,472286166147.0,15.11,7.774,39.204,2.878,0.57,0.293,0.64,0.329,13.8,7.1
Ukraine,2014,UKR,45972379.0,441233307180.0,10.17,5.563,26.423,2.199,0.43,0.235,1.13,0.618,8.48,4.638
Ukraine,2015,UKR,45784904.0,398045419167.0,7.1,4.338,18.461,1.85,0.48,0.293,1.08,0.66,5.4,3.299
Ukraine,2016,UKR,45616831.0,407666198456.0,9.26,5.626,23.772,2.277,0.49,0.298,0.95,0.577,7.68,4.666
Ukraine,2017,UKR,45436037.0,417287091525.0,10.86,6.96,27.809,2.87,0.72,0.461,0.98,0.628,8.95,5.736
Ukraine,2018,UKR,45208903.0,431842093109.0,13.03,8.151,33.007,3.282,1.11,0.694,1.19,0.744,10.43,6.524
Ukraine,2019,UKR,44957451.0,445656664440.0,11.87,7.701,30.631,3.22,2.93,1.901,2.02,1.31,6.51,4.223
Ukraine,2020,UKR,44680008.0,428931213784.0,16.95,11.469,42.929,4.707,5.37,3.634,3.26,2.206,7.56,5.115
Ukraine,2021,UKR,44298642.0,443313281092.0,21.67,13.852,54.635,5.89,6.5,4.155,3.82,2.442,10.44,6.673
Ukraine,2022,UKR,41048768.0,309166674673.0,18.3,16.411,46.016,7.503,5.08,4.556,1.42,1.273,11.02,9.883
United Arab Emirates,2000,ARE,3493583.0,160530689682.0,0.0,0.0,0.0,0.0,0.0,0.0,0.0,0.0,,
United Arab Emirates,2001,ARE,3723596.0,177271829556.0,0.0,0.0,0.0,0.0,0.0,0.0,0.0,0.0,,
United Arab Emirates,2002,ARE,3956829.0,195394872658.0,0.0,0.0,0.0,0.0,0.0,0.0,0.0,0.0,,
United Arab Emirates,2003,ARE,4192465.0,224547226340.0,0.0,0.0,0.0,0.0,0.0,0.0,0.0,0.0,,
United Arab Emirates,2004,ARE,4428964.0,252047957126.0,0.0,0.0,0.0,0.0,0.0,0.0,0.0,0.0,,
United Arab Emirates,2005,ARE,4664797.0,262413275144.0,0.0,0.0,0.0,0.0,0.0,0.0,0.0,0.0,,
United Arab Emirates,2006,ARE,5009106.0,307378573765.0,0.0,0.0,0.0,0.0,0.0,0.0,0.0,0.0,,
United Arab Emirates,2007,ARE,5624640.0,367816178792.0,0.0,0.0,0.0,0.0,0.0,0.0,0.0,0.0,,
United Arab Emirates,2008,ARE,6302669.0,464692468324.0,0.0,0.0,0.0,0.0,0.0,0.0,0.0,0.0,,
United Arab Emirates,2009,ARE,6707063.0,480551549339.0,0.01,0.012,0.017,0.002,0.01,0.012,0.0,0.0,,
United Arab Emirates,2010,ARE,6938372.0,490048925162.0,0.02,0.021,0.048,0.005,0.02,0.021,0.0,0.0,,
United Arab Emirates,2011,ARE,7199436.0,551070287560.0,0.02,0.02,0.054,0.005,0.02,0.02,0.0,0.0,,
United Arab Emirates,2012,ARE,7497122.0,577394943300.0,0.02,0.019,0.062,0.006,0.02,0.019,0.0,0.0,,
United Arab Emirates,2013,ARE,7831851.0,606587973942.0,0.09,0.082,0.222,0.02,0.09,0.082,0.0,0.0,,
United Arab Emirates,2014,ARE,8236880.0,631858461256.0,0.31,0.266,0.792,0.07,0.31,0.266,0.0,0.0,,
United Arab Emirates,2015,ARE,8674633.0,674742705535.0,0.3,0.236,0.761,0.062,0.3,0.236,0.0,0.0,,
United Arab Emirates,2016,ARE,9030873.0,712265114847.0,0.32,0.247,0.794,0.063,0.32,0.247,0.0,0.0,,
United Arab Emirates,2017,ARE,9234330.0,717500233045.0,0.75,0.557,1.863,0.154,0.75,0.557,0.0,0.0,,
United Arab Emirates,2018,ARE,9346870.0,726928170282.0,1.2,0.882,2.98,0.263,1.2,0.882,0.0,0.0,,
United Arab Emirates,2019,ARE,9377855.0,734982504070.0,3.66,2.644,9.049,0.744,3.66,2.644,0.0,0.0,,
United Arab Emirates,2020,ARE,9448529.0,698549476819.0,5.18,3.772,12.804,1.082,5.18,3.772,0.0,0.0,,
United Arab Emirates,2021,ARE,9789055.0,725904671328.0,6.25,4.193,15.401,1.243,6.25,4.193,0.0,0.0,,
United Arab Emirates,2022,ARE,10242085.0,779701520404.0,7.75,4.986,19.064,1.411,7.74,4.98,0.0,0.0,,
United Arab Emirates,2023,ARE,10642089.0,,14.67,8.757,35.935,2.514,14.4,8.595,0.06,0.036,,
United Arab Emirates,2024,ARE,11027135.0,,15.62,8.812,38.241,2.519,15.21,8.581,0.2,0.113,,
United Kingdom,2000,GBR,59057333.0,1889565292321.0,9.91,2.628,28.888,1.087,0.0,0.0,0.94,0.249,5.09,1.35
United Kingdom,2001,GBR,59288095.0,1939268312671.0,9.54,2.479,28.016,1.043,0.0,0.0,0.96,0.249,4.05,1.053
United Kingdom,2002,GBR,59540764.0,1983994308619.0,11.12,2.872,32.467,1.237,0.0,0.0,1.25,0.323,4.79,1.237
United Kingdom,2003,GBR,59820385.0,2050625402735.0,10.69,2.685,31.795,1.194,0.0,0.0,1.29,0.324,3.23,0.811
United Kingdom,2004,GBR,60169964.0,2099526641365.0,14.14,3.59,41.578,1.549,0.0,0.0,1.94,0.492,4.84,1.229
United Kingdom,2005,GBR,60596107.0,2161729510824.0,16.93,4.25,50.338,1.86,0.01,0.003,2.9,0.728,4.92,1.235
United Kingdom,2006,GBR,61051093.0,2212618867772.0,18.1,4.556,54.691,2.047,0.01,0.003,4.22,1.062,4.59,1.155
United Kingdom,2007,GBR,61535859.0,2267631534502.0,19.68,4.96,60.732,2.337,0.01,0.003,5.27,1.328,5.08,1.28
United Kingdom,2008,GBR,62027303.0,2252034759561.0,21.94,5.641,71.73,2.81,0.02,0.005,7.13,1.833,5.14,1.321
United Kingdom,2009,GBR,62506222.0,2151479208521.0,25.24,6.699,72.207,2.989,0.02,0.005,9.28,2.463,5.23,1.388
United Kingdom,2010,GBR,63006482.0,2190919919855.0,26.18,6.852,75.116,3.043,0.04,0.01,10.29,2.693,3.59,0.94
United Kingdom,2011,GBR,63509285.0,2223011392593.0,35.2,9.566,99.18,4.268,0.24,0.065,15.96,4.337,5.69,1.546
United Kingdom,2012,GBR,63960488.0,2255210551431.0,41.24,11.334,115.193,4.869,1.35,0.371,19.84,5.452,5.31,1.459
United Kingdom,2013,GBR,64389386.0,2296252599482.0,53.21,14.852,158.219,6.655,2.01,0.561,28.4,7.927,4.7,1.312
United Kingdom,2014,GBR,64865914.0,2369725553442.0,64.51,19.081,190.845,8.506,4.05,1.198,31.95,9.45,5.89,1.742
United Kingdom,2015,GBR,65382107.0,2426435869267.0,83.36,24.599,239.227,10.562,7.53,2.222,40.27,11.884,6.3,1.859
United Kingdom,2016,GBR,65893359.0,2478973016876.0,83.01,24.474,237.927,10.659,10.41,3.069,37.16,10.956,5.37,1.583
United Kingdom,2017,GBR,66354473.0,2539548543933.0,98.89,29.238,277.959,12.44,11.46,3.388,49.65,14.68,5.88,1.739
United Kingdom,2018,GBR,66752473.0,2582848171416.0,110.14,33.0,311.597,13.98,12.67,3.796,56.91,17.051,5.44,1.63
United Kingdom,2019,GBR,67110958.0,2624285076706.0,119.74,36.596,341.011,15.684,12.42,3.796,63.84,19.512,5.93,1.812
United Kingdom,2020,GBR,67351860.0,2334804059780.0,133.63,43.065,374.262,19.068,12.55,4.044,75.62,24.37,6.88,2.217
United Kingdom,2021,GBR,67668788.0,2512190098029.0,122.49,39.782,344.991,17.482,12.13,3.94,64.93,21.088,5.42,1.76
United Kingdom,2022,GBR,68179315.0,2615230634906.0,135.06,41.611,379.629,19.072,13.34,4.11,80.21,24.712,5.66,1.744
United Kingdom,2023,GBR,68682965.0,,135.67,46.378,381.354,19.976,13.88,4.745,82.15,28.083,5.54,1.894
United Kingdom,2024,GBR,69138185.0,,143.92,50.648,408.147,21.293,14.79,5.205,83.28,29.307,5.76,2.027
United Kingdom,2025,GBR,69551334.0,,152.39,52.049,,,19.32,6.599,86.31,29.479,5.55,1.896
United States,2000,USA,281484126.0,12947417795437.0,350.93,9.23,1019.879,3.856,0.49,0.013,5.59,0.147,270.03,7.102
United States,2001,USA,284279634.0,13073810008320.0,280.06,7.513,849.316,3.287,0.54,0.014,6.74,0.181,208.14,5.584
United States,2002,USA,287084335.0,13307343638671.0,336.34,8.749,1008.915,3.851,0.55,0.014,10.35,0.269,255.59,6.649
United States,2003,USA,289908091.0,13680911930765.0,349.18,9.025,1054.698,4.012,0.53,0.014,11.19,0.289,267.27,6.908
United States,2004,USA,292786248.0,14198910513593.0,345.14,8.733,1057.395,3.944,0.58,0.015,14.14,0.358,259.93,6.577
United States,2005,USA,295716666.0,14673826218839.0,353.04,8.749,1087.422,4.055,0.55,0.014,17.81,0.441,263.76,6.537
United States,2006,USA,298730208.0,15065164240312.0,381.16,9.418,1197.585,4.502,0.51,0.013,26.59,0.657,282.69,6.985
United States,2007,USA,301844223.0,15333183877566.0,347.91,8.398,1139.041,4.222,0.61,0.015,34.45,0.832,240.61,5.808
United States,2008,USA,304970325.0,15288552732632.0,377.11,9.181,1271.34,4.833,0.86,0.021,55.36,1.348,248.54,6.051
United States,2009,USA,308023452.0,14864003344421.0,415.56,10.548,1400.781,5.601,0.89,0.023,73.89,1.875,268.82,6.823
United States,2010,USA,311062785.0,15239586726210.0,424.48,10.318,1458.154,5.642,1.21,0.029,94.65,2.301,254.7,6.191
United States,2011,USA,314105075.0,15477885525000.0,509.74,12.467,1703.818,6.653,1.82,0.045,120.18,2.939,312.93,7.653
United States,2012,USA,317115349.0,15830886903539.0,492.32,12.184,1658.88,6.652,4.33,0.107,140.82,3.485,271.29,6.714
United States,2013,USA,320110752.0,16122472460312.0,520.38,12.831,1763.835,6.888,9.04,0.223,167.84,4.138,263.88,6.507
United States,2014,USA,323115377.0,16491319003554.0,546.83,13.35,1815.237,7.015,28.92,0.706,181.65,4.435,253.19,6.181
United States,2015,USA,326126496.0,16937633974582.0,556.49,13.626,1850.341,7.219,39.03,0.956,190.72,4.67,243.99,5.974
United States,2016,USA,329179423.0,17220065720000.0,624.91,15.288,2045.8,7.993,54.87,1.342,226.99,5.553,261.13,6.388
United States,2017,USA,332204657.0,17606124654726.0,707.19,17.452,2248.143,8.755,77.28,1.907,254.3,6.275,293.84,7.251
United States,2018,USA,335056492.0,18124692769570.0,733.17,17.45,2300.448,8.64,93.36,2.222,272.67,6.49,286.62,6.822
United States,2019,USA,337790069.0,18540552700117.0,760.76,18.295,2369.579,8.967,106.89,2.57,295.88,7.115,282.61,6.796
United States,2020,USA,339436156.0,18027359681343.0,821.4,20.316,2477.656,10.123,130.72,3.233,337.94,8.358,279.95,6.924
United States,2021,USA,340161438.0,19099378164000.0,861.58,20.743,2610.055,10.116,164.42,3.958,378.2,9.105,246.47,5.934
United States,2022,USA,341534041.0,19493170182843.0,958.14,22.35,2865.251,10.875,205.07,4.784,434.3,10.131,248.76,5.803
United States,2023,USA,343477330.0,,964.74,22.679,2919.287,11.212,238.94,5.617,421.14,9.9,239.01,5.619
United States,2024,USA,345426566.0,,1056.63,24.063,3175.228,12.05,303.75,6.918,451.9,10.291,237.04,5.398
United States Virgin Islands,2000,VIR,108591.0,,0.0,0.0,,,0.0,0.0,0.0,0.0,0.0,0.0
United States Virgin Islands,2001,VIR,108535.0,,0.0,0.0,,,0.0,0.0,0.0,0.0,0.0,0.0
United States Virgin Islands,2002,VIR,108433.0,,0.0,0.0,,,0.0,0.0,0.0,0.0,0.0,0.0
United States Virgin Islands,2003,VIR,108186.0,,0.0,0.0,,,0.0,0.0,0.0,0.0,0.0,0.0
United States Virgin Islands,2004,VIR,107851.0,,0.0,0.0,,,0.0,0.0,0.0,0.0,0.0,0.0
United States Virgin Islands,2005,VIR,107622.0,,0.0,0.0,,,0.0,0.0,0.0,0.0,0.0,0.0
United States Virgin Islands,2006,VIR,107463.0,,0.0,0.0,,,0.0,0.0,0.0,0.0,0.0,0.0
United States Virgin Islands,2007,VIR,107238.0,,0.0,0.0,,,0.0,0.0,0.0,0.0,0.0,0.0
United States Virgin Islands,2008,VIR,106971.0,,0.0,0.0,,,0.0,0.0,0.0,0.0,0.0,0.0
United States Virgin Islands,2009,VIR,106767.0,,0.0,0.0,,,0.0,0.0,0.0,0.0,0.0,0.0
United States Virgin Islands,2010,VIR,106325.0,,0.0,0.0,,,0.0,0.0,0.0,0.0,0.0,0.0
United States Virgin Islands,2011,VIR,105398.0,,0.0,0.0,,,0.0,0.0,0.0,0.0,0.0,0.0
United States Virgin Islands,2012,VIR,104307.0,,0.0,0.0,,,0.0,0.0,0.0,0.0,0.0,0.0
United States Virgin Islands,2013,VIR,103168.0,,0.0,0.0,,,0.0,0.0,0.0,0.0,0.0,0.0
United States Virgin Islands,2014,VIR,102012.0,,0.01,1.282,,,0.01,1.282,0.0,0.0,0.0,0.0
United States Virgin Islands,2015,VIR,100251.0,,0.01,1.282,,,0.01,1.282,0.0,0.0,0.0,0.0
United States Virgin Islands,2016,VIR,97795.0,,0.01,1.299,,,0.01,1.299,0.0,0.0,0.0,0.0
United States Virgin Islands,2017,VIR,95124.0,,0.01,1.667,,,0.01,1.667,0.0,0.0,0.0,0.0
United States Virgin Islands,2018,VIR,92317.0,,0.01,1.613,,,0.01,1.613,0.0,0.0,0.0,0.0
United States Virgin Islands,2019,VIR,89390.0,,0.01,1.515,,,0.01,1.515,0.0,0.0,0.0,0.0
United States Virgin Islands,2020,VIR,87724.0,,0.01,1.562,,,0.01,1.562,0.0,0.0,0.0,0.0
United States Virgin Islands,2021,VIR,87238.0,,0.02,3.03,,,0.02,3.03,0.0,0.0,0.0,0.0
United States Virgin Islands,2022,VIR,86521.0,,0.02,2.941,,,0.02,2.941,0.0,0.0,0.0,0.0
United States Virgin Islands,2023,VIR,85712.0,,0.02,2.985,,,0.02,2.985,0.0,0.0,0.0,0.0
Uruguay,2000,URY,3266212.0,42357504785.0,7.09,93.412,,,0.0,0.0,0.0,0.0,7.05,92.885
Uruguay,2001,URY,3274257.0,40598224745.0,9.23,99.784,,,0.0,0.0,0.0,0.0,9.19,99.351
Uruguay,2002,URY,3278868.0,37250866884.0,9.57,99.687,,,0.0,0.0,0.0,0.0,9.53,99.271
Uruguay,2003,URY,3281188.0,37483201754.0,8.57,99.883,,,0.0,0.0,0.0,0.0,8.53,99.417
Uruguay,2004,URY,3283157.0,39270203111.0,4.82,81.695,,,0.0,0.0,0.0,0.0,4.78,81.017
Uruguay,2005,URY,3285776.0,41988118660.0,6.72,87.5,,,0.0,0.0,0.0,0.0,6.68,86.979
Uruguay,2006,URY,3289508.0,43608062782.0,3.6,64.632,,,0.0,0.0,0.0,0.0,3.55,63.734
Uruguay,2007,URY,3295155.0,46197426762.0,8.16,86.994,,,0.0,0.0,0.0,0.0,8.02,85.501
Uruguay,2008,URY,3302184.0,49265998696.0,5.37,61.231,,,0.0,0.0,0.0,0.0,4.5,51.311
Uruguay,2009,URY,3310093.0,50291695148.0,5.91,68.166,,,0.0,0.0,0.04,0.461,5.06,58.362
Uruguay,2010,URY,3318581.0,54642867455.0,9.58,89.199,,,0.0,0.0,0.07,0.652,8.41,78.305
Uruguay,2011,URY,3326829.0,57427770581.0,7.72,74.662,,,0.0,0.0,0.11,1.064,6.48,62.669
Uruguay,2012,URY,3335406.0,59459565927.0,6.85,64.623,,,0.0,0.0,0.11,1.038,5.42,51.132
Uruguay,2013,URY,3345335.0,62217298965.0,9.81,84.134,,,0.0,0.0,0.14,1.201,8.21,70.412
Uruguay,2014,URY,3356343.0,64232518554.0,12.3,94.761,,,0.0,0.0,0.73,5.624,9.65,74.345
Uruguay,2015,URY,3368022.0,64470831197.0,12.8,93.159,,,0.05,0.364,2.07,15.066,8.27,60.189
Uruguay,2016,URY,3379279.0,65560386931.0,13.43,96.828,,,0.15,1.081,2.99,21.557,7.84,56.525
Uruguay,2017,URY,3388444.0,66627711123.0,14.13,98.467,,,0.27,1.882,3.77,26.272,7.52,52.404
Uruguay,2018,URY,3394538.0,66946183643.0,14.25,97.536,,,0.41,2.806,4.73,32.375,6.56,44.901
Uruguay,2019,URY,3397206.0,67180494669.0,15.79,98.258,,,0.42,2.614,4.75,29.558,8.11,50.467
Uruguay,2020,URY,3398966.0,63072414563.0,12.76,94.031,,,0.46,3.39,5.48,40.383,4.09,30.14
Uruguay,2021,URY,3396693.0,65848852721.0,13.53,84.615,,,0.48,3.002,4.99,31.207,5.27,32.958
Uruguay,2022,URY,3390913.0,69066228178.0,13.49,90.781,,,0.5,3.365,4.78,32.167,5.69,38.291
Uruguay,2023,URY,3388083.0,,11.85,92.003,,,0.49,3.804,4.76,36.957,3.52,27.329
Uruguay,2024,URY,3386583.0,,16.34,94.615,,,0.53,3.069,4.75,27.504,7.28,42.154
Uzbekistan,2000,UZB,24787052.0,116875841754.0,3.53,7.533,16.331,2.75,0.0,0.0,0.0,0.0,3.53,7.533
Uzbekistan,2001,UZB,25090289.0,119890046302.0,4.36,9.091,16.622,2.793,0.0,0.0,0.0,0.0,4.36,9.091
Uzbekistan,2002,UZB,25399987.0,122757832356.0,6.02,12.186,16.948,2.778,0.0,0.0,0.0,0.0,6.02,12.186
Uzbekistan,2003,UZB,25711261.0,125924032405.0,8.17,16.762,19.496,3.532,0.0,0.0,0.0,0.0,8.17,16.762
Uzbekistan,2004,UZB,26029350.0,133132057133.0,6.1,12.274,17.597,3.172,0.0,0.0,0.0,0.0,6.1,12.274
Uzbekistan,2005,UZB,26356977.0,140239285325.0,8.93,18.733,18.483,3.298,0.0,0.0,0.0,0.0,8.93,18.733
Uzbekistan,2006,UZB,26699046.0,148405074458.0,4.65,9.428,15.641,2.986,0.0,0.0,0.0,0.0,4.65,9.428
Uzbekistan,2007,UZB,27076013.0,159993748436.0,4.67,9.527,17.173,3.086,0.0,0.0,0.0,0.0,4.67,9.527
Uzbekistan,2008,UZB,27494780.0,171692630381.0,4.49,8.941,11.572,2.215,0.0,0.0,0.0,0.0,4.49,8.941
Uzbekistan,2009,UZB,27939333.0,182715813772.0,6.48,12.934,17.017,3.253,0.0,0.0,0.0,0.0,6.48,12.934
Uzbekistan,2010,UZB,28385509.0,195160171269.0,8.19,15.759,21.334,4.069,0.0,0.0,0.0,0.0,8.19,15.759
Uzbekistan,2011,UZB,28823194.0,208063390835.0,5.7,10.795,14.822,2.7,0.0,0.0,0.0,0.0,5.7,10.795
Uzbekistan,2012,UZB,29261908.0,222840047403.0,6.65,12.547,16.379,3.02,0.0,0.0,0.0,0.0,6.65,12.547
Uzbekistan,2013,UZB,29724065.0,239100684823.0,5.7,10.438,16.036,2.945,0.0,0.0,0.0,0.0,5.7,10.438
Uzbekistan,2014,UZB,30222994.0,255536474727.0,6.07,10.888,15.738,2.785,0.0,0.0,0.0,0.0,6.07,10.888
Uzbekistan,2015,UZB,30749349.0,273983640646.0,6.82,11.879,15.242,2.827,0.0,0.0,0.0,0.0,6.82,11.879
Uzbekistan,2016,UZB,31284565.0,290236358613.0,6.86,11.685,17.247,3.319,0.0,0.0,0.0,0.0,6.86,11.685
Uzbekistan,2017,UZB,31819172.0,302992216928.0,7.94,13.051,19.84,3.698,0.01,0.016,0.0,0.0,7.93,13.034
Uzbekistan,2018,UZB,32373489.0,320808179800.0,5.91,9.359,14.687,2.73,0.01,0.016,0.0,0.0,5.9,9.343
Uzbekistan,2019,UZB,32964700.0,339998944961.0,6.47,10.179,16.051,2.96,0.01,0.016,0.0,0.0,6.46,10.164
Uzbekistan,2020,UZB,33586373.0,346785285756.0,5.01,7.53,12.361,2.293,0.01,0.015,0.0,0.0,5.0,7.515
Uzbekistan,2021,UZB,34243696.0,372457828275.0,5.02,7.027,12.464,2.167,0.05,0.07,0.0,0.0,4.97,6.957
Uzbekistan,2022,UZB,34938953.0,393572464308.0,6.92,9.218,14.125,2.387,0.44,0.586,0.0,0.0,6.48,8.632
Uzbekistan,2023,UZB,35652311.0,,7.05,9.246,18.602,3.104,0.45,0.59,0.0,0.0,6.6,8.656
Vanuatu,2000,VUT,186290.0,,0.0,0.0,,,0.0,0.0,0.0,0.0,0.0,0.0
Vanuatu,2001,VUT,191047.0,,0.0,0.0,,,0.0,0.0,0.0,0.0,0.0,0.0
Vanuatu,2002,VUT,195871.0,,0.0,0.0,,,0.0,0.0,0.0,0.0,0.0,0.0
Vanuatu,2003,VUT,200760.0,,0.0,0.0,,,0.0,0.0,0.0,0.0,0.0,0.0
Vanuatu,2004,VUT,205720.0,,0.0,0.0,,,0.0,0.0,0.0,0.0,0.0,0.0
Vanuatu,2005,VUT,210772.0,,0.0,0.0,,,0.0,0.0,0.0,0.0,0.0,0.0
Vanuatu,2006,VUT,215939.0,,0.0,0.0,,,0.0,0.0,0.0,0.0,0.0,0.0
Vanuatu,2007,VUT,221291.0,,0.0,0.0,,,0.0,0.0,0.0,0.0,0.0,0.0
Vanuatu,2008,VUT,226908.0,,0.0,0.0,,,0.0,0.0,0.0,0.0,0.0,0.0
Vanuatu,2009,VUT,232740.0,,0.0,0.0,,,0.0,0.0,0.0,0.0,0.0,0.0
Vanuatu,2010,VUT,238256.0,,0.0,0.0,,,0.0,0.0,0.0,0.0,0.0,0.0
Vanuatu,2011,VUT,243483.0,,0.0,0.0,,,0.0,0.0,0.0,0.0,0.0,0.0
Vanuatu,2012,VUT,248894.0,,0.0,0.0,,,0.0,0.0,0.0,0.0,0.0,0.0
Vanuatu,2013,VUT,254495.0,,0.01,14.286,,,0.0,0.0,0.01,14.286,0.0,0.0
Vanuatu,2014,VUT,260247.0,,0.01,14.286,,,0.0,0.0,0.01,14.286,0.0,0.0
Vanuatu,2015,VUT,266115.0,,0.01,16.667,,,0.0,0.0,0.01,16.667,0.0,0.0
Vanuatu,2016,VUT,272097.0,,0.01,14.286,,,0.0,0.0,0.01,14.286,0.0,0.0
Vanuatu,2017,VUT,278518.0,,0.0,0.0,,,0.0,0.0,0.0,0.0,0.0,0.0
Vanuatu,2018,VUT,285273.0,,0.02,25.0,,,0.01,12.5,0.0,0.0,0.01,12.5
Vanuatu,2019,VUT,291995.0,,0.03,33.333,,,0.01,11.111,0.01,11.111,0.01,11.111
Vanuatu,2020,VUT,298867.0,,0.03,33.333,,,0.01,11.111,0.01,11.111,0.01,11.111
Vanuatu,2021,VUT,305882.0,,0.02,25.0,,,0.01,12.5,0.0,0.0,0.01,12.5
Vanuatu,2022,VUT,313061.0,,0.02,25.0,,,0.01,12.5,0.0,0.0,0.01,12.5
Vanuatu,2023,VUT,320422.0,,0.02,25.0,,,0.01,12.5,0.0,0.0,0.01,12.5
Venezuela,2000,VEN,24526707.0,330236189305.0,62.89,73.754,174.683,22.962,0.0,0.0,0.0,0.0,62.89,73.754
Venezuela,2001,VEN,24979934.0,343312598582.0,60.44,67.074,166.964,20.705,0.0,0.0,0.0,0.0,60.44,67.074
Venezuela,2002,VEN,25435674.0,314003719638.0,59.53,64.812,163.107,20.257,0.0,0.0,0.0,0.0,59.53,64.812
Venezuela,2003,VEN,25892710.0,291333920302.0,60.53,65.829,164.937,22.8,0.0,0.0,0.0,0.0,60.53,65.829
Venezuela,2004,VEN,26340843.0,346317458927.0,70.07,71.101,189.905,23.593,0.0,0.0,0.0,0.0,70.07,71.101
Venezuela,2005,VEN,26785797.0,383570387195.0,77.23,73.28,207.227,24.798,0.0,0.0,0.0,0.0,77.23,73.28
Venezuela,2006,VEN,27224691.0,423878563812.0,81.6,73.9,217.683,23.661,0.0,0.0,0.0,0.0,81.6,73.9
Venezuela,2007,VEN,27649369.0,462276737389.0,83.06,72.726,220.836,22.963,0.0,0.0,0.0,0.0,83.06,72.726
Venezuela,2008,VEN,28053694.0,488287068325.0,86.84,72.791,228.794,23.217,0.0,0.0,0.0,0.0,86.84,72.791
Venezuela,2009,VEN,28438296.0,474358611901.0,85.96,71.891,225.3,22.612,0.0,0.0,0.0,0.0,85.96,71.891
Venezuela,2010,VEN,28813101.0,477591738082.0,76.78,67.493,199.641,21.151,0.0,0.0,0.0,0.0,76.78,67.493
Venezuela,2011,VEN,29185220.0,502688619769.0,83.67,70.931,215.434,21.631,0.0,0.0,0.0,0.0,83.67,70.931
Venezuela,2012,VEN,29553829.0,530969916373.0,82.06,63.954,210.672,20.228,0.0,0.0,0.05,0.039,82.01,63.916
Venezuela,2013,VEN,29912195.0,538100828642.0,83.63,61.889,208.669,20.392,0.0,0.0,0.09,0.067,83.54,61.822
Venezuela,2014,VEN,30254080.0,517147151484.0,64.38,55.871,205.011,20.501,0.0,0.0,0.09,0.078,64.29,55.793
Venezuela,2015,VEN,30573968.0,484975458402.0,75.0,58.814,189.59,19.806,0.01,0.008,0.09,0.071,74.9,58.736
Venezuela,2016,VEN,30765719.0,402335647692.0,63.06,53.925,158.482,18.015,0.01,0.009,0.09,0.077,62.96,53.84
Venezuela,2017,VEN,30565331.0,339285602968.0,60.61,58.391,175.391,20.355,0.01,0.01,0.09,0.087,60.51,58.295
Venezuela,2018,VEN,29807591.0,272599019803.0,58.2,58.369,162.523,22.65,0.01,0.01,0.04,0.04,58.15,58.319
Venezuela,2019,VEN,28938096.0,197170883456.0,49.71,58.379,155.572,24.05,0.01,0.012,0.06,0.07,49.64,58.297
Venezuela,2020,VEN,28444080.0,138029481377.0,62.54,77.68,165.955,32.081,0.01,0.012,0.02,0.025,62.51,77.643
Venezuela,2021,VEN,28237830.0,138656126606.0,65.71,79.235,167.159,28.157,0.01,0.012,0.02,0.024,65.68,79.199
Venezuela,2022,VEN,28213015.0,149682062815.0,64.54,78.363,168.376,26.484,0.01,0.012,0.02,0.024,64.51,78.327
Venezuela,2023,VEN,28300861.0,,65.01,78.382,177.21,25.759,0.01,0.012,0.02,0.024,64.98,78.346
Vietnam,2000,VNM,77154016.0,220383060780.0,14.55,54.782,40.419,19.107,0.0,0.0,0.0,0.0,14.55,54.782
Vietnam,2001,VNM,77969357.0,234846323475.0,18.21,59.49,50.304,21.061,0.0,0.0,0.0,0.0,18.21,59.49
Vietnam,2002,VNM,78772227.0,250683369279.0,18.2,50.838,49.858,19.066,0.0,0.0,0.0,0.0,18.2,50.838
Vietnam,2003,VNM,79563778.0,268202912195.0,18.99,46.396,51.733,18.345,0.0,0.0,0.0,0.0,18.99,46.396
Vietnam,2004,VNM,80338977.0,288148996981.0,17.82,38.571,48.287,14.008,0.0,0.0,0.0,0.0,17.82,38.571
Vietnam,2005,VNM,81088309.0,308988652738.0,16.58,31.836,44.605,12.158,0.0,0.0,0.0,0.0,16.53,31.74
Vietnam,2006,VNM,82167901.0,329425429734.0,19.77,34.145,52.906,15.766,0.0,0.0,0.0,0.0,19.71,34.041
Vietnam,2007,VNM,83633374.0,351786434406.0,22.52,35.1,59.92,16.349,0.0,0.0,0.0,0.0,22.44,34.975
Vietnam,2008,VNM,85175789.0,370681828207.0,26.03,36.688,68.736,15.182,0.0,0.0,0.0,0.0,25.98,36.617
Vietnam,2009,VNM,86460023.0,389670892896.0,30.05,37.264,78.904,17.054,0.0,0.0,0.01,0.012,29.98,37.178
Vietnam,2010,VNM,87455148.0,413666257649.0,28.62,31.204,74.575,13.931,0.01,0.011,0.04,0.044,28.52,31.095
Vietnam,2011,VNM,88468315.0,438354712953.0,41.19,40.577,106.709,18.079,0.01,0.01,0.04,0.039,41.08,40.469
Vietnam,2012,VNM,89510355.0,462486159336.0,53.42,46.388,137.683,22.488,0.01,0.009,0.04,0.035,53.31,46.292
Vietnam,2013,VNM,90573103.0,488172621311.0,57.96,46.569,148.249,22.935,0.01,0.008,0.07,0.056,57.82,46.457
Vietnam,2014,VNM,91679582.0,519523061605.0,62.3,44.106,158.557,22.221,0.01,0.007,0.07,0.05,62.16,44.007
Vietnam,2015,VNM,92823254.0,555822142751.0,56.32,34.78,142.626,17.797,0.01,0.006,0.12,0.074,56.12,34.657
Vietnam,2016,VNM,94000115.0,593006635951.0,64.27,35.871,161.555,18.653,0.01,0.006,0.2,0.112,63.94,35.687
Vietnam,2017,VNM,95176978.0,634161327073.0,86.51,44.428,216.395,23.117,0.01,0.005,0.35,0.18,85.94,44.135
Vietnam,2018,VNM,96237319.0,681501440291.0,84.08,38.714,209.46,19.655,0.02,0.009,0.49,0.226,83.08,38.254
Vietnam,2019,VNM,97173778.0,731653148132.0,72.01,30.398,178.467,14.914,4.82,2.035,0.72,0.304,66.12,27.912
Vietnam,2020,VNM,98079196.0,752629620043.0,84.95,34.816,209.976,17.276,10.76,4.41,0.98,0.402,72.87,29.865
Vietnam,2021,VNM,98935101.0,771912038182.0,108.48,42.774,267.416,22.16,26.15,10.311,3.34,1.317,78.67,31.02
Vietnam,2022,VNM,99680656.0,833803909046.0,131.13,49.462,322.437,25.312,25.75,9.713,9.09,3.429,95.91,36.177
Vietnam,2023,VNM,100352189.0,,118.77,42.941,290.271,21.388,25.69,9.288,11.59,4.19,80.62,29.148
Vietnam,2024,VNM,100987685.0,,128.36,42.282,313.791,21.534,25.86,8.518,12.75,4.2,88.72,29.225
Western Sahara,2000,ESH,271946.0,,0.0,0.0,,,0.0,0.0,0.0,0.0,0.0,0.0
Western Sahara,2001,ESH,285197.0,,0.0,0.0,,,0.0,0.0,0.0,0.0,0.0,0.0
Western Sahara,2002,ESH,298468.0,,0.0,0.0,,,0.0,0.0,0.0,0.0,0.0,0.0
Western Sahara,2003,ESH,311791.0,,0.0,0.0,,,0.0,0.0,0.0,0.0,0.0,0.0
Western Sahara,2004,ESH,325197.0,,0.0,0.0,,,0.0,0.0,0.0,0.0,0.0,0.0
Western Sahara,2005,ESH,338704.0,,0.0,0.0,,,0.0,0.0,0.0,0.0,0.0,0.0
Western Sahara,2006,ESH,352658.0,,0.0,0.0,,,0.0,0.0,0.0,0.0,0.0,0.0
Western Sahara,2007,ESH,366874.0,,0.0,0.0,,,0.0,0.0,0.0,0.0,0.0,0.0
Western Sahara,2008,ESH,380834.0,,0.0,0.0,,,0.0,0.0,0.0,0.0,0.0,0.0
Western Sahara,2009,ESH,394959.0,,0.0,0.0,,,0.0,0.0,0.0,0.0,0.0,0.0
Yemen,2000,YEM,19624139.0,72599512561.0,0.0,0.0,,,0.0,0.0,0.0,0.0,0.0,0.0
Yemen,2001,YEM,20226146.0,75472904917.0,0.0,0.0,,,0.0,0.0,0.0,0.0,0.0,0.0
Yemen,2002,YEM,20835092.0,78586481705.0,0.0,0.0,,,0.0,0.0,0.0,0.0,0.0,0.0
Yemen,2003,YEM,21456379.0,81575438214.0,0.0,0.0,,,0.0,0.0,0.0,0.0,0.0,0.0
Yemen,2004,YEM,22095161.0,84847429283.0,0.0,0.0,,,0.0,0.0,0.0,0.0,0.0,0.0
Yemen,2005,YEM,22790082.0,89711703960.0,0.0,0.0,,,0.0,0.0,0.0,0.0,0.0,0.0
Yemen,2006,YEM,23543090.0,92691658274.0,0.0,0.0,,,0.0,0.0,0.0,0.0,0.0,0.0
Yemen,2007,YEM,24318090.0,95906720954.0,0.0,0.0,,,0.0,0.0,0.0,0.0,0.0,0.0
Yemen,2008,YEM,25111941.0,99520984206.0,0.0,0.0,,,0.0,0.0,0.0,0.0,0.0,0.0
Yemen,2009,YEM,25927723.0,103506292712.0,0.0,0.0,,,0.0,0.0,0.0,0.0,0.0,0.0
Yemen,2010,YEM,26754383.0,111622920604.0,0.0,0.0,,,0.0,0.0,0.0,0.0,0.0,0.0
Yemen,2011,YEM,27582902.0,97623324312.0,0.0,0.0,,,0.0,0.0,0.0,0.0,0.0,0.0
Yemen,2012,YEM,28433655.0,99959450246.0,0.0,0.0,,,0.0,0.0,0.0,0.0,0.0,0.0
Yemen,2013,YEM,29312955.0,104781489392.0,0.0,0.0,,,0.0,0.0,0.0,0.0,0.0,0.0
Yemen,2014,YEM,30226311.0,104583458743.0,0.01,0.131,,,0.01,0.131,0.0,0.0,0.0,0.0
Yemen,2015,YEM,31159378.0,75305316956.0,0.12,2.083,,,0.12,2.083,0.0,0.0,0.0,0.0
Yemen,2016,YEM,32109023.0,68245442015.0,0.16,3.326,,,0.16,3.326,0.0,0.0,0.0,0.0
Yemen,2017,YEM,33090923.0,64784033932.0,0.19,4.691,,,0.19,4.691,0.0,0.0,0.0,0.0
Yemen,2018,YEM,34085181.0,65271212493.0,0.48,13.754,,,0.48,13.754,0.0,0.0,0.0,0.0
Yemen,2019,YEM,35111416.0,66185009341.0,0.48,14.634,,,0.48,14.634,0.0,0.0,0.0,0.0
Yemen,2020,YEM,36134867.0,60559285911.0,0.49,16.667,,,0.49,16.667,0.0,0.0,0.0,0.0
Yemen,2021,YEM,37140234.0,59953691816.0,0.5,17.123,,,0.5,17.123,0.0,0.0,0.0,0.0
Yemen,2022,YEM,38222878.0,60852995288.0,0.51,16.832,,,0.51,16.832,0.0,0.0,0.0,0.0
Yemen,2023,YEM,39390800.0,,0.52,16.938,,,0.52,16.938,0.0,0.0,0.0,0.0
Zambia,2000,ZMB,10017633.0,15211406947.0,7.67,99.481,,,0.0,0.0,0.0,0.0,7.67,99.481
Zambia,2001,ZMB,10325186.0,16519069217.0,7.89,99.37,,,0.0,0.0,0.0,0.0,7.89,99.37
Zambia,2002,ZMB,10647955.0,17827940431.0,8.1,99.265,,,0.0,0.0,0.0,0.0,8.1,99.265
Zambia,2003,ZMB,10983604.0,19691239689.0,8.26,99.279,,,0.0,0.0,0.0,0.0,8.26,99.279
Zambia,2004,ZMB,11338201.0,21770250951.0,8.46,99.412,,,0.0,0.0,0.0,0.0,8.46,99.412
Zambia,2005,ZMB,11718819.0,24119806314.0,8.88,99.329,,,0.0,0.0,0.0,0.0,8.88,99.329
Zambia,2006,ZMB,12129560.0,26908652008.0,9.67,99.897,,,0.0,0.0,0.0,0.0,9.67,99.897
Zambia,2007,ZMB,12565093.0,30152606854.0,9.63,99.896,,,0.0,0.0,0.0,0.0,9.63,99.896
Zambia,2008,ZMB,13021327.0,33594604263.0,9.52,99.895,,,0.0,0.0,0.0,0.0,9.52,99.895
Zambia,2009,ZMB,13490395.0,37919541851.0,9.88,99.899,,,0.0,0.0,0.0,0.0,9.88,99.899
Zambia,2010,ZMB,13965592.0,43221855090.0,10.44,99.904,,,0.0,0.0,0.0,0.0,10.44,99.904
Zambia,2011,ZMB,14437796.0,47143916201.0,11.48,99.913,,,0.0,0.0,0.0,0.0,11.48,99.913
Zambia,2012,ZMB,14913631.0,50725916750.0,12.35,99.838,,,0.0,0.0,0.0,0.0,12.35,99.838
Zambia,2013,ZMB,15399000.0,53291123090.0,13.28,99.85,,,0.0,0.0,0.0,0.0,13.28,99.85
Zambia,2014,ZMB,15895320.0,55794746119.0,14.11,97.176,,,0.0,0.0,0.0,0.0,14.04,96.694
Zambia,2015,ZMB,16399092.0,57423952993.0,13.11,97.039,,,0.0,0.0,0.0,0.0,13.04,96.521
Zambia,2016,ZMB,16914428.0,59592851316.0,11.1,94.308,,,0.0,0.0,0.0,0.0,11.02,93.628
Zambia,2017,ZMB,17441328.0,61680980857.0,12.57,86.332,,,0.0,0.0,0.0,0.0,12.49,85.783
Zambia,2018,ZMB,17973574.0,64169815579.0,13.78,84.644,,,0.0,0.0,0.0,0.0,13.71,84.214
Zambia,2019,ZMB,18513839.0,65094496543.0,12.52,84.652,,,0.12,0.811,0.0,0.0,12.33,83.367
Zambia,2020,ZMB,19059394.0,63281615083.0,13.02,85.489,,,0.15,0.985,0.0,0.0,12.79,83.979
Zambia,2021,ZMB,19603610.0,66191936884.0,16.3,91.986,,,0.15,0.847,0.0,0.0,16.07,90.688
Zambia,2022,ZMB,20152935.0,68469600029.0,17.31,88.906,,,0.14,0.719,0.0,0.0,17.09,87.776
Zambia,2023,ZMB,20723967.0,,17.32,89.003,,,0.15,0.771,0.0,0.0,17.09,87.821
Zimbabwe,2000,ZWE,11892055.0,26765004403.0,3.19,45.637,,,0.0,0.0,0.0,0.0,3.19,45.637
Zimbabwe,2001,ZWE,11971904.0,26781181341.0,2.96,37.468,,,0.0,0.0,0.0,0.0,2.96,37.468
Zimbabwe,2002,ZWE,12087661.0,24872482259.0,3.81,44.406,,,0.0,0.0,0.0,0.0,3.81,44.406
Zimbabwe,2003,ZWE,12232324.0,20952016540.0,5.34,60.751,,,0.0,0.0,0.0,0.0,5.34,60.751
Zimbabwe,2004,ZWE,12365901.0,19792844101.0,5.5,56.584,,,0.0,0.0,0.0,0.0,5.5,56.584
Zimbabwe,2005,ZWE,12483433.0,18444472497.0,4.91,52.457,,,0.0,0.0,0.0,0.0,4.91,52.457
Zimbabwe,2006,ZWE,12636442.0,18043000167.0,5.41,67.794,,,0.0,0.0,0.0,0.0,5.31,66.541
Zimbabwe,2007,ZWE,12804062.0,17769105175.0,5.44,71.579,,,0.0,0.0,0.0,0.0,5.38,70.789
Zimbabwe,2008,ZWE,12959154.0,15050245186.0,5.79,75.885,,,0.0,0.0,0.0,0.0,5.71,74.836
Zimbabwe,2009,ZWE,13142791.0,16275797005.0,5.52,75.72,,,0.0,0.0,0.0,0.0,5.46,74.897
Zimbabwe,2010,ZWE,13356551.0,17918418386.0,5.87,67.94,,,0.0,0.0,0.0,0.0,5.8,67.13
Zimbabwe,2011,ZWE,13595421.0,19554105000.0,5.29,57.688,,,0.0,0.0,0.0,0.0,5.2,56.707
Zimbabwe,2012,ZWE,13817887.0,22811427551.0,5.51,60.219,,,0.0,0.0,0.0,0.0,5.39,58.907
Zimbabwe,2013,ZWE,14013811.0,23261956135.0,5.13,53.774,,,0.0,0.0,0.0,0.0,5.0,52.411
Zimbabwe,2014,ZWE,14207367.0,23818844326.0,5.44,55.172,,,0.0,0.0,0.0,0.0,5.43,55.071
Zimbabwe,2015,ZWE,14399008.0,24246158745.0,5.04,52.555,,,0.01,0.104,0.0,0.0,4.99,52.033
Zimbabwe,2016,ZWE,14600297.0,24362052665.0,3.22,44.909,,,0.01,0.139,0.0,0.0,2.98,41.562
Zimbabwe,2017,ZWE,14812484.0,25576014023.0,4.13,54.702,,,0.01,0.132,0.0,0.0,3.97,52.583
Zimbabwe,2018,ZWE,15034457.0,26786271482.0,5.25,55.673,,,0.01,0.106,0.0,0.0,5.05,53.552
Zimbabwe,2019,ZWE,15271377.0,25146416205.0,4.38,51.651,,,0.02,0.236,0.0,0.0,4.17,49.175
Zimbabwe,2020,ZWE,15526887.0,23178707175.0,3.93,58.569,,,0.02,0.298,0.0,0.0,3.81,56.781
Zimbabwe,2021,ZWE,15797220.0,25140088767.0,6.06,70.712,,,0.02,0.233,0.0,0.0,5.93,69.195
Zimbabwe,2022,ZWE,16069061.0,25901585881.0,6.02,67.338,,,0.03,0.336,0.0,0.0,5.88,65.772
Zimbabwe,2023,ZWE,16340829.0,,5.61,67.509,,,0.03,0.361,0.0,0.0,5.46,65.704
